t,periodo,anio,mes,segmento,descripcion,canal,unidades,marca_propia,pct_diesel,pct_electrificado,pct_renting,cv_medio,n_marcas
1,A0010101,A001,1,B,Pequeño,ALQUILADORES,3182,0,0.737,0.0,,82.0,13
2,A0010201,A001,2,B,Pequeño,ALQUILADORES,9887,6,0.493,0.0,,78.0,18
3,A0010301,A001,3,B,Pequeño,ALQUILADORES,10734,22,0.49,0.0,,77.0,17
4,A0010401,A001,4,B,Pequeño,ALQUILADORES,5958,8,0.488,0.0,,76.0,17
5,A0010501,A001,5,B,Pequeño,ALQUILADORES,8597,0,0.391,0.0,,75.0,17
6,A0010601,A001,6,B,Pequeño,ALQUILADORES,10083,40,0.452,0.0,,81.0,18
7,A0010701,A001,7,B,Pequeño,ALQUILADORES,8130,18,0.361,0.0,,83.0,17
8,A0010801,A001,8,B,Pequeño,ALQUILADORES,758,0,0.323,0.0,,78.0,13
9,A0010901,A001,9,B,Pequeño,ALQUILADORES,335,3,0.615,0.0,,79.0,13
10,A0011001,A001,10,B,Pequeño,ALQUILADORES,778,7,0.201,0.0,,77.0,15
11,A0011101,A001,11,B,Pequeño,ALQUILADORES,471,1,0.325,0.0,,78.0,14
12,A0011201,A001,12,B,Pequeño,ALQUILADORES,1527,32,0.115,0.0,,82.0,15
13,A0020101,A002,1,B,Pequeño,ALQUILADORES,1226,0,0.572,0.0,,78.0,16
14,A0020201,A002,2,B,Pequeño,ALQUILADORES,1683,0,0.373,0.0,,82.0,13
15,A0020301,A002,3,B,Pequeño,ALQUILADORES,5935,0,0.515,0.0,,85.0,15
16,A0020401,A002,4,B,Pequeño,ALQUILADORES,2425,0,0.388,0.0,,78.0,14
17,A0020501,A002,5,B,Pequeño,ALQUILADORES,4817,0,0.262,0.0,,83.0,16
18,A0020601,A002,6,B,Pequeño,ALQUILADORES,5386,4,0.386,0.0,,84.0,19
19,A0020701,A002,7,B,Pequeño,ALQUILADORES,3259,1,0.45,0.0,,84.0,16
20,A0020801,A002,8,B,Pequeño,ALQUILADORES,272,2,0.482,0.0,,76.0,16
21,A0020901,A002,9,B,Pequeño,ALQUILADORES,249,0,0.863,0.0,,77.0,14
22,A0021001,A002,10,B,Pequeño,ALQUILADORES,639,0,0.405,0.0,,79.0,15
23,A0021101,A002,11,B,Pequeño,ALQUILADORES,1265,4,0.496,0.0,,77.0,17
24,A0021201,A002,12,B,Pequeño,ALQUILADORES,1311,0,0.336,0.0,,79.0,17
25,A0030101,A003,1,B,Pequeño,ALQUILADORES,2318,0,0.343,0.0,,76.0,16
26,A0030201,A003,2,B,Pequeño,ALQUILADORES,6411,0,0.351,0.0,,77.0,16
27,A0030301,A003,3,B,Pequeño,ALQUILADORES,10165,67,0.388,0.0,,80.0,18
28,A0030401,A003,4,B,Pequeño,ALQUILADORES,4501,1,0.513,0.0,,78.0,17
29,A0030501,A003,5,B,Pequeño,ALQUILADORES,8472,24,0.398,0.0,,78.0,16
30,A0030601,A003,6,B,Pequeño,ALQUILADORES,10104,15,0.359,0.0,,78.0,18
31,A0030701,A003,7,B,Pequeño,ALQUILADORES,4510,0,0.371,0.0,,82.0,16
32,A0030801,A003,8,B,Pequeño,ALQUILADORES,649,11,0.192,0.0,,79.0,16
33,A0030901,A003,9,B,Pequeño,ALQUILADORES,410,0,0.527,0.0,,79.0,14
34,A0031001,A003,10,B,Pequeño,ALQUILADORES,643,4,0.481,0.0,,79.0,17
35,A0031101,A003,11,B,Pequeño,ALQUILADORES,959,0,0.179,0.0,,83.0,15
36,A0031201,A003,12,B,Pequeño,ALQUILADORES,2136,0,0.102,0.0,,79.0,15
37,A0040101,A004,1,B,Pequeño,ALQUILADORES,1872,2,0.521,0.0,0.11,80.0,15
38,A0040201,A004,2,B,Pequeño,ALQUILADORES,5527,0,0.368,0.0,0.018,77.0,15
39,A0040301,A004,3,B,Pequeño,ALQUILADORES,9128,0,0.477,0.0,0.136,79.0,18
40,A0040401,A004,4,B,Pequeño,ALQUILADORES,8080,0,0.348,0.0,0.07,77.0,15
41,A0040501,A004,5,B,Pequeño,ALQUILADORES,9386,0,0.353,0.0,0.034,80.0,16
42,A0040601,A004,6,B,Pequeño,ALQUILADORES,7218,0,0.39,0.0,0.05,82.0,17
43,A0040701,A004,7,B,Pequeño,ALQUILADORES,5643,0,0.29,0.0,0.056,82.0,19
44,A0040801,A004,8,B,Pequeño,ALQUILADORES,703,0,0.07,0.0,0.0,75.0,16
45,A0040901,A004,9,B,Pequeño,ALQUILADORES,872,0,0.063,0.0,0.0,76.0,13
46,A0041001,A004,10,B,Pequeño,ALQUILADORES,900,0,0.095,0.0,0.0,83.0,17
47,A0041101,A004,11,B,Pequeño,ALQUILADORES,1568,0,0.112,0.0,0.027,89.0,17
48,A0041201,A004,12,B,Pequeño,ALQUILADORES,1609,0,0.167,0.0,0.004,83.0,20
49,A0050101,A005,1,B,Pequeño,ALQUILADORES,2507,0,0.345,0.0,0.0,73.0,16
50,A0050201,A005,2,B,Pequeño,ALQUILADORES,4701,0,0.326,0.0,0.076,77.0,14
51,A0050301,A005,3,B,Pequeño,ALQUILADORES,12118,0,0.299,0.0,0.011,78.0,19
52,A0050401,A005,4,B,Pequeño,ALQUILADORES,4753,0,0.318,0.0,0.0,78.0,18
53,A0050501,A005,5,B,Pequeño,ALQUILADORES,7586,0,0.349,0.0,0.178,80.0,19
54,A0050601,A005,6,B,Pequeño,ALQUILADORES,7285,0,0.449,0.0,0.032,83.0,18
55,A0050701,A005,7,B,Pequeño,ALQUILADORES,3461,0,0.243,0.0,0.118,82.0,18
56,A0050801,A005,8,B,Pequeño,ALQUILADORES,602,0,0.201,0.0,0.1,83.0,14
57,A0050901,A005,9,B,Pequeño,ALQUILADORES,432,0,0.169,0.0,0.158,81.0,16
58,A0051001,A005,10,B,Pequeño,ALQUILADORES,1009,0,0.297,0.0,0.045,88.0,14
59,A0051101,A005,11,B,Pequeño,ALQUILADORES,827,9,0.227,0.0,0.0,87.0,15
60,A0051201,A005,12,B,Pequeño,ALQUILADORES,2976,0,0.429,0.0,0.547,82.0,15
61,A0060101,A006,1,B,Pequeño,ALQUILADORES,986,9,0.422,0.0,0.029,86.0,13
62,A0060201,A006,2,B,Pequeño,ALQUILADORES,5276,9,0.367,0.0,0.244,81.0,14
63,A0060301,A006,3,B,Pequeño,ALQUILADORES,10053,2,0.283,0.0,0.261,82.0,16
64,A0060401,A006,4,B,Pequeño,ALQUILADORES,6659,0,0.359,0.0,0.451,84.0,15
65,A0060501,A006,5,B,Pequeño,ALQUILADORES,8033,0,0.261,0.0,0.183,85.0,16
66,A0060601,A006,6,B,Pequeño,ALQUILADORES,7665,0,0.436,0.0,0.274,86.0,18
67,A0060701,A006,7,B,Pequeño,ALQUILADORES,4711,0,0.38,0.0,0.316,86.0,17
68,A0060801,A006,8,B,Pequeño,ALQUILADORES,137,0,0.277,0.0,0.19,84.0,10
69,A0060901,A006,9,B,Pequeño,ALQUILADORES,610,0,0.131,0.0,0.111,84.0,12
70,A0061001,A006,10,B,Pequeño,ALQUILADORES,1269,43,0.331,0.0,0.109,86.0,15
71,A0061101,A006,11,B,Pequeño,ALQUILADORES,954,0,0.293,0.0,0.002,90.0,14
72,A0061201,A006,12,B,Pequeño,ALQUILADORES,1470,0,0.171,0.0,0.001,89.0,17
73,A0070101,A007,1,B,Pequeño,ALQUILADORES,1462,0,0.343,0.0,0.162,84.0,12
74,A0070201,A007,2,B,Pequeño,ALQUILADORES,4393,0,0.272,0.0,0.217,88.0,14
75,A0070301,A007,3,B,Pequeño,ALQUILADORES,7733,0,0.354,0.0,0.221,85.0,16
76,A0070401,A007,4,B,Pequeño,ALQUILADORES,10425,0,0.36,0.0,0.311,87.0,18
77,A0070501,A007,5,B,Pequeño,ALQUILADORES,8052,0,0.381,0.0,0.313,86.0,17
78,A0070601,A007,6,B,Pequeño,ALQUILADORES,10742,0,0.351,0.0,0.227,85.0,17
79,A0070701,A007,7,B,Pequeño,ALQUILADORES,4955,0,0.359,0.0,0.219,86.0,17
80,A0070801,A007,8,B,Pequeño,ALQUILADORES,750,0,0.595,0.0,0.228,87.0,13
81,A0070901,A007,9,B,Pequeño,ALQUILADORES,1305,40,0.485,0.0,0.037,89.0,12
82,A0071001,A007,10,B,Pequeño,ALQUILADORES,1729,0,0.2,0.0,0.016,86.0,13
83,A0071101,A007,11,B,Pequeño,ALQUILADORES,1365,0,0.19,0.0,0.006,90.0,13
84,A0071201,A007,12,B,Pequeño,ALQUILADORES,1512,0,0.168,0.0,0.22,88.0,18
85,A0080101,A008,1,B,Pequeño,ALQUILADORES,2315,0,0.427,0.001,0.263,90.0,16
86,A0080201,A008,2,B,Pequeño,ALQUILADORES,6823,0,0.427,0.001,0.457,89.0,15
87,A0080301,A008,3,B,Pequeño,ALQUILADORES,11639,0,0.363,0.002,0.31,86.0,19
88,A0080401,A008,4,B,Pequeño,ALQUILADORES,5113,0,0.33,0.0,0.193,87.0,18
89,A0080501,A008,5,B,Pequeño,ALQUILADORES,7865,0,0.251,0.0,0.178,86.0,19
90,A0080601,A008,6,B,Pequeño,ALQUILADORES,10469,0,0.316,0.0,0.189,84.0,19
91,A0080701,A008,7,B,Pequeño,ALQUILADORES,4621,0,0.196,0.0,0.16,86.0,17
92,A0080801,A008,8,B,Pequeño,ALQUILADORES,477,0,0.281,0.0,0.023,87.0,13
93,A0080901,A008,9,B,Pequeño,ALQUILADORES,1137,0,0.253,0.0,0.199,88.0,16
94,A0081001,A008,10,B,Pequeño,ALQUILADORES,1813,0,0.365,0.001,0.03,89.0,15
95,A0081101,A008,11,B,Pequeño,ALQUILADORES,1660,0,0.311,0.0,0.181,90.0,11
96,A0081201,A008,12,B,Pequeño,ALQUILADORES,2137,0,0.29,0.0,0.08,87.0,19
97,A0090101,A009,1,B,Pequeño,ALQUILADORES,1953,0,0.149,0.0,0.431,86.0,14
98,A0090201,A009,2,B,Pequeño,ALQUILADORES,7369,0,0.251,0.0,0.352,88.0,19
99,A0090301,A009,3,B,Pequeño,ALQUILADORES,10077,0,0.257,0.008,0.336,84.0,19
100,A0090401,A009,4,B,Pequeño,ALQUILADORES,6201,0,0.189,0.0,0.253,85.0,19
101,A0090501,A009,5,B,Pequeño,ALQUILADORES,10124,0,0.227,0.001,0.144,87.0,18
102,A0090601,A009,6,B,Pequeño,ALQUILADORES,12584,2,0.187,0.0,0.226,85.0,18
103,A0090701,A009,7,B,Pequeño,ALQUILADORES,4645,0,0.312,0.0,0.178,90.0,17
104,A0090801,A009,8,B,Pequeño,ALQUILADORES,561,0,0.211,0.004,0.155,90.0,15
105,A0090901,A009,9,B,Pequeño,ALQUILADORES,1988,0,0.283,0.001,0.277,95.0,16
106,A0091001,A009,10,B,Pequeño,ALQUILADORES,2303,4,0.168,0.0,0.161,90.0,18
107,A0091101,A009,11,B,Pequeño,ALQUILADORES,1871,0,0.189,0.008,0.108,88.0,16
108,A0091201,A009,12,B,Pequeño,ALQUILADORES,2207,0,0.179,0.0,0.266,86.0,16
109,A0100101,A010,1,B,Pequeño,ALQUILADORES,2565,0,0.209,0.0,0.361,91.0,19
110,A0100201,A010,2,B,Pequeño,ALQUILADORES,7291,0,0.233,0.021,0.462,91.0,15
111,A0100301,A010,3,B,Pequeño,ALQUILADORES,11858,0,0.157,0.0,0.297,86.0,17
112,A0100401,A010,4,B,Pequeño,ALQUILADORES,9664,0,0.142,0.004,0.306,89.0,16
113,A0100501,A010,5,B,Pequeño,ALQUILADORES,10139,5,0.207,0.0,0.271,87.0,18
114,A0100601,A010,6,B,Pequeño,ALQUILADORES,10171,0,0.145,0.016,0.244,87.0,17
115,A0100701,A010,7,B,Pequeño,ALQUILADORES,4493,0,0.152,0.0,0.161,89.0,18
116,A0100801,A010,8,B,Pequeño,ALQUILADORES,488,5,0.155,0.0,0.089,93.0,14
117,A0100901,A010,9,B,Pequeño,ALQUILADORES,1172,0,0.186,0.0,0.35,88.0,14
118,A0101001,A010,10,B,Pequeño,ALQUILADORES,1520,0,0.249,0.0,0.247,91.0,16
119,A0101101,A010,11,B,Pequeño,ALQUILADORES,1914,0,0.141,0.0,0.25,92.0,17
120,A0101201,A010,12,B,Pequeño,ALQUILADORES,2445,8,0.177,0.0,0.36,89.0,17
121,A0110101,A011,1,B,Pequeño,ALQUILADORES,2106,20,0.135,0.014,0.353,88.0,18
122,A0110201,A011,2,B,Pequeño,ALQUILADORES,8066,0,0.076,0.009,0.403,84.0,17
123,A0110301,A011,3,B,Pequeño,ALQUILADORES,11482,9,0.078,0.0,0.206,88.0,17
124,A0110401,A011,4,B,Pequeño,ALQUILADORES,9583,0,0.091,0.012,0.279,87.0,20
125,A0110501,A011,5,B,Pequeño,ALQUILADORES,8825,83,0.071,0.003,0.142,89.0,20
126,A0110601,A011,6,B,Pequeño,ALQUILADORES,10997,22,0.048,0.025,0.164,87.0,19
127,A0110701,A011,7,B,Pequeño,ALQUILADORES,4584,0,0.1,0.017,0.207,92.0,17
128,A0110801,A011,8,B,Pequeño,ALQUILADORES,1266,0,0.15,0.0,0.451,88.0,16
129,A0110901,A011,9,B,Pequeño,ALQUILADORES,727,0,0.078,0.034,0.151,101.0,12
130,A0111001,A011,10,B,Pequeño,ALQUILADORES,1184,0,0.113,0.0,0.158,93.0,16
131,A0111101,A011,11,B,Pequeño,ALQUILADORES,1443,0,0.065,0.0,0.281,95.0,17
132,A0111201,A011,12,B,Pequeño,ALQUILADORES,3250,0,0.076,0.008,0.361,89.0,17
133,A0120101,A012,1,B,Pequeño,ALQUILADORES,2955,0,0.004,0.0,0.465,86.0,16
134,A0120201,A012,2,B,Pequeño,ALQUILADORES,3322,0,0.063,0.009,0.451,90.0,17
135,A0120301,A012,3,B,Pequeño,ALQUILADORES,7714,0,0.054,0.004,0.26,89.0,17
136,A0120401,A012,4,B,Pequeño,ALQUILADORES,8558,0,0.038,0.006,0.182,89.0,15
137,A0120501,A012,5,B,Pequeño,ALQUILADORES,7142,25,0.125,0.0,0.163,92.0,17
138,A0120601,A012,6,B,Pequeño,ALQUILADORES,9197,65,0.072,0.0,0.301,91.0,16
139,A0120701,A012,7,B,Pequeño,ALQUILADORES,4706,0,0.093,0.009,0.282,92.0,18
140,A0120801,A012,8,B,Pequeño,ALQUILADORES,1104,0,0.071,0.0,0.124,93.0,15
141,A0120901,A012,9,B,Pequeño,ALQUILADORES,1440,0,0.094,0.032,0.493,89.0,16
142,A0121001,A012,10,B,Pequeño,ALQUILADORES,1395,0,0.077,0.013,0.136,91.0,14
143,A0121101,A012,11,B,Pequeño,ALQUILADORES,987,0,0.011,0.012,0.07,99.0,16
144,A0121201,A012,12,B,Pequeño,ALQUILADORES,3037,0,0.013,0.0,0.594,85.0,16
1,A0010101,A001,1,B,Pequeño,EMPRESAS_RENTING,6032,22,0.777,0.0,,81.0,18
2,A0010201,A001,2,B,Pequeño,EMPRESAS_RENTING,5991,17,0.782,0.0,,81.0,19
3,A0010301,A001,3,B,Pequeño,EMPRESAS_RENTING,6803,82,0.734,0.0,,79.0,18
4,A0010401,A001,4,B,Pequeño,EMPRESAS_RENTING,5578,61,0.772,0.0,,82.0,18
5,A0010501,A001,5,B,Pequeño,EMPRESAS_RENTING,5265,48,0.712,0.0,,82.0,19
6,A0010601,A001,6,B,Pequeño,EMPRESAS_RENTING,6547,90,0.741,0.0,,81.0,19
7,A0010701,A001,7,B,Pequeño,EMPRESAS_RENTING,6265,89,0.684,0.0,,81.0,20
8,A0010801,A001,8,B,Pequeño,EMPRESAS_RENTING,3816,97,0.7,0.0,,79.0,21
9,A0010901,A001,9,B,Pequeño,EMPRESAS_RENTING,4360,35,0.628,0.0,,83.0,20
10,A0011001,A001,10,B,Pequeño,EMPRESAS_RENTING,4806,39,0.754,0.0,,82.0,20
11,A0011101,A001,11,B,Pequeño,EMPRESAS_RENTING,3684,28,0.719,0.0,,83.0,21
12,A0011201,A001,12,B,Pequeño,EMPRESAS_RENTING,2869,31,0.69,0.0,,83.0,20
13,A0020101,A002,1,B,Pequeño,EMPRESAS_RENTING,2171,32,0.788,0.0,,83.0,20
14,A0020201,A002,2,B,Pequeño,EMPRESAS_RENTING,2318,15,0.623,0.0,,84.0,20
15,A0020301,A002,3,B,Pequeño,EMPRESAS_RENTING,3489,16,0.677,0.0,,81.0,19
16,A0020401,A002,4,B,Pequeño,EMPRESAS_RENTING,2751,28,0.658,0.0,,82.0,19
17,A0020501,A002,5,B,Pequeño,EMPRESAS_RENTING,2265,36,0.645,0.0,,82.0,19
18,A0020601,A002,6,B,Pequeño,EMPRESAS_RENTING,2751,37,0.704,0.0,,83.0,21
19,A0020701,A002,7,B,Pequeño,EMPRESAS_RENTING,2948,29,0.671,0.0,,83.0,20
20,A0020801,A002,8,B,Pequeño,EMPRESAS_RENTING,1894,12,0.685,0.0,,80.0,20
21,A0020901,A002,9,B,Pequeño,EMPRESAS_RENTING,2126,11,0.699,0.0,,81.0,20
22,A0021001,A002,10,B,Pequeño,EMPRESAS_RENTING,2810,8,0.707,0.0,,83.0,20
23,A0021101,A002,11,B,Pequeño,EMPRESAS_RENTING,3122,18,0.727,0.0,,83.0,19
24,A0021201,A002,12,B,Pequeño,EMPRESAS_RENTING,2751,20,0.678,0.0,,80.0,20
25,A0030101,A003,1,B,Pequeño,EMPRESAS_RENTING,2668,15,0.705,0.0,,81.0,20
26,A0030201,A003,2,B,Pequeño,EMPRESAS_RENTING,3550,18,0.685,0.0,,85.0,20
27,A0030301,A003,3,B,Pequeño,EMPRESAS_RENTING,5102,16,0.777,0.0,,80.0,20
28,A0030401,A003,4,B,Pequeño,EMPRESAS_RENTING,3143,13,0.73,0.0,,80.0,21
29,A0030501,A003,5,B,Pequeño,EMPRESAS_RENTING,3180,3,0.789,0.0,,80.0,20
30,A0030601,A003,6,B,Pequeño,EMPRESAS_RENTING,6628,17,0.664,0.0,,79.0,20
31,A0030701,A003,7,B,Pequeño,EMPRESAS_RENTING,4627,9,0.678,0.0,,80.0,19
32,A0030801,A003,8,B,Pequeño,EMPRESAS_RENTING,2166,5,0.585,0.0,,80.0,20
33,A0030901,A003,9,B,Pequeño,EMPRESAS_RENTING,3176,6,0.739,0.0,,82.0,19
34,A0031001,A003,10,B,Pequeño,EMPRESAS_RENTING,3278,2,0.718,0.0,,81.0,21
35,A0031101,A003,11,B,Pequeño,EMPRESAS_RENTING,4017,0,0.601,0.0,,81.0,20
36,A0031201,A003,12,B,Pequeño,EMPRESAS_RENTING,3479,3,0.683,0.0,,80.0,20
37,A0040101,A004,1,B,Pequeño,EMPRESAS_RENTING,3595,1,0.702,0.0,0.225,80.0,19
38,A0040201,A004,2,B,Pequeño,EMPRESAS_RENTING,3254,3,0.733,0.0,0.265,81.0,20
39,A0040301,A004,3,B,Pequeño,EMPRESAS_RENTING,3622,35,0.725,0.0,0.293,81.0,20
40,A0040401,A004,4,B,Pequeño,EMPRESAS_RENTING,3533,7,0.617,0.0,0.342,81.0,19
41,A0040501,A004,5,B,Pequeño,EMPRESAS_RENTING,3659,4,0.702,0.0,0.333,82.0,20
42,A0040601,A004,6,B,Pequeño,EMPRESAS_RENTING,4853,4,0.6,0.0,0.478,81.0,20
43,A0040701,A004,7,B,Pequeño,EMPRESAS_RENTING,3476,5,0.671,0.0,0.329,82.0,20
44,A0040801,A004,8,B,Pequeño,EMPRESAS_RENTING,3270,1,0.644,0.0,0.199,82.0,20
45,A0040901,A004,9,B,Pequeño,EMPRESAS_RENTING,3904,1,0.634,0.0,0.291,82.0,20
46,A0041001,A004,10,B,Pequeño,EMPRESAS_RENTING,4009,2,0.699,0.0,0.322,82.0,20
47,A0041101,A004,11,B,Pequeño,EMPRESAS_RENTING,3237,1,0.666,0.0,0.305,81.0,20
48,A0041201,A004,12,B,Pequeño,EMPRESAS_RENTING,4325,2,0.657,0.0,0.278,81.0,21
49,A0050101,A005,1,B,Pequeño,EMPRESAS_RENTING,2465,1,0.619,0.0,0.208,82.0,20
50,A0050201,A005,2,B,Pequeño,EMPRESAS_RENTING,2739,0,0.677,0.0,0.274,82.0,19
51,A0050301,A005,3,B,Pequeño,EMPRESAS_RENTING,3637,3,0.692,0.0,0.244,83.0,19
52,A0050401,A005,4,B,Pequeño,EMPRESAS_RENTING,3848,1,0.668,0.0,0.233,83.0,20
53,A0050501,A005,5,B,Pequeño,EMPRESAS_RENTING,2750,5,0.682,0.003,0.33,81.0,20
54,A0050601,A005,6,B,Pequeño,EMPRESAS_RENTING,3141,3,0.719,0.021,0.372,81.0,20
55,A0050701,A005,7,B,Pequeño,EMPRESAS_RENTING,3288,2,0.682,0.012,0.355,81.0,20
56,A0050801,A005,8,B,Pequeño,EMPRESAS_RENTING,1773,2,0.691,0.01,0.263,83.0,20
57,A0050901,A005,9,B,Pequeño,EMPRESAS_RENTING,2587,1,0.715,0.012,0.268,82.0,20
58,A0051001,A005,10,B,Pequeño,EMPRESAS_RENTING,2817,1,0.737,0.009,0.318,83.0,20
59,A0051101,A005,11,B,Pequeño,EMPRESAS_RENTING,2609,2,0.685,0.005,0.327,81.0,20
60,A0051201,A005,12,B,Pequeño,EMPRESAS_RENTING,2436,3,0.618,0.002,0.269,85.0,20
61,A0060101,A006,1,B,Pequeño,EMPRESAS_RENTING,1957,15,0.731,0.014,0.297,83.0,20
62,A0060201,A006,2,B,Pequeño,EMPRESAS_RENTING,1754,17,0.699,0.012,0.339,85.0,20
63,A0060301,A006,3,B,Pequeño,EMPRESAS_RENTING,2051,2,0.65,0.008,0.299,85.0,20
64,A0060401,A006,4,B,Pequeño,EMPRESAS_RENTING,2046,2,0.71,0.019,0.313,84.0,20
65,A0060501,A006,5,B,Pequeño,EMPRESAS_RENTING,2185,0,0.719,0.018,0.324,84.0,19
66,A0060601,A006,6,B,Pequeño,EMPRESAS_RENTING,2266,30,0.717,0.011,0.374,82.0,19
67,A0060701,A006,7,B,Pequeño,EMPRESAS_RENTING,2607,1,0.749,0.009,0.508,81.0,20
68,A0060801,A006,8,B,Pequeño,EMPRESAS_RENTING,1608,2,0.723,0.012,0.447,83.0,20
69,A0060901,A006,9,B,Pequeño,EMPRESAS_RENTING,1911,2,0.639,0.013,0.29,83.0,19
70,A0061001,A006,10,B,Pequeño,EMPRESAS_RENTING,2537,4,0.71,0.022,0.371,88.0,20
71,A0061101,A006,11,B,Pequeño,EMPRESAS_RENTING,2273,1,0.715,0.01,0.402,85.0,20
72,A0061201,A006,12,B,Pequeño,EMPRESAS_RENTING,2403,0,0.713,0.007,0.254,84.0,20
73,A0070101,A007,1,B,Pequeño,EMPRESAS_RENTING,1803,1,0.687,0.009,0.336,82.0,21
74,A0070201,A007,2,B,Pequeño,EMPRESAS_RENTING,2135,2,0.721,0.008,0.404,83.0,20
75,A0070301,A007,3,B,Pequeño,EMPRESAS_RENTING,3081,2,0.573,0.007,0.303,82.0,20
76,A0070401,A007,4,B,Pequeño,EMPRESAS_RENTING,2794,3,0.701,0.012,0.361,81.0,20
77,A0070501,A007,5,B,Pequeño,EMPRESAS_RENTING,2880,2,0.653,0.009,0.37,82.0,19
78,A0070601,A007,6,B,Pequeño,EMPRESAS_RENTING,2843,1,0.753,0.013,0.437,81.0,20
79,A0070701,A007,7,B,Pequeño,EMPRESAS_RENTING,2828,1,0.688,0.014,0.454,83.0,19
80,A0070801,A007,8,B,Pequeño,EMPRESAS_RENTING,1937,1,0.732,0.005,0.442,82.0,19
81,A0070901,A007,9,B,Pequeño,EMPRESAS_RENTING,2770,3,0.717,0.045,0.428,82.0,20
82,A0071001,A007,10,B,Pequeño,EMPRESAS_RENTING,3173,3,0.721,0.011,0.379,83.0,21
83,A0071101,A007,11,B,Pequeño,EMPRESAS_RENTING,2933,0,0.694,0.018,0.494,81.0,20
84,A0071201,A007,12,B,Pequeño,EMPRESAS_RENTING,2819,1,0.684,0.018,0.398,82.0,21
85,A0080101,A008,1,B,Pequeño,EMPRESAS_RENTING,2720,1,0.726,0.018,0.424,85.0,21
86,A0080201,A008,2,B,Pequeño,EMPRESAS_RENTING,2770,0,0.732,0.018,0.343,83.0,21
87,A0080301,A008,3,B,Pequeño,EMPRESAS_RENTING,3898,52,0.723,0.017,0.332,83.0,20
88,A0080401,A008,4,B,Pequeño,EMPRESAS_RENTING,4316,19,0.652,0.013,0.32,81.0,21
89,A0080501,A008,5,B,Pequeño,EMPRESAS_RENTING,3478,7,0.679,0.019,0.32,82.0,21
90,A0080601,A008,6,B,Pequeño,EMPRESAS_RENTING,4839,11,0.635,0.015,0.327,84.0,21
91,A0080701,A008,7,B,Pequeño,EMPRESAS_RENTING,3598,25,0.672,0.027,0.344,83.0,20
92,A0080801,A008,8,B,Pequeño,EMPRESAS_RENTING,3047,16,0.547,0.015,0.254,82.0,21
93,A0080901,A008,9,B,Pequeño,EMPRESAS_RENTING,3421,10,0.667,0.021,0.319,83.0,21
94,A0081001,A008,10,B,Pequeño,EMPRESAS_RENTING,3509,44,0.621,0.027,0.349,85.0,22
95,A0081101,A008,11,B,Pequeño,EMPRESAS_RENTING,3201,16,0.616,0.028,0.364,84.0,22
96,A0081201,A008,12,B,Pequeño,EMPRESAS_RENTING,3459,6,0.597,0.018,0.346,84.0,22
97,A0090101,A009,1,B,Pequeño,EMPRESAS_RENTING,2897,12,0.575,0.057,0.366,84.0,21
98,A0090201,A009,2,B,Pequeño,EMPRESAS_RENTING,3348,38,0.617,0.025,0.38,85.0,21
99,A0090301,A009,3,B,Pequeño,EMPRESAS_RENTING,3866,50,0.499,0.051,0.305,86.0,21
100,A0090401,A009,4,B,Pequeño,EMPRESAS_RENTING,4070,9,0.642,0.022,0.374,84.0,21
101,A0090501,A009,5,B,Pequeño,EMPRESAS_RENTING,3849,17,0.625,0.035,0.379,83.0,21
102,A0090601,A009,6,B,Pequeño,EMPRESAS_RENTING,4093,38,0.59,0.035,0.359,86.0,20
103,A0090701,A009,7,B,Pequeño,EMPRESAS_RENTING,3540,22,0.619,0.033,0.435,85.0,21
104,A0090801,A009,8,B,Pequeño,EMPRESAS_RENTING,2819,12,0.635,0.03,0.321,84.0,21
105,A0090901,A009,9,B,Pequeño,EMPRESAS_RENTING,3633,10,0.524,0.021,0.347,87.0,21
106,A0091001,A009,10,B,Pequeño,EMPRESAS_RENTING,4243,21,0.587,0.036,0.346,85.0,21
107,A0091101,A009,11,B,Pequeño,EMPRESAS_RENTING,4294,27,0.549,0.024,0.388,86.0,21
108,A0091201,A009,12,B,Pequeño,EMPRESAS_RENTING,5007,11,0.5,0.016,0.302,87.0,21
109,A0100101,A010,1,B,Pequeño,EMPRESAS_RENTING,3541,9,0.543,0.02,0.352,86.0,20
110,A0100201,A010,2,B,Pequeño,EMPRESAS_RENTING,3823,30,0.544,0.011,0.389,85.0,21
111,A0100301,A010,3,B,Pequeño,EMPRESAS_RENTING,5513,2,0.491,0.036,0.361,85.0,21
112,A0100401,A010,4,B,Pequeño,EMPRESAS_RENTING,4818,4,0.511,0.04,0.393,86.0,20
113,A0100501,A010,5,B,Pequeño,EMPRESAS_RENTING,4880,17,0.497,0.071,0.37,87.0,20
114,A0100601,A010,6,B,Pequeño,EMPRESAS_RENTING,6843,40,0.455,0.028,0.442,88.0,20
115,A0100701,A010,7,B,Pequeño,EMPRESAS_RENTING,5209,9,0.403,0.028,0.545,87.0,20
116,A0100801,A010,8,B,Pequeño,EMPRESAS_RENTING,2978,4,0.485,0.035,0.367,86.0,19
117,A0100901,A010,9,B,Pequeño,EMPRESAS_RENTING,3584,25,0.451,0.035,0.321,86.0,20
118,A0101001,A010,10,B,Pequeño,EMPRESAS_RENTING,5039,26,0.407,0.032,0.314,89.0,19
119,A0101101,A010,11,B,Pequeño,EMPRESAS_RENTING,4475,7,0.446,0.034,0.389,88.0,20
120,A0101201,A010,12,B,Pequeño,EMPRESAS_RENTING,4547,13,0.406,0.024,0.431,87.0,20
121,A0110101,A011,1,B,Pequeño,EMPRESAS_RENTING,4883,21,0.324,0.028,0.388,89.0,20
122,A0110201,A011,2,B,Pequeño,EMPRESAS_RENTING,4073,36,0.315,0.025,0.369,89.0,20
123,A0110301,A011,3,B,Pequeño,EMPRESAS_RENTING,5766,13,0.333,0.018,0.363,89.0,20
124,A0110401,A011,4,B,Pequeño,EMPRESAS_RENTING,4727,89,0.403,0.029,0.408,89.0,20
125,A0110501,A011,5,B,Pequeño,EMPRESAS_RENTING,5073,18,0.402,0.054,0.406,89.0,20
126,A0110601,A011,6,B,Pequeño,EMPRESAS_RENTING,5601,11,0.381,0.035,0.4,89.0,20
127,A0110701,A011,7,B,Pequeño,EMPRESAS_RENTING,5080,40,0.354,0.056,0.374,91.0,20
128,A0110801,A011,8,B,Pequeño,EMPRESAS_RENTING,4724,7,0.401,0.037,0.289,92.0,20
129,A0110901,A011,9,B,Pequeño,EMPRESAS_RENTING,3563,50,0.333,0.04,0.303,90.0,20
130,A0111001,A011,10,B,Pequeño,EMPRESAS_RENTING,4406,50,0.299,0.047,0.361,90.0,20
131,A0111101,A011,11,B,Pequeño,EMPRESAS_RENTING,4350,63,0.271,0.049,0.391,90.0,20
132,A0111201,A011,12,B,Pequeño,EMPRESAS_RENTING,5120,33,0.279,0.05,0.37,89.0,20
133,A0120101,A012,1,B,Pequeño,EMPRESAS_RENTING,4440,32,0.211,0.077,0.357,92.0,19
134,A0120201,A012,2,B,Pequeño,EMPRESAS_RENTING,4875,39,0.244,0.06,0.349,91.0,19
135,A0120301,A012,3,B,Pequeño,EMPRESAS_RENTING,5713,36,0.197,0.035,0.317,91.0,19
136,A0120401,A012,4,B,Pequeño,EMPRESAS_RENTING,6219,47,0.22,0.025,0.351,91.0,19
137,A0120501,A012,5,B,Pequeño,EMPRESAS_RENTING,5339,45,0.246,0.03,0.347,91.0,19
138,A0120601,A012,6,B,Pequeño,EMPRESAS_RENTING,6349,71,0.255,0.035,0.342,91.0,19
139,A0120701,A012,7,B,Pequeño,EMPRESAS_RENTING,5323,38,0.204,0.039,0.35,92.0,20
140,A0120801,A012,8,B,Pequeño,EMPRESAS_RENTING,4261,31,0.223,0.033,0.282,92.0,20
141,A0120901,A012,9,B,Pequeño,EMPRESAS_RENTING,4309,50,0.192,0.038,0.358,91.0,19
142,A0121001,A012,10,B,Pequeño,EMPRESAS_RENTING,4408,48,0.241,0.051,0.435,91.0,19
143,A0121101,A012,11,B,Pequeño,EMPRESAS_RENTING,4302,52,0.235,0.041,0.314,95.0,19
144,A0121201,A012,12,B,Pequeño,EMPRESAS_RENTING,4483,21,0.252,0.039,0.312,94.0,19
1,A0010101,A001,1,B,Pequeño,PARTICULARES,13035,229,0.574,0.0,,84.0,20
2,A0010201,A001,2,B,Pequeño,PARTICULARES,13886,212,0.558,0.0,,84.0,19
3,A0010301,A001,3,B,Pequeño,PARTICULARES,11891,227,0.526,0.0,,84.0,20
4,A0010401,A001,4,B,Pequeño,PARTICULARES,12669,277,0.467,0.0,,85.0,20
5,A0010501,A001,5,B,Pequeño,PARTICULARES,10621,199,0.438,0.0,,85.0,19
6,A0010601,A001,6,B,Pequeño,PARTICULARES,10085,238,0.43,0.0,,85.0,18
7,A0010701,A001,7,B,Pequeño,PARTICULARES,13136,245,0.423,0.0,,85.0,19
8,A0010801,A001,8,B,Pequeño,PARTICULARES,8106,160,0.427,0.0,,84.0,22
9,A0010901,A001,9,B,Pequeño,PARTICULARES,8936,218,0.419,0.0,,84.0,20
10,A0011001,A001,10,B,Pequeño,PARTICULARES,11974,390,0.424,0.0,,84.0,20
11,A0011101,A001,11,B,Pequeño,PARTICULARES,9307,240,0.44,0.0,,85.0,21
12,A0011201,A001,12,B,Pequeño,PARTICULARES,9856,193,0.477,0.0,,85.0,22
13,A0020101,A002,1,B,Pequeño,PARTICULARES,9116,151,0.54,0.0,,84.0,20
14,A0020201,A002,2,B,Pequeño,PARTICULARES,9707,134,0.552,0.0,,83.0,21
15,A0020301,A002,3,B,Pequeño,PARTICULARES,10664,172,0.527,0.0,,83.0,22
16,A0020401,A002,4,B,Pequeño,PARTICULARES,10548,217,0.544,0.0,,83.0,21
17,A0020501,A002,5,B,Pequeño,PARTICULARES,10598,162,0.503,0.0,,83.0,20
18,A0020601,A002,6,B,Pequeño,PARTICULARES,14919,220,0.472,0.0,,82.0,22
19,A0020701,A002,7,B,Pequeño,PARTICULARES,18535,270,0.499,0.0,,83.0,22
20,A0020801,A002,8,B,Pequeño,PARTICULARES,11918,182,0.497,0.0,,82.0,21
21,A0020901,A002,9,B,Pequeño,PARTICULARES,15145,150,0.454,0.0,,82.0,21
22,A0021001,A002,10,B,Pequeño,PARTICULARES,19738,129,0.449,0.0,,82.0,21
23,A0021101,A002,11,B,Pequeño,PARTICULARES,16155,121,0.432,0.0,,82.0,21
24,A0021201,A002,12,B,Pequeño,PARTICULARES,15843,170,0.472,0.0,,82.0,20
25,A0030101,A003,1,B,Pequeño,PARTICULARES,11747,110,0.424,0.0,,82.0,20
26,A0030201,A003,2,B,Pequeño,PARTICULARES,13970,134,0.443,0.0,,82.0,20
27,A0030301,A003,3,B,Pequeño,PARTICULARES,17743,210,0.464,0.0,,82.0,21
28,A0030401,A003,4,B,Pequeño,PARTICULARES,15622,140,0.45,0.0,,82.0,21
29,A0030501,A003,5,B,Pequeño,PARTICULARES,13093,162,0.422,0.0,,83.0,20
30,A0030601,A003,6,B,Pequeño,PARTICULARES,15179,128,0.451,0.0,,83.0,21
31,A0030701,A003,7,B,Pequeño,PARTICULARES,9251,76,0.455,0.0,,84.0,20
32,A0030801,A003,8,B,Pequeño,PARTICULARES,6816,40,0.442,0.0,,84.0,20
33,A0030901,A003,9,B,Pequeño,PARTICULARES,8793,85,0.451,0.0,,84.0,20
34,A0031001,A003,10,B,Pequeño,PARTICULARES,8095,86,0.454,0.0,,84.0,20
35,A0031101,A003,11,B,Pequeño,PARTICULARES,8227,80,0.437,0.0,,84.0,20
36,A0031201,A003,12,B,Pequeño,PARTICULARES,8086,69,0.477,0.0,,84.0,20
37,A0040101,A004,1,B,Pequeño,PARTICULARES,5009,48,0.402,0.0,0.0,84.0,21
38,A0040201,A004,2,B,Pequeño,PARTICULARES,5683,67,0.424,0.0,0.0,85.0,20
39,A0040301,A004,3,B,Pequeño,PARTICULARES,7007,94,0.406,0.0,0.0,84.0,20
40,A0040401,A004,4,B,Pequeño,PARTICULARES,5439,50,0.407,0.0,0.0,85.0,19
41,A0040501,A004,5,B,Pequeño,PARTICULARES,6543,51,0.394,0.0,0.0,84.0,20
42,A0040601,A004,6,B,Pequeño,PARTICULARES,7013,81,0.403,0.0,0.0,83.0,21
43,A0040701,A004,7,B,Pequeño,PARTICULARES,8195,33,0.396,0.0,0.0,83.0,20
44,A0040801,A004,8,B,Pequeño,PARTICULARES,6271,31,0.412,0.0,0.0,84.0,22
45,A0040901,A004,9,B,Pequeño,PARTICULARES,6968,33,0.387,0.0,0.0,84.0,21
46,A0041001,A004,10,B,Pequeño,PARTICULARES,6946,44,0.425,0.0,0.0,83.0,20
47,A0041101,A004,11,B,Pequeño,PARTICULARES,7494,63,0.414,0.0,0.0,83.0,20
48,A0041201,A004,12,B,Pequeño,PARTICULARES,8009,49,0.374,0.0,0.0,83.0,20
49,A0050101,A005,1,B,Pequeño,PARTICULARES,6132,20,0.362,0.0,0.0,83.0,20
50,A0050201,A005,2,B,Pequeño,PARTICULARES,7271,22,0.384,0.0,0.0,83.0,20
51,A0050301,A005,3,B,Pequeño,PARTICULARES,7381,60,0.371,0.0,0.0,82.0,20
52,A0050401,A005,4,B,Pequeño,PARTICULARES,5677,30,0.369,0.0,0.0,83.0,19
53,A0050501,A005,5,B,Pequeño,PARTICULARES,6297,13,0.419,0.0,0.0,83.0,20
54,A0050601,A005,6,B,Pequeño,PARTICULARES,6694,34,0.414,0.013,0.0,83.0,20
55,A0050701,A005,7,B,Pequeño,PARTICULARES,7570,26,0.392,0.023,0.0,82.0,20
56,A0050801,A005,8,B,Pequeño,PARTICULARES,7405,26,0.435,0.011,0.0,82.0,21
57,A0050901,A005,9,B,Pequeño,PARTICULARES,3833,30,0.394,0.028,0.0,83.0,20
58,A0051001,A005,10,B,Pequeño,PARTICULARES,6521,23,0.393,0.025,0.0,84.0,20
59,A0051101,A005,11,B,Pequeño,PARTICULARES,6563,22,0.408,0.012,0.0,84.0,20
60,A0051201,A005,12,B,Pequeño,PARTICULARES,8372,13,0.384,0.008,0.0,82.0,20
61,A0060101,A006,1,B,Pequeño,PARTICULARES,7691,10,0.369,0.025,0.0,83.0,20
62,A0060201,A006,2,B,Pequeño,PARTICULARES,7015,14,0.38,0.012,0.0,83.0,20
63,A0060301,A006,3,B,Pequeño,PARTICULARES,7460,8,0.38,0.009,0.0,83.0,20
64,A0060401,A006,4,B,Pequeño,PARTICULARES,7180,12,0.405,0.014,0.0,84.0,20
65,A0060501,A006,5,B,Pequeño,PARTICULARES,7799,17,0.4,0.013,0.0,84.0,20
66,A0060601,A006,6,B,Pequeño,PARTICULARES,9205,18,0.374,0.008,0.0,82.0,20
67,A0060701,A006,7,B,Pequeño,PARTICULARES,11133,40,0.371,0.01,0.0,83.0,20
68,A0060801,A006,8,B,Pequeño,PARTICULARES,7160,31,0.371,0.012,0.0,83.0,20
69,A0060901,A006,9,B,Pequeño,PARTICULARES,7181,29,0.383,0.014,0.0,84.0,20
70,A0061001,A006,10,B,Pequeño,PARTICULARES,9519,28,0.415,0.012,0.0,84.0,20
71,A0061101,A006,11,B,Pequeño,PARTICULARES,9360,34,0.36,0.011,0.0,84.0,20
72,A0061201,A006,12,B,Pequeño,PARTICULARES,10357,30,0.384,0.011,0.0,83.0,21
73,A0070101,A007,1,B,Pequeño,PARTICULARES,7793,20,0.382,0.013,0.0,83.0,20
74,A0070201,A007,2,B,Pequeño,PARTICULARES,9441,36,0.372,0.012,0.0,84.0,20
75,A0070301,A007,3,B,Pequeño,PARTICULARES,9060,36,0.362,0.012,0.0,84.0,20
76,A0070401,A007,4,B,Pequeño,PARTICULARES,8870,27,0.373,0.012,0.0,83.0,20
77,A0070501,A007,5,B,Pequeño,PARTICULARES,9643,33,0.351,0.014,0.0,84.0,20
78,A0070601,A007,6,B,Pequeño,PARTICULARES,8962,32,0.356,0.015,0.0,84.0,20
79,A0070701,A007,7,B,Pequeño,PARTICULARES,11940,24,0.342,0.012,0.0,84.0,20
80,A0070801,A007,8,B,Pequeño,PARTICULARES,7882,33,0.336,0.007,0.0,85.0,21
81,A0070901,A007,9,B,Pequeño,PARTICULARES,9390,31,0.335,0.008,0.0,86.0,21
82,A0071001,A007,10,B,Pequeño,PARTICULARES,12530,28,0.33,0.019,0.0,85.0,20
83,A0071101,A007,11,B,Pequeño,PARTICULARES,9217,32,0.309,0.035,0.0,85.0,21
84,A0071201,A007,12,B,Pequeño,PARTICULARES,10989,34,0.338,0.028,0.0,84.0,22
85,A0080101,A008,1,B,Pequeño,PARTICULARES,9020,13,0.321,0.036,0.0,84.0,22
86,A0080201,A008,2,B,Pequeño,PARTICULARES,10228,22,0.29,0.026,0.0,84.0,22
87,A0080301,A008,3,B,Pequeño,PARTICULARES,10959,27,0.262,0.026,0.0,85.0,22
88,A0080401,A008,4,B,Pequeño,PARTICULARES,10278,53,0.254,0.02,0.0,85.0,21
89,A0080501,A008,5,B,Pequeño,PARTICULARES,9897,64,0.266,0.027,0.0,85.0,22
90,A0080601,A008,6,B,Pequeño,PARTICULARES,11237,139,0.298,0.031,0.0,85.0,22
91,A0080701,A008,7,B,Pequeño,PARTICULARES,12363,130,0.305,0.024,0.0,85.0,22
92,A0080801,A008,8,B,Pequeño,PARTICULARES,8347,96,0.279,0.028,0.0,85.0,21
93,A0080901,A008,9,B,Pequeño,PARTICULARES,9786,100,0.247,0.028,0.0,85.0,21
94,A0081001,A008,10,B,Pequeño,PARTICULARES,11874,115,0.228,0.029,0.0,86.0,21
95,A0081101,A008,11,B,Pequeño,PARTICULARES,12268,107,0.243,0.031,0.0,86.0,21
96,A0081201,A008,12,B,Pequeño,PARTICULARES,12708,140,0.246,0.027,0.0,86.0,21
97,A0090101,A009,1,B,Pequeño,PARTICULARES,8842,122,0.26,0.034,0.0,86.0,21
98,A0090201,A009,2,B,Pequeño,PARTICULARES,10510,106,0.224,0.032,0.0,86.0,21
99,A0090301,A009,3,B,Pequeño,PARTICULARES,11467,100,0.225,0.027,0.0,87.0,21
100,A0090401,A009,4,B,Pequeño,PARTICULARES,11880,97,0.205,0.026,0.0,87.0,21
101,A0090501,A009,5,B,Pequeño,PARTICULARES,11288,111,0.208,0.03,0.0,87.0,21
102,A0090601,A009,6,B,Pequeño,PARTICULARES,13049,110,0.211,0.034,0.0,87.0,21
103,A0090701,A009,7,B,Pequeño,PARTICULARES,15456,125,0.196,0.031,0.0,87.0,21
104,A0090801,A009,8,B,Pequeño,PARTICULARES,10299,87,0.195,0.038,0.0,87.0,21
105,A0090901,A009,9,B,Pequeño,PARTICULARES,10199,98,0.201,0.037,0.0,87.0,21
106,A0091001,A009,10,B,Pequeño,PARTICULARES,10523,99,0.194,0.042,0.0,88.0,21
107,A0091101,A009,11,B,Pequeño,PARTICULARES,12045,94,0.176,0.034,0.0,88.0,21
108,A0091201,A009,12,B,Pequeño,PARTICULARES,11797,94,0.186,0.028,0.0,88.0,21
109,A0100101,A010,1,B,Pequeño,PARTICULARES,10322,78,0.18,0.041,0.0,88.0,21
110,A0100201,A010,2,B,Pequeño,PARTICULARES,10152,90,0.181,0.025,0.0,88.0,21
111,A0100301,A010,3,B,Pequeño,PARTICULARES,12308,99,0.164,0.038,0.0,88.0,20
112,A0100401,A010,4,B,Pequeño,PARTICULARES,9742,66,0.159,0.018,0.0,89.0,20
113,A0100501,A010,5,B,Pequeño,PARTICULARES,12625,83,0.155,0.067,0.0,88.0,20
114,A0100601,A010,6,B,Pequeño,PARTICULARES,12978,81,0.157,0.055,0.0,88.0,20
115,A0100701,A010,7,B,Pequeño,PARTICULARES,13298,112,0.159,0.053,0.0,88.0,20
116,A0100801,A010,8,B,Pequeño,PARTICULARES,10250,97,0.158,0.068,0.0,87.0,20
117,A0100901,A010,9,B,Pequeño,PARTICULARES,9638,112,0.163,0.051,0.0,88.0,20
118,A0101001,A010,10,B,Pequeño,PARTICULARES,11506,78,0.137,0.059,0.0,88.0,20
119,A0101101,A010,11,B,Pequeño,PARTICULARES,13520,96,0.122,0.051,0.0,89.0,20
120,A0101201,A010,12,B,Pequeño,PARTICULARES,12770,74,0.116,0.039,0.0,89.0,20
121,A0110101,A011,1,B,Pequeño,PARTICULARES,11215,85,0.114,0.048,0.0,90.0,20
122,A0110201,A011,2,B,Pequeño,PARTICULARES,11249,100,0.11,0.057,0.0,90.0,20
123,A0110301,A011,3,B,Pequeño,PARTICULARES,11465,127,0.103,0.051,0.0,90.0,20
124,A0110401,A011,4,B,Pequeño,PARTICULARES,11465,91,0.104,0.046,0.0,90.0,20
125,A0110501,A011,5,B,Pequeño,PARTICULARES,11939,95,0.095,0.059,0.0,90.0,20
126,A0110601,A011,6,B,Pequeño,PARTICULARES,12139,65,0.097,0.055,0.0,90.0,20
127,A0110701,A011,7,B,Pequeño,PARTICULARES,13092,85,0.091,0.069,0.0,90.0,20
128,A0110801,A011,8,B,Pequeño,PARTICULARES,12180,121,0.089,0.068,0.0,90.0,20
129,A0110901,A011,9,B,Pequeño,PARTICULARES,9009,145,0.086,0.068,0.0,90.0,20
130,A0111001,A011,10,B,Pequeño,PARTICULARES,12192,121,0.073,0.073,0.0,90.0,20
131,A0111101,A011,11,B,Pequeño,PARTICULARES,12244,105,0.069,0.063,0.0,89.0,20
132,A0111201,A011,12,B,Pequeño,PARTICULARES,11616,88,0.083,0.047,0.0,90.0,20
133,A0120101,A012,1,B,Pequeño,PARTICULARES,11598,71,0.08,0.069,0.0,90.0,20
134,A0120201,A012,2,B,Pequeño,PARTICULARES,10333,68,0.092,0.061,0.0,92.0,20
135,A0120301,A012,3,B,Pequeño,PARTICULARES,10464,91,0.087,0.057,0.0,91.0,20
136,A0120401,A012,4,B,Pequeño,PARTICULARES,8403,75,0.089,0.062,0.0,91.0,20
137,A0120501,A012,5,B,Pequeño,PARTICULARES,10456,108,0.08,0.05,0.0,91.0,19
138,A0120601,A012,6,B,Pequeño,PARTICULARES,9756,135,0.08,0.035,0.0,91.0,20
139,A0120701,A012,7,B,Pequeño,PARTICULARES,11970,72,0.072,0.041,0.0,91.0,20
140,A0120801,A012,8,B,Pequeño,PARTICULARES,8908,82,0.074,0.043,0.0,91.0,20
141,A0120901,A012,9,B,Pequeño,PARTICULARES,7755,94,0.084,0.047,0.0,93.0,19
142,A0121001,A012,10,B,Pequeño,PARTICULARES,9759,125,0.089,0.044,0.0,93.0,19
143,A0121101,A012,11,B,Pequeño,PARTICULARES,9997,152,0.086,0.04,0.0,94.0,19
144,A0121201,A012,12,B,Pequeño,PARTICULARES,9707,91,0.116,0.04,0.0,95.0,18
1,A0010101,A001,1,C,Compacto,ALQUILADORES,4085,1,0.54,0.0,,106.0,19
2,A0010201,A001,2,C,Compacto,ALQUILADORES,5998,6,0.762,0.0,,106.0,20
3,A0010301,A001,3,C,Compacto,ALQUILADORES,7652,175,0.803,0.003,,112.0,20
4,A0010401,A001,4,C,Compacto,ALQUILADORES,5761,101,0.803,0.002,,106.0,19
5,A0010501,A001,5,C,Compacto,ALQUILADORES,7331,10,0.793,0.0,,104.0,21
6,A0010601,A001,6,C,Compacto,ALQUILADORES,5557,1,0.85,0.0,,105.0,19
7,A0010701,A001,7,C,Compacto,ALQUILADORES,4136,1,0.708,0.0,,110.0,19
8,A0010801,A001,8,C,Compacto,ALQUILADORES,247,0,0.721,0.0,,102.0,15
9,A0010901,A001,9,C,Compacto,ALQUILADORES,487,2,0.842,0.002,,108.0,17
10,A0011001,A001,10,C,Compacto,ALQUILADORES,407,0,0.545,0.005,,105.0,13
11,A0011101,A001,11,C,Compacto,ALQUILADORES,312,2,0.869,0.0,,107.0,14
12,A0011201,A001,12,C,Compacto,ALQUILADORES,1326,5,0.532,0.0,,101.0,19
13,A0020101,A002,1,C,Compacto,ALQUILADORES,705,0,0.926,0.0,,107.0,14
14,A0020201,A002,2,C,Compacto,ALQUILADORES,1119,0,0.8,0.0,,101.0,10
15,A0020301,A002,3,C,Compacto,ALQUILADORES,2056,0,0.741,0.0,,105.0,16
16,A0020401,A002,4,C,Compacto,ALQUILADORES,1675,0,0.562,0.0,,108.0,14
17,A0020501,A002,5,C,Compacto,ALQUILADORES,2590,3,0.652,0.0,,109.0,15
18,A0020601,A002,6,C,Compacto,ALQUILADORES,4462,5,0.586,0.001,,107.0,15
19,A0020701,A002,7,C,Compacto,ALQUILADORES,2377,0,0.597,0.0,,108.0,17
20,A0020801,A002,8,C,Compacto,ALQUILADORES,142,2,0.641,0.0,,103.0,13
21,A0020901,A002,9,C,Compacto,ALQUILADORES,133,0,0.451,0.0,,127.0,11
22,A0021001,A002,10,C,Compacto,ALQUILADORES,374,2,0.374,0.005,,113.0,14
23,A0021101,A002,11,C,Compacto,ALQUILADORES,781,1,0.332,0.0,,103.0,14
24,A0021201,A002,12,C,Compacto,ALQUILADORES,393,3,0.3,0.015,,104.0,17
25,A0030101,A003,1,C,Compacto,ALQUILADORES,790,0,0.467,0.0,,103.0,15
26,A0030201,A003,2,C,Compacto,ALQUILADORES,3103,0,0.511,0.0,,106.0,15
27,A0030301,A003,3,C,Compacto,ALQUILADORES,5301,169,0.771,0.0,,103.0,18
28,A0030401,A003,4,C,Compacto,ALQUILADORES,2299,3,0.793,0.0,,102.0,15
29,A0030501,A003,5,C,Compacto,ALQUILADORES,3399,31,0.728,0.004,,104.0,15
30,A0030601,A003,6,C,Compacto,ALQUILADORES,4691,0,0.758,0.003,,105.0,19
31,A0030701,A003,7,C,Compacto,ALQUILADORES,4196,0,0.716,0.0,,104.0,15
32,A0030801,A003,8,C,Compacto,ALQUILADORES,401,0,0.559,0.007,,100.0,13
33,A0030901,A003,9,C,Compacto,ALQUILADORES,158,0,0.925,0.006,,102.0,13
34,A0031001,A003,10,C,Compacto,ALQUILADORES,607,0,0.302,0.0,,109.0,14
35,A0031101,A003,11,C,Compacto,ALQUILADORES,827,0,0.329,0.0,,112.0,15
36,A0031201,A003,12,C,Compacto,ALQUILADORES,1481,0,0.73,0.01,,102.0,16
37,A0040101,A004,1,C,Compacto,ALQUILADORES,1487,0,0.656,0.001,0.12,105.0,15
38,A0040201,A004,2,C,Compacto,ALQUILADORES,3378,0,0.762,0.001,0.015,108.0,15
39,A0040301,A004,3,C,Compacto,ALQUILADORES,6114,102,0.681,0.0,0.078,107.0,17
40,A0040401,A004,4,C,Compacto,ALQUILADORES,4021,0,0.708,0.009,0.066,106.0,17
41,A0040501,A004,5,C,Compacto,ALQUILADORES,4226,5,0.716,0.006,0.07,107.0,17
42,A0040601,A004,6,C,Compacto,ALQUILADORES,6092,40,0.615,0.0,0.032,109.0,16
43,A0040701,A004,7,C,Compacto,ALQUILADORES,2702,0,0.794,0.006,0.168,108.0,15
44,A0040801,A004,8,C,Compacto,ALQUILADORES,429,0,0.753,0.0,0.0,107.0,10
45,A0040901,A004,9,C,Compacto,ALQUILADORES,319,0,0.442,0.003,0.025,103.0,11
46,A0041001,A004,10,C,Compacto,ALQUILADORES,483,0,0.584,0.002,0.057,106.0,14
47,A0041101,A004,11,C,Compacto,ALQUILADORES,548,0,0.628,0.002,0.029,116.0,14
48,A0041201,A004,12,C,Compacto,ALQUILADORES,751,0,0.779,0.001,0.005,106.0,15
49,A0050101,A005,1,C,Compacto,ALQUILADORES,2123,0,0.798,0.0,0.066,104.0,13
50,A0050201,A005,2,C,Compacto,ALQUILADORES,3466,0,0.846,0.0,0.21,106.0,13
51,A0050301,A005,3,C,Compacto,ALQUILADORES,5111,75,0.712,0.006,0.105,104.0,16
52,A0050401,A005,4,C,Compacto,ALQUILADORES,1798,0,0.777,0.001,0.057,104.0,14
53,A0050501,A005,5,C,Compacto,ALQUILADORES,4526,0,0.795,0.001,0.187,103.0,14
54,A0050601,A005,6,C,Compacto,ALQUILADORES,4517,0,0.794,0.001,0.273,106.0,16
55,A0050701,A005,7,C,Compacto,ALQUILADORES,2039,0,0.723,0.0,0.278,108.0,13
56,A0050801,A005,8,C,Compacto,ALQUILADORES,225,0,0.84,0.067,0.049,107.0,10
57,A0050901,A005,9,C,Compacto,ALQUILADORES,105,0,0.963,0.0,0.018,111.0,10
58,A0051001,A005,10,C,Compacto,ALQUILADORES,402,0,0.614,0.0,0.08,107.0,11
59,A0051101,A005,11,C,Compacto,ALQUILADORES,657,0,0.968,0.0,0.021,104.0,10
60,A0051201,A005,12,C,Compacto,ALQUILADORES,601,0,0.641,0.0,0.87,109.0,11
61,A0060101,A006,1,C,Compacto,ALQUILADORES,765,0,0.485,0.0,0.007,106.0,9
62,A0060201,A006,2,C,Compacto,ALQUILADORES,4367,0,0.695,0.0,0.511,105.0,16
63,A0060301,A006,3,C,Compacto,ALQUILADORES,6833,46,0.651,0.0,0.371,112.0,16
64,A0060401,A006,4,C,Compacto,ALQUILADORES,2771,0,0.569,0.0,0.123,109.0,12
65,A0060501,A006,5,C,Compacto,ALQUILADORES,4594,0,0.829,0.0,0.216,106.0,14
66,A0060601,A006,6,C,Compacto,ALQUILADORES,5092,0,0.737,0.0,0.354,105.0,14
67,A0060701,A006,7,C,Compacto,ALQUILADORES,2567,0,0.76,0.001,0.441,105.0,15
68,A0060801,A006,8,C,Compacto,ALQUILADORES,559,0,0.814,0.0,0.569,114.0,10
69,A0060901,A006,9,C,Compacto,ALQUILADORES,107,0,0.617,0.0,0.178,117.0,14
70,A0061001,A006,10,C,Compacto,ALQUILADORES,527,0,0.525,0.0,0.061,114.0,14
71,A0061101,A006,11,C,Compacto,ALQUILADORES,429,0,0.615,0.0,0.021,118.0,15
72,A0061201,A006,12,C,Compacto,ALQUILADORES,1054,0,0.564,0.0,0.1,110.0,16
73,A0070101,A007,1,C,Compacto,ALQUILADORES,1200,0,0.878,0.0,0.281,100.0,13
74,A0070201,A007,2,C,Compacto,ALQUILADORES,3639,0,0.604,0.0,0.296,110.0,13
75,A0070301,A007,3,C,Compacto,ALQUILADORES,4844,0,0.729,0.0,0.372,107.0,15
76,A0070401,A007,4,C,Compacto,ALQUILADORES,6181,0,0.716,0.0,0.273,106.0,13
77,A0070501,A007,5,C,Compacto,ALQUILADORES,5016,0,0.708,0.023,0.284,107.0,14
78,A0070601,A007,6,C,Compacto,ALQUILADORES,6524,0,0.716,0.0,0.37,110.0,13
79,A0070701,A007,7,C,Compacto,ALQUILADORES,2113,0,0.526,0.0,0.173,113.0,13
80,A0070801,A007,8,C,Compacto,ALQUILADORES,92,0,0.649,0.0,0.053,118.0,12
81,A0070901,A007,9,C,Compacto,ALQUILADORES,321,0,0.396,0.0,0.062,112.0,10
82,A0071001,A007,10,C,Compacto,ALQUILADORES,602,0,0.389,0.0,0.037,111.0,13
83,A0071101,A007,11,C,Compacto,ALQUILADORES,705,12,0.494,0.031,0.397,117.0,14
84,A0071201,A007,12,C,Compacto,ALQUILADORES,835,0,0.746,0.0,0.461,117.0,13
85,A0080101,A008,1,C,Compacto,ALQUILADORES,1569,0,0.887,0.001,0.713,106.0,13
86,A0080201,A008,2,C,Compacto,ALQUILADORES,4377,0,0.761,0.008,0.428,107.0,18
87,A0080301,A008,3,C,Compacto,ALQUILADORES,8415,11,0.658,0.0,0.158,108.0,16
88,A0080401,A008,4,C,Compacto,ALQUILADORES,3489,0,0.696,0.0,0.153,109.0,15
89,A0080501,A008,5,C,Compacto,ALQUILADORES,4248,0,0.627,0.0,0.206,111.0,14
90,A0080601,A008,6,C,Compacto,ALQUILADORES,6062,2,0.649,0.0,0.212,111.0,15
91,A0080701,A008,7,C,Compacto,ALQUILADORES,1962,14,0.57,0.0,0.105,117.0,16
92,A0080801,A008,8,C,Compacto,ALQUILADORES,125,36,0.337,0.0,0.011,117.0,11
93,A0080901,A008,9,C,Compacto,ALQUILADORES,264,0,0.313,0.0,0.004,126.0,9
94,A0081001,A008,10,C,Compacto,ALQUILADORES,380,0,0.217,0.0,0.128,121.0,13
95,A0081101,A008,11,C,Compacto,ALQUILADORES,629,0,0.325,0.0,0.032,125.0,12
96,A0081201,A008,12,C,Compacto,ALQUILADORES,1689,0,0.774,0.0,0.433,117.0,14
97,A0090101,A009,1,C,Compacto,ALQUILADORES,1973,0,0.63,0.001,0.674,111.0,14
98,A0090201,A009,2,C,Compacto,ALQUILADORES,4106,0,0.617,0.044,0.302,110.0,18
99,A0090301,A009,3,C,Compacto,ALQUILADORES,5302,15,0.716,0.001,0.223,110.0,17
100,A0090401,A009,4,C,Compacto,ALQUILADORES,3576,0,0.611,0.0,0.181,112.0,15
101,A0090501,A009,5,C,Compacto,ALQUILADORES,5198,20,0.585,0.0,0.216,111.0,15
102,A0090601,A009,6,C,Compacto,ALQUILADORES,6361,0,0.457,0.0,0.163,117.0,17
103,A0090701,A009,7,C,Compacto,ALQUILADORES,1986,20,0.545,0.0,0.202,110.0,15
104,A0090801,A009,8,C,Compacto,ALQUILADORES,248,0,0.589,0.008,0.085,143.0,11
105,A0090901,A009,9,C,Compacto,ALQUILADORES,690,0,0.59,0.01,0.465,119.0,11
106,A0091001,A009,10,C,Compacto,ALQUILADORES,841,0,0.137,0.0,0.456,114.0,12
107,A0091101,A009,11,C,Compacto,ALQUILADORES,748,0,0.347,0.0,0.253,119.0,13
108,A0091201,A009,12,C,Compacto,ALQUILADORES,1848,30,0.603,0.0,0.494,113.0,16
109,A0100101,A010,1,C,Compacto,ALQUILADORES,2027,0,0.424,0.0,0.359,116.0,13
110,A0100201,A010,2,C,Compacto,ALQUILADORES,3885,22,0.493,0.026,0.446,112.0,16
111,A0100301,A010,3,C,Compacto,ALQUILADORES,3849,0,0.518,0.022,0.209,115.0,17
112,A0100401,A010,4,C,Compacto,ALQUILADORES,4552,15,0.595,0.002,0.294,117.0,16
113,A0100501,A010,5,C,Compacto,ALQUILADORES,6038,9,0.424,0.011,0.251,113.0,16
114,A0100601,A010,6,C,Compacto,ALQUILADORES,4658,2,0.379,0.019,0.148,117.0,17
115,A0100701,A010,7,C,Compacto,ALQUILADORES,2590,0,0.475,0.001,0.273,119.0,13
116,A0100801,A010,8,C,Compacto,ALQUILADORES,90,5,0.733,0.0,0.058,111.0,8
117,A0100901,A010,9,C,Compacto,ALQUILADORES,237,0,0.447,0.038,0.464,123.0,12
118,A0101001,A010,10,C,Compacto,ALQUILADORES,1202,0,0.515,0.003,0.564,118.0,13
119,A0101101,A010,11,C,Compacto,ALQUILADORES,603,0,0.398,0.003,0.474,116.0,12
120,A0101201,A010,12,C,Compacto,ALQUILADORES,1110,0,0.707,0.0,0.3,115.0,13
121,A0110101,A011,1,C,Compacto,ALQUILADORES,3393,35,0.249,0.019,0.647,110.0,17
122,A0110201,A011,2,C,Compacto,ALQUILADORES,3384,51,0.181,0.029,0.534,114.0,16
123,A0110301,A011,3,C,Compacto,ALQUILADORES,4125,69,0.237,0.006,0.245,117.0,17
124,A0110401,A011,4,C,Compacto,ALQUILADORES,3940,0,0.268,0.024,0.304,114.0,16
125,A0110501,A011,5,C,Compacto,ALQUILADORES,4739,0,0.308,0.02,0.275,116.0,16
126,A0110601,A011,6,C,Compacto,ALQUILADORES,6560,0,0.205,0.008,0.252,116.0,15
127,A0110701,A011,7,C,Compacto,ALQUILADORES,3014,0,0.306,0.047,0.408,117.0,14
128,A0110801,A011,8,C,Compacto,ALQUILADORES,855,0,0.256,0.001,0.497,113.0,11
129,A0110901,A011,9,C,Compacto,ALQUILADORES,139,0,0.207,0.271,0.071,124.0,10
130,A0111001,A011,10,C,Compacto,ALQUILADORES,360,0,0.306,0.025,0.455,114.0,16
131,A0111101,A011,11,C,Compacto,ALQUILADORES,638,0,0.097,0.097,0.158,119.0,16
132,A0111201,A011,12,C,Compacto,ALQUILADORES,1160,0,0.261,0.045,0.342,132.0,15
133,A0120101,A012,1,C,Compacto,ALQUILADORES,2113,0,0.182,0.045,0.692,119.0,15
134,A0120201,A012,2,C,Compacto,ALQUILADORES,2409,0,0.617,0.001,0.521,106.0,14
135,A0120301,A012,3,C,Compacto,ALQUILADORES,2703,0,0.223,0.008,0.33,118.0,15
136,A0120401,A012,4,C,Compacto,ALQUILADORES,6485,0,0.312,0.016,0.171,118.0,15
137,A0120501,A012,5,C,Compacto,ALQUILADORES,4196,0,0.33,0.105,0.273,116.0,15
138,A0120601,A012,6,C,Compacto,ALQUILADORES,5889,5,0.184,0.038,0.4,121.0,14
139,A0120701,A012,7,C,Compacto,ALQUILADORES,2276,0,0.193,0.013,0.351,126.0,15
140,A0120801,A012,8,C,Compacto,ALQUILADORES,451,0,0.049,0.024,0.415,114.0,12
141,A0120901,A012,9,C,Compacto,ALQUILADORES,689,0,0.404,0.007,0.826,117.0,10
142,A0121001,A012,10,C,Compacto,ALQUILADORES,391,0,0.495,0.01,0.327,125.0,12
143,A0121101,A012,11,C,Compacto,ALQUILADORES,822,0,0.171,0.053,0.373,124.0,11
144,A0121201,A012,12,C,Compacto,ALQUILADORES,2357,1,0.247,0.004,0.804,124.0,15
1,A0010101,A001,1,C,Compacto,EMPRESAS_RENTING,9090,32,0.848,0.011,,110.0,21
2,A0010201,A001,2,C,Compacto,EMPRESAS_RENTING,7374,40,0.836,0.016,,111.0,22
3,A0010301,A001,3,C,Compacto,EMPRESAS_RENTING,7112,61,0.774,0.022,,110.0,21
4,A0010401,A001,4,C,Compacto,EMPRESAS_RENTING,8182,45,0.83,0.01,,112.0,21
5,A0010501,A001,5,C,Compacto,EMPRESAS_RENTING,6152,54,0.852,0.011,,111.0,21
6,A0010601,A001,6,C,Compacto,EMPRESAS_RENTING,6662,46,0.818,0.009,,111.0,22
7,A0010701,A001,7,C,Compacto,EMPRESAS_RENTING,6857,74,0.844,0.016,,111.0,22
8,A0010801,A001,8,C,Compacto,EMPRESAS_RENTING,3887,20,0.777,0.013,,111.0,21
9,A0010901,A001,9,C,Compacto,EMPRESAS_RENTING,4464,29,0.854,0.019,,111.0,22
10,A0011001,A001,10,C,Compacto,EMPRESAS_RENTING,4668,57,0.83,0.013,,115.0,23
11,A0011101,A001,11,C,Compacto,EMPRESAS_RENTING,4767,19,0.846,0.012,,113.0,23
12,A0011201,A001,12,C,Compacto,EMPRESAS_RENTING,4178,45,0.792,0.03,,113.0,22
13,A0020101,A002,1,C,Compacto,EMPRESAS_RENTING,2767,6,0.85,0.011,,111.0,22
14,A0020201,A002,2,C,Compacto,EMPRESAS_RENTING,2935,18,0.852,0.007,,113.0,21
15,A0020301,A002,3,C,Compacto,EMPRESAS_RENTING,3647,32,0.766,0.046,,112.0,22
16,A0020401,A002,4,C,Compacto,EMPRESAS_RENTING,3466,36,0.763,0.009,,114.0,21
17,A0020501,A002,5,C,Compacto,EMPRESAS_RENTING,3071,44,0.709,0.06,,114.0,22
18,A0020601,A002,6,C,Compacto,EMPRESAS_RENTING,3098,53,0.713,0.079,,114.0,22
19,A0020701,A002,7,C,Compacto,EMPRESAS_RENTING,3889,37,0.75,0.039,,113.0,22
20,A0020801,A002,8,C,Compacto,EMPRESAS_RENTING,2070,33,0.718,0.061,,110.0,23
21,A0020901,A002,9,C,Compacto,EMPRESAS_RENTING,2964,30,0.81,0.037,,111.0,21
22,A0021001,A002,10,C,Compacto,EMPRESAS_RENTING,3856,50,0.818,0.023,,112.0,22
23,A0021101,A002,11,C,Compacto,EMPRESAS_RENTING,4452,27,0.757,0.038,,111.0,23
24,A0021201,A002,12,C,Compacto,EMPRESAS_RENTING,3751,50,0.851,0.027,,110.0,20
25,A0030101,A003,1,C,Compacto,EMPRESAS_RENTING,3371,25,0.837,0.028,,109.0,20
26,A0030201,A003,2,C,Compacto,EMPRESAS_RENTING,3902,31,0.834,0.034,,111.0,21
27,A0030301,A003,3,C,Compacto,EMPRESAS_RENTING,5150,75,0.785,0.07,,111.0,20
28,A0030401,A003,4,C,Compacto,EMPRESAS_RENTING,3489,30,0.865,0.025,,112.0,22
29,A0030501,A003,5,C,Compacto,EMPRESAS_RENTING,4015,29,0.842,0.044,,111.0,21
30,A0030601,A003,6,C,Compacto,EMPRESAS_RENTING,5219,39,0.873,0.026,,109.0,21
31,A0030701,A003,7,C,Compacto,EMPRESAS_RENTING,5247,16,0.88,0.028,,108.0,20
32,A0030801,A003,8,C,Compacto,EMPRESAS_RENTING,2450,10,0.748,0.086,,108.0,20
33,A0030901,A003,9,C,Compacto,EMPRESAS_RENTING,4082,23,0.865,0.041,,109.0,20
34,A0031001,A003,10,C,Compacto,EMPRESAS_RENTING,3965,3,0.867,0.03,,112.0,22
35,A0031101,A003,11,C,Compacto,EMPRESAS_RENTING,5214,3,0.812,0.031,,110.0,20
36,A0031201,A003,12,C,Compacto,EMPRESAS_RENTING,4296,9,0.864,0.042,,108.0,21
37,A0040101,A004,1,C,Compacto,EMPRESAS_RENTING,3906,16,0.864,0.045,0.221,110.0,20
38,A0040201,A004,2,C,Compacto,EMPRESAS_RENTING,4765,25,0.87,0.039,0.222,111.0,20
39,A0040301,A004,3,C,Compacto,EMPRESAS_RENTING,5336,10,0.831,0.038,0.28,111.0,20
40,A0040401,A004,4,C,Compacto,EMPRESAS_RENTING,3817,5,0.86,0.05,0.416,107.0,20
41,A0040501,A004,5,C,Compacto,EMPRESAS_RENTING,4059,16,0.837,0.047,0.369,108.0,21
42,A0040601,A004,6,C,Compacto,EMPRESAS_RENTING,5037,22,0.849,0.049,0.402,109.0,20
43,A0040701,A004,7,C,Compacto,EMPRESAS_RENTING,5166,19,0.833,0.035,0.306,111.0,20
44,A0040801,A004,8,C,Compacto,EMPRESAS_RENTING,4073,10,0.792,0.041,0.262,109.0,20
45,A0040901,A004,9,C,Compacto,EMPRESAS_RENTING,4315,31,0.87,0.028,0.321,112.0,21
46,A0041001,A004,10,C,Compacto,EMPRESAS_RENTING,4489,33,0.879,0.029,0.335,110.0,20
47,A0041101,A004,11,C,Compacto,EMPRESAS_RENTING,4061,16,0.835,0.032,0.319,111.0,21
48,A0041201,A004,12,C,Compacto,EMPRESAS_RENTING,5030,18,0.856,0.037,0.254,109.0,22
49,A0050101,A005,1,C,Compacto,EMPRESAS_RENTING,3327,10,0.846,0.034,0.292,111.0,20
50,A0050201,A005,2,C,Compacto,EMPRESAS_RENTING,3311,9,0.815,0.073,0.33,108.0,21
51,A0050301,A005,3,C,Compacto,EMPRESAS_RENTING,4657,26,0.832,0.028,0.44,110.0,19
52,A0050401,A005,4,C,Compacto,EMPRESAS_RENTING,3831,9,0.87,0.018,0.287,109.0,19
53,A0050501,A005,5,C,Compacto,EMPRESAS_RENTING,3812,35,0.836,0.029,0.279,108.0,20
54,A0050601,A005,6,C,Compacto,EMPRESAS_RENTING,3802,14,0.834,0.03,0.305,109.0,20
55,A0050701,A005,7,C,Compacto,EMPRESAS_RENTING,3847,9,0.822,0.026,0.315,109.0,19
56,A0050801,A005,8,C,Compacto,EMPRESAS_RENTING,2175,7,0.783,0.035,0.256,110.0,18
57,A0050901,A005,9,C,Compacto,EMPRESAS_RENTING,2530,10,0.826,0.029,0.293,110.0,19
58,A0051001,A005,10,C,Compacto,EMPRESAS_RENTING,2970,8,0.85,0.019,0.348,109.0,19
59,A0051101,A005,11,C,Compacto,EMPRESAS_RENTING,3228,11,0.868,0.021,0.362,107.0,19
60,A0051201,A005,12,C,Compacto,EMPRESAS_RENTING,2942,38,0.73,0.035,0.235,110.0,19
61,A0060101,A006,1,C,Compacto,EMPRESAS_RENTING,3218,7,0.83,0.035,0.277,109.0,20
62,A0060201,A006,2,C,Compacto,EMPRESAS_RENTING,2240,8,0.861,0.031,0.335,112.0,19
63,A0060301,A006,3,C,Compacto,EMPRESAS_RENTING,2510,4,0.861,0.033,0.395,112.0,19
64,A0060401,A006,4,C,Compacto,EMPRESAS_RENTING,2605,2,0.876,0.036,0.394,112.0,19
65,A0060501,A006,5,C,Compacto,EMPRESAS_RENTING,2258,3,0.825,0.048,0.367,112.0,19
66,A0060601,A006,6,C,Compacto,EMPRESAS_RENTING,2337,6,0.84,0.029,0.383,114.0,19
67,A0060701,A006,7,C,Compacto,EMPRESAS_RENTING,3280,3,0.895,0.019,0.327,115.0,19
68,A0060801,A006,8,C,Compacto,EMPRESAS_RENTING,1625,1,0.836,0.028,0.33,113.0,18
69,A0060901,A006,9,C,Compacto,EMPRESAS_RENTING,2868,0,0.869,0.031,0.318,111.0,19
70,A0061001,A006,10,C,Compacto,EMPRESAS_RENTING,3160,104,0.827,0.027,0.359,113.0,19
71,A0061101,A006,11,C,Compacto,EMPRESAS_RENTING,2435,22,0.856,0.029,0.43,112.0,19
72,A0061201,A006,12,C,Compacto,EMPRESAS_RENTING,3115,6,0.781,0.12,0.433,111.0,19
73,A0070101,A007,1,C,Compacto,EMPRESAS_RENTING,2749,10,0.86,0.044,0.493,115.0,20
74,A0070201,A007,2,C,Compacto,EMPRESAS_RENTING,2684,10,0.861,0.029,0.402,113.0,19
75,A0070301,A007,3,C,Compacto,EMPRESAS_RENTING,3294,10,0.896,0.019,0.474,109.0,19
76,A0070401,A007,4,C,Compacto,EMPRESAS_RENTING,2630,26,0.858,0.016,0.371,113.0,19
77,A0070501,A007,5,C,Compacto,EMPRESAS_RENTING,2787,34,0.87,0.016,0.394,115.0,20
78,A0070601,A007,6,C,Compacto,EMPRESAS_RENTING,3079,22,0.836,0.019,0.403,114.0,20
79,A0070701,A007,7,C,Compacto,EMPRESAS_RENTING,2869,20,0.845,0.029,0.424,114.0,20
80,A0070801,A007,8,C,Compacto,EMPRESAS_RENTING,1741,28,0.844,0.042,0.396,115.0,18
81,A0070901,A007,9,C,Compacto,EMPRESAS_RENTING,2655,29,0.855,0.024,0.385,113.0,19
82,A0071001,A007,10,C,Compacto,EMPRESAS_RENTING,3392,20,0.849,0.018,0.394,114.0,21
83,A0071101,A007,11,C,Compacto,EMPRESAS_RENTING,3194,29,0.879,0.019,0.368,116.0,19
84,A0071201,A007,12,C,Compacto,EMPRESAS_RENTING,3198,32,0.882,0.016,0.389,114.0,20
85,A0080101,A008,1,C,Compacto,EMPRESAS_RENTING,2558,27,0.858,0.023,0.344,114.0,18
86,A0080201,A008,2,C,Compacto,EMPRESAS_RENTING,3077,111,0.8,0.025,0.363,117.0,19
87,A0080301,A008,3,C,Compacto,EMPRESAS_RENTING,4002,68,0.824,0.017,0.313,115.0,19
88,A0080401,A008,4,C,Compacto,EMPRESAS_RENTING,3359,22,0.865,0.023,0.409,113.0,20
89,A0080501,A008,5,C,Compacto,EMPRESAS_RENTING,3876,36,0.87,0.015,0.343,113.0,19
90,A0080601,A008,6,C,Compacto,EMPRESAS_RENTING,4185,47,0.812,0.042,0.359,116.0,20
91,A0080701,A008,7,C,Compacto,EMPRESAS_RENTING,4728,33,0.831,0.028,0.375,117.0,20
92,A0080801,A008,8,C,Compacto,EMPRESAS_RENTING,2519,26,0.822,0.03,0.322,116.0,19
93,A0080901,A008,9,C,Compacto,EMPRESAS_RENTING,3553,42,0.813,0.023,0.407,118.0,19
94,A0081001,A008,10,C,Compacto,EMPRESAS_RENTING,4146,38,0.798,0.035,0.392,117.0,21
95,A0081101,A008,11,C,Compacto,EMPRESAS_RENTING,3589,32,0.809,0.034,0.425,120.0,18
96,A0081201,A008,12,C,Compacto,EMPRESAS_RENTING,3839,158,0.757,0.025,0.359,119.0,19
97,A0090101,A009,1,C,Compacto,EMPRESAS_RENTING,3695,23,0.756,0.035,0.263,119.0,19
98,A0090201,A009,2,C,Compacto,EMPRESAS_RENTING,3706,33,0.754,0.041,0.374,118.0,19
99,A0090301,A009,3,C,Compacto,EMPRESAS_RENTING,4421,101,0.732,0.039,0.326,118.0,19
100,A0090401,A009,4,C,Compacto,EMPRESAS_RENTING,4321,43,0.769,0.037,0.368,119.0,19
101,A0090501,A009,5,C,Compacto,EMPRESAS_RENTING,4069,57,0.778,0.031,0.367,117.0,19
102,A0090601,A009,6,C,Compacto,EMPRESAS_RENTING,5020,42,0.784,0.036,0.397,117.0,19
103,A0090701,A009,7,C,Compacto,EMPRESAS_RENTING,4734,34,0.789,0.034,0.438,117.0,19
104,A0090801,A009,8,C,Compacto,EMPRESAS_RENTING,2893,32,0.722,0.055,0.348,116.0,19
105,A0090901,A009,9,C,Compacto,EMPRESAS_RENTING,4131,123,0.763,0.043,0.305,117.0,19
106,A0091001,A009,10,C,Compacto,EMPRESAS_RENTING,4027,37,0.783,0.048,0.35,116.0,19
107,A0091101,A009,11,C,Compacto,EMPRESAS_RENTING,4568,28,0.787,0.039,0.447,116.0,19
108,A0091201,A009,12,C,Compacto,EMPRESAS_RENTING,4618,121,0.718,0.042,0.411,115.0,19
109,A0100101,A010,1,C,Compacto,EMPRESAS_RENTING,3615,46,0.68,0.057,0.327,121.0,19
110,A0100201,A010,2,C,Compacto,EMPRESAS_RENTING,3743,58,0.727,0.05,0.361,119.0,19
111,A0100301,A010,3,C,Compacto,EMPRESAS_RENTING,4867,38,0.685,0.053,0.324,120.0,19
112,A0100401,A010,4,C,Compacto,EMPRESAS_RENTING,4501,40,0.733,0.047,0.351,117.0,19
113,A0100501,A010,5,C,Compacto,EMPRESAS_RENTING,4361,55,0.673,0.06,0.361,121.0,19
114,A0100601,A010,6,C,Compacto,EMPRESAS_RENTING,4971,170,0.702,0.054,0.34,119.0,19
115,A0100701,A010,7,C,Compacto,EMPRESAS_RENTING,4565,22,0.692,0.06,0.347,120.0,19
116,A0100801,A010,8,C,Compacto,EMPRESAS_RENTING,3336,24,0.692,0.066,0.351,119.0,19
117,A0100901,A010,9,C,Compacto,EMPRESAS_RENTING,4098,77,0.673,0.07,0.377,120.0,19
118,A0101001,A010,10,C,Compacto,EMPRESAS_RENTING,4835,38,0.64,0.069,0.334,121.0,19
119,A0101101,A010,11,C,Compacto,EMPRESAS_RENTING,5017,36,0.705,0.063,0.409,120.0,19
120,A0101201,A010,12,C,Compacto,EMPRESAS_RENTING,4446,31,0.625,0.068,0.378,119.0,19
121,A0110101,A011,1,C,Compacto,EMPRESAS_RENTING,4435,24,0.512,0.084,0.268,125.0,19
122,A0110201,A011,2,C,Compacto,EMPRESAS_RENTING,3824,41,0.551,0.084,0.297,124.0,19
123,A0110301,A011,3,C,Compacto,EMPRESAS_RENTING,4796,39,0.501,0.082,0.298,122.0,19
124,A0110401,A011,4,C,Compacto,EMPRESAS_RENTING,4268,73,0.543,0.074,0.341,121.0,19
125,A0110501,A011,5,C,Compacto,EMPRESAS_RENTING,4975,53,0.514,0.091,0.349,125.0,19
126,A0110601,A011,6,C,Compacto,EMPRESAS_RENTING,6740,95,0.431,0.24,0.442,120.0,20
127,A0110701,A011,7,C,Compacto,EMPRESAS_RENTING,6444,48,0.424,0.163,0.345,120.0,19
128,A0110801,A011,8,C,Compacto,EMPRESAS_RENTING,4892,31,0.51,0.083,0.255,119.0,20
129,A0110901,A011,9,C,Compacto,EMPRESAS_RENTING,3161,27,0.479,0.094,0.272,119.0,19
130,A0111001,A011,10,C,Compacto,EMPRESAS_RENTING,3945,22,0.49,0.085,0.328,119.0,18
131,A0111101,A011,11,C,Compacto,EMPRESAS_RENTING,3737,24,0.379,0.097,0.444,124.0,18
132,A0111201,A011,12,C,Compacto,EMPRESAS_RENTING,4289,15,0.39,0.114,0.464,123.0,19
133,A0120101,A012,1,C,Compacto,EMPRESAS_RENTING,3764,60,0.405,0.118,0.426,128.0,19
134,A0120201,A012,2,C,Compacto,EMPRESAS_RENTING,3998,81,0.38,0.127,0.358,125.0,17
135,A0120301,A012,3,C,Compacto,EMPRESAS_RENTING,4906,31,0.349,0.14,0.3,125.0,17
136,A0120401,A012,4,C,Compacto,EMPRESAS_RENTING,4258,25,0.38,0.126,0.395,127.0,17
137,A0120501,A012,5,C,Compacto,EMPRESAS_RENTING,4624,25,0.391,0.138,0.397,126.0,17
138,A0120601,A012,6,C,Compacto,EMPRESAS_RENTING,4508,81,0.375,0.137,0.345,127.0,18
139,A0120701,A012,7,C,Compacto,EMPRESAS_RENTING,4712,40,0.326,0.166,0.368,129.0,16
140,A0120801,A012,8,C,Compacto,EMPRESAS_RENTING,3437,28,0.298,0.14,0.343,127.0,18
141,A0120901,A012,9,C,Compacto,EMPRESAS_RENTING,4265,109,0.353,0.145,0.333,126.0,18
142,A0121001,A012,10,C,Compacto,EMPRESAS_RENTING,5088,84,0.346,0.139,0.472,122.0,17
143,A0121101,A012,11,C,Compacto,EMPRESAS_RENTING,4365,40,0.388,0.149,0.37,126.0,17
144,A0121201,A012,12,C,Compacto,EMPRESAS_RENTING,4490,47,0.379,0.138,0.352,126.0,17
1,A0010101,A001,1,C,Compacto,PARTICULARES,15922,296,0.735,0.009,,113.0,23
2,A0010201,A001,2,C,Compacto,PARTICULARES,17269,314,0.715,0.008,,113.0,22
3,A0010301,A001,3,C,Compacto,PARTICULARES,15849,264,0.695,0.007,,112.0,22
4,A0010401,A001,4,C,Compacto,PARTICULARES,18100,399,0.647,0.007,,112.0,22
5,A0010501,A001,5,C,Compacto,PARTICULARES,15350,391,0.617,0.01,,112.0,22
6,A0010601,A001,6,C,Compacto,PARTICULARES,15189,383,0.573,0.01,,112.0,21
7,A0010701,A001,7,C,Compacto,PARTICULARES,18290,295,0.583,0.01,,111.0,23
8,A0010801,A001,8,C,Compacto,PARTICULARES,9982,189,0.625,0.012,,110.0,23
9,A0010901,A001,9,C,Compacto,PARTICULARES,11251,202,0.653,0.014,,111.0,23
10,A0011001,A001,10,C,Compacto,PARTICULARES,13312,266,0.662,0.014,,111.0,24
11,A0011101,A001,11,C,Compacto,PARTICULARES,10685,165,0.664,0.011,,112.0,23
12,A0011201,A001,12,C,Compacto,PARTICULARES,12466,205,0.69,0.011,,112.0,22
13,A0020101,A002,1,C,Compacto,PARTICULARES,12310,217,0.717,0.008,,111.0,22
14,A0020201,A002,2,C,Compacto,PARTICULARES,12180,204,0.7,0.006,,111.0,22
15,A0020301,A002,3,C,Compacto,PARTICULARES,12616,317,0.731,0.007,,111.0,22
16,A0020401,A002,4,C,Compacto,PARTICULARES,11566,349,0.742,0.008,,111.0,23
17,A0020501,A002,5,C,Compacto,PARTICULARES,12089,180,0.748,0.01,,111.0,23
18,A0020601,A002,6,C,Compacto,PARTICULARES,16747,314,0.742,0.007,,110.0,23
19,A0020701,A002,7,C,Compacto,PARTICULARES,21586,375,0.726,0.017,,109.0,23
20,A0020801,A002,8,C,Compacto,PARTICULARES,12853,283,0.752,0.024,,107.0,21
21,A0020901,A002,9,C,Compacto,PARTICULARES,16833,357,0.759,0.024,,107.0,23
22,A0021001,A002,10,C,Compacto,PARTICULARES,20770,397,0.757,0.018,,109.0,23
23,A0021101,A002,11,C,Compacto,PARTICULARES,15446,293,0.72,0.034,,110.0,23
24,A0021201,A002,12,C,Compacto,PARTICULARES,17093,337,0.745,0.03,,109.0,22
25,A0030101,A003,1,C,Compacto,PARTICULARES,11761,200,0.731,0.046,,109.0,23
26,A0030201,A003,2,C,Compacto,PARTICULARES,14472,318,0.715,0.04,,108.0,22
27,A0030301,A003,3,C,Compacto,PARTICULARES,19385,280,0.724,0.039,,108.0,22
28,A0030401,A003,4,C,Compacto,PARTICULARES,16569,284,0.727,0.029,,109.0,22
29,A0030501,A003,5,C,Compacto,PARTICULARES,15325,264,0.703,0.028,,110.0,22
30,A0030601,A003,6,C,Compacto,PARTICULARES,16987,273,0.689,0.026,,111.0,22
31,A0030701,A003,7,C,Compacto,PARTICULARES,10062,103,0.671,0.027,,110.0,20
32,A0030801,A003,8,C,Compacto,PARTICULARES,7468,95,0.716,0.027,,108.0,20
33,A0030901,A003,9,C,Compacto,PARTICULARES,9187,135,0.747,0.023,,110.0,21
34,A0031001,A003,10,C,Compacto,PARTICULARES,8819,156,0.71,0.052,,111.0,22
35,A0031101,A003,11,C,Compacto,PARTICULARES,8354,168,0.724,0.058,,110.0,20
36,A0031201,A003,12,C,Compacto,PARTICULARES,8772,174,0.732,0.051,,109.0,20
37,A0040101,A004,1,C,Compacto,PARTICULARES,6317,124,0.687,0.086,0.0,110.0,20
38,A0040201,A004,2,C,Compacto,PARTICULARES,6888,105,0.679,0.067,0.0,111.0,21
39,A0040301,A004,3,C,Compacto,PARTICULARES,8678,153,0.636,0.073,0.0,111.0,20
40,A0040401,A004,4,C,Compacto,PARTICULARES,6739,101,0.597,0.078,0.0,111.0,20
41,A0040501,A004,5,C,Compacto,PARTICULARES,7868,108,0.58,0.068,0.0,110.0,20
42,A0040601,A004,6,C,Compacto,PARTICULARES,8871,134,0.616,0.04,0.0,109.0,20
43,A0040701,A004,7,C,Compacto,PARTICULARES,9799,125,0.62,0.04,0.0,110.0,20
44,A0040801,A004,8,C,Compacto,PARTICULARES,6635,55,0.635,0.041,0.0,110.0,22
45,A0040901,A004,9,C,Compacto,PARTICULARES,7682,109,0.594,0.056,0.0,111.0,20
46,A0041001,A004,10,C,Compacto,PARTICULARES,8344,108,0.635,0.047,0.0,111.0,20
47,A0041101,A004,11,C,Compacto,PARTICULARES,8077,89,0.631,0.052,0.0,110.0,20
48,A0041201,A004,12,C,Compacto,PARTICULARES,8867,126,0.61,0.052,0.0,110.0,20
49,A0050101,A005,1,C,Compacto,PARTICULARES,6229,80,0.606,0.082,0.0,111.0,21
50,A0050201,A005,2,C,Compacto,PARTICULARES,6931,86,0.61,0.052,0.0,112.0,20
51,A0050301,A005,3,C,Compacto,PARTICULARES,7325,117,0.633,0.059,0.0,113.0,20
52,A0050401,A005,4,C,Compacto,PARTICULARES,5572,48,0.623,0.067,0.0,112.0,20
53,A0050501,A005,5,C,Compacto,PARTICULARES,7154,49,0.586,0.07,0.0,112.0,20
54,A0050601,A005,6,C,Compacto,PARTICULARES,7242,106,0.599,0.047,0.0,112.0,20
55,A0050701,A005,7,C,Compacto,PARTICULARES,8413,82,0.607,0.048,0.0,111.0,20
56,A0050801,A005,8,C,Compacto,PARTICULARES,9528,102,0.656,0.047,0.0,111.0,20
57,A0050901,A005,9,C,Compacto,PARTICULARES,4220,75,0.562,0.074,0.0,111.0,20
58,A0051001,A005,10,C,Compacto,PARTICULARES,6058,67,0.629,0.054,0.0,109.0,20
59,A0051101,A005,11,C,Compacto,PARTICULARES,7255,67,0.648,0.042,0.0,109.0,20
60,A0051201,A005,12,C,Compacto,PARTICULARES,6892,67,0.638,0.04,0.0,109.0,19
61,A0060101,A006,1,C,Compacto,PARTICULARES,6919,59,0.629,0.069,0.0,109.0,19
62,A0060201,A006,2,C,Compacto,PARTICULARES,6723,52,0.63,0.051,0.0,110.0,19
63,A0060301,A006,3,C,Compacto,PARTICULARES,7089,74,0.637,0.053,0.0,112.0,21
64,A0060401,A006,4,C,Compacto,PARTICULARES,7718,30,0.638,0.045,0.0,112.0,19
65,A0060501,A006,5,C,Compacto,PARTICULARES,7947,73,0.656,0.045,0.0,112.0,20
66,A0060601,A006,6,C,Compacto,PARTICULARES,7699,54,0.652,0.043,0.0,113.0,19
67,A0060701,A006,7,C,Compacto,PARTICULARES,10810,102,0.641,0.032,0.0,112.0,20
68,A0060801,A006,8,C,Compacto,PARTICULARES,7038,71,0.689,0.029,0.0,112.0,19
69,A0060901,A006,9,C,Compacto,PARTICULARES,6935,83,0.687,0.028,0.0,112.0,20
70,A0061001,A006,10,C,Compacto,PARTICULARES,9534,94,0.645,0.031,0.0,113.0,19
71,A0061101,A006,11,C,Compacto,PARTICULARES,8392,157,0.641,0.028,0.0,114.0,20
72,A0061201,A006,12,C,Compacto,PARTICULARES,9246,138,0.661,0.026,0.0,113.0,19
73,A0070101,A007,1,C,Compacto,PARTICULARES,7247,84,0.661,0.033,0.0,114.0,20
74,A0070201,A007,2,C,Compacto,PARTICULARES,7960,158,0.646,0.021,0.0,114.0,19
75,A0070301,A007,3,C,Compacto,PARTICULARES,8385,162,0.65,0.022,0.0,113.0,20
76,A0070401,A007,4,C,Compacto,PARTICULARES,8210,138,0.647,0.021,0.0,113.0,19
77,A0070501,A007,5,C,Compacto,PARTICULARES,8861,173,0.66,0.029,0.0,113.0,20
78,A0070601,A007,6,C,Compacto,PARTICULARES,8287,215,0.625,0.033,0.0,112.0,19
79,A0070701,A007,7,C,Compacto,PARTICULARES,10473,218,0.659,0.027,0.0,112.0,20
80,A0070801,A007,8,C,Compacto,PARTICULARES,6532,238,0.692,0.03,0.0,112.0,19
81,A0070901,A007,9,C,Compacto,PARTICULARES,8088,198,0.647,0.035,0.0,112.0,21
82,A0071001,A007,10,C,Compacto,PARTICULARES,11397,243,0.626,0.029,0.0,112.0,20
83,A0071101,A007,11,C,Compacto,PARTICULARES,9373,195,0.63,0.038,0.0,113.0,19
84,A0071201,A007,12,C,Compacto,PARTICULARES,10890,227,0.636,0.03,0.0,112.0,20
85,A0080101,A008,1,C,Compacto,PARTICULARES,8974,273,0.598,0.037,0.0,112.0,20
86,A0080201,A008,2,C,Compacto,PARTICULARES,9761,261,0.577,0.029,0.0,114.0,21
87,A0080301,A008,3,C,Compacto,PARTICULARES,10342,217,0.568,0.028,0.0,115.0,19
88,A0080401,A008,4,C,Compacto,PARTICULARES,8254,160,0.561,0.034,0.0,114.0,19
89,A0080501,A008,5,C,Compacto,PARTICULARES,8780,146,0.583,0.03,0.0,113.0,19
90,A0080601,A008,6,C,Compacto,PARTICULARES,9574,224,0.585,0.025,0.0,115.0,21
91,A0080701,A008,7,C,Compacto,PARTICULARES,12069,231,0.58,0.053,0.0,115.0,20
92,A0080801,A008,8,C,Compacto,PARTICULARES,8110,218,0.609,0.052,0.0,115.0,21
93,A0080901,A008,9,C,Compacto,PARTICULARES,9099,208,0.608,0.047,0.0,116.0,20
94,A0081001,A008,10,C,Compacto,PARTICULARES,10138,217,0.558,0.048,0.0,117.0,19
95,A0081101,A008,11,C,Compacto,PARTICULARES,10105,158,0.572,0.058,0.0,115.0,18
96,A0081201,A008,12,C,Compacto,PARTICULARES,11071,243,0.563,0.052,0.0,115.0,18
97,A0090101,A009,1,C,Compacto,PARTICULARES,7893,223,0.516,0.078,0.0,116.0,19
98,A0090201,A009,2,C,Compacto,PARTICULARES,8431,249,0.497,0.056,0.0,116.0,19
99,A0090301,A009,3,C,Compacto,PARTICULARES,9538,268,0.472,0.048,0.0,118.0,19
100,A0090401,A009,4,C,Compacto,PARTICULARES,9703,213,0.454,0.044,0.0,117.0,19
101,A0090501,A009,5,C,Compacto,PARTICULARES,9530,253,0.471,0.047,0.0,117.0,19
102,A0090601,A009,6,C,Compacto,PARTICULARES,10944,270,0.473,0.05,0.0,117.0,19
103,A0090701,A009,7,C,Compacto,PARTICULARES,11930,286,0.465,0.048,0.0,116.0,19
104,A0090801,A009,8,C,Compacto,PARTICULARES,7930,183,0.51,0.055,0.0,115.0,19
105,A0090901,A009,9,C,Compacto,PARTICULARES,8567,168,0.475,0.048,0.0,117.0,19
106,A0091001,A009,10,C,Compacto,PARTICULARES,8763,200,0.466,0.054,0.0,117.0,19
107,A0091101,A009,11,C,Compacto,PARTICULARES,10064,195,0.458,0.062,0.0,117.0,19
108,A0091201,A009,12,C,Compacto,PARTICULARES,10634,183,0.438,0.058,0.0,117.0,19
109,A0100101,A010,1,C,Compacto,PARTICULARES,8244,302,0.39,0.072,0.0,117.0,19
110,A0100201,A010,2,C,Compacto,PARTICULARES,8488,185,0.401,0.064,0.0,118.0,19
111,A0100301,A010,3,C,Compacto,PARTICULARES,9523,256,0.397,0.07,0.0,118.0,19
112,A0100401,A010,4,C,Compacto,PARTICULARES,7634,302,0.365,0.082,0.0,119.0,19
113,A0100501,A010,5,C,Compacto,PARTICULARES,9061,310,0.365,0.069,0.0,119.0,19
114,A0100601,A010,6,C,Compacto,PARTICULARES,10736,302,0.366,0.072,0.0,119.0,19
115,A0100701,A010,7,C,Compacto,PARTICULARES,10584,221,0.352,0.079,0.0,119.0,19
116,A0100801,A010,8,C,Compacto,PARTICULARES,7974,219,0.356,0.099,0.0,118.0,19
117,A0100901,A010,9,C,Compacto,PARTICULARES,8601,200,0.344,0.083,0.0,120.0,19
118,A0101001,A010,10,C,Compacto,PARTICULARES,9821,241,0.324,0.074,0.0,121.0,19
119,A0101101,A010,11,C,Compacto,PARTICULARES,10753,278,0.315,0.087,0.0,121.0,19
120,A0101201,A010,12,C,Compacto,PARTICULARES,10439,288,0.313,0.079,0.0,122.0,19
121,A0110101,A011,1,C,Compacto,PARTICULARES,8611,223,0.294,0.1,0.0,122.0,18
122,A0110201,A011,2,C,Compacto,PARTICULARES,8348,257,0.283,0.08,0.0,123.0,19
123,A0110301,A011,3,C,Compacto,PARTICULARES,9250,269,0.238,0.085,0.0,122.0,19
124,A0110401,A011,4,C,Compacto,PARTICULARES,8986,227,0.248,0.095,0.0,121.0,18
125,A0110501,A011,5,C,Compacto,PARTICULARES,10852,272,0.221,0.075,0.0,122.0,19
126,A0110601,A011,6,C,Compacto,PARTICULARES,10128,301,0.235,0.057,0.0,122.0,19
127,A0110701,A011,7,C,Compacto,PARTICULARES,11596,271,0.205,0.083,0.0,122.0,19
128,A0110801,A011,8,C,Compacto,PARTICULARES,9308,348,0.24,0.109,0.0,120.0,19
129,A0110901,A011,9,C,Compacto,PARTICULARES,6312,225,0.221,0.094,0.0,121.0,19
130,A0111001,A011,10,C,Compacto,PARTICULARES,8222,201,0.2,0.114,0.0,121.0,18
131,A0111101,A011,11,C,Compacto,PARTICULARES,8627,154,0.2,0.105,0.0,122.0,18
132,A0111201,A011,12,C,Compacto,PARTICULARES,8842,136,0.199,0.098,0.0,124.0,18
133,A0120101,A012,1,C,Compacto,PARTICULARES,7346,87,0.209,0.095,0.0,125.0,18
134,A0120201,A012,2,C,Compacto,PARTICULARES,6698,96,0.2,0.069,0.0,126.0,17
135,A0120301,A012,3,C,Compacto,PARTICULARES,7517,304,0.196,0.142,0.0,125.0,18
136,A0120401,A012,4,C,Compacto,PARTICULARES,6615,248,0.188,0.185,0.0,126.0,17
137,A0120501,A012,5,C,Compacto,PARTICULARES,8125,373,0.198,0.186,0.0,125.0,17
138,A0120601,A012,6,C,Compacto,PARTICULARES,7577,366,0.201,0.166,0.0,127.0,17
139,A0120701,A012,7,C,Compacto,PARTICULARES,8263,350,0.214,0.174,0.0,124.0,18
140,A0120801,A012,8,C,Compacto,PARTICULARES,5967,219,0.225,0.154,0.0,124.0,17
141,A0120901,A012,9,C,Compacto,PARTICULARES,6324,293,0.257,0.153,0.0,127.0,17
142,A0121001,A012,10,C,Compacto,PARTICULARES,6766,279,0.238,0.176,0.0,126.0,17
143,A0121101,A012,11,C,Compacto,PARTICULARES,6850,455,0.233,0.189,0.0,127.0,17
144,A0121201,A012,12,C,Compacto,PARTICULARES,6849,462,0.254,0.18,0.0,126.0,17
1,A0010101,A001,1,CSUV,SUV compacto,ALQUILADORES,71,0,0.944,0.0,,131.0,5
2,A0010201,A001,2,CSUV,SUV compacto,ALQUILADORES,133,0,0.992,0.0,,130.0,3
3,A0010301,A001,3,CSUV,SUV compacto,ALQUILADORES,214,0,0.738,0.0,,138.0,5
4,A0010401,A001,4,CSUV,SUV compacto,ALQUILADORES,65,0,1.0,0.0,,131.0,4
5,A0010501,A001,5,CSUV,SUV compacto,ALQUILADORES,122,0,0.992,0.0,,129.0,3
6,A0010601,A001,6,CSUV,SUV compacto,ALQUILADORES,85,0,0.776,0.0,,135.0,4
7,A0010701,A001,7,CSUV,SUV compacto,ALQUILADORES,43,0,0.93,0.0,,131.0,4
8,A0010801,A001,8,CSUV,SUV compacto,ALQUILADORES,26,0,1.0,0.0,,130.0,2
9,A0010901,A001,9,CSUV,SUV compacto,ALQUILADORES,20,0,1.0,0.0,,132.0,4
10,A0011001,A001,10,CSUV,SUV compacto,ALQUILADORES,33,0,0.939,0.0,,125.0,4
11,A0011101,A001,11,CSUV,SUV compacto,ALQUILADORES,42,0,0.976,0.0,,131.0,3
12,A0011201,A001,12,CSUV,SUV compacto,ALQUILADORES,30,0,0.9,0.0,,130.0,3
13,A0020101,A002,1,CSUV,SUV compacto,ALQUILADORES,49,0,0.939,0.0,,128.0,3
14,A0020201,A002,2,CSUV,SUV compacto,ALQUILADORES,44,0,0.955,0.0,,126.0,4
15,A0020301,A002,3,CSUV,SUV compacto,ALQUILADORES,70,0,0.929,0.0,,123.0,2
16,A0020401,A002,4,CSUV,SUV compacto,ALQUILADORES,32,0,1.0,0.0,,129.0,3
17,A0020501,A002,5,CSUV,SUV compacto,ALQUILADORES,73,0,0.74,0.0,,140.0,3
18,A0020601,A002,6,CSUV,SUV compacto,ALQUILADORES,122,0,0.967,0.0,,135.0,3
19,A0020701,A002,7,CSUV,SUV compacto,ALQUILADORES,750,0,0.984,0.0,,109.0,2
20,A0020801,A002,8,CSUV,SUV compacto,ALQUILADORES,52,0,0.846,0.0,,130.0,3
21,A0020901,A002,9,CSUV,SUV compacto,ALQUILADORES,43,0,0.86,0.0,,125.0,4
22,A0021001,A002,10,CSUV,SUV compacto,ALQUILADORES,78,0,0.936,0.0,,120.0,4
23,A0021101,A002,11,CSUV,SUV compacto,ALQUILADORES,106,0,0.896,0.0,,114.0,3
24,A0021201,A002,12,CSUV,SUV compacto,ALQUILADORES,197,0,0.929,0.0,,119.0,4
25,A0030101,A003,1,CSUV,SUV compacto,ALQUILADORES,207,0,0.961,0.0,,122.0,4
26,A0030201,A003,2,CSUV,SUV compacto,ALQUILADORES,114,0,0.886,0.0,,126.0,3
27,A0030301,A003,3,CSUV,SUV compacto,ALQUILADORES,165,0,0.594,0.0,,119.0,3
28,A0030401,A003,4,CSUV,SUV compacto,ALQUILADORES,155,0,0.806,0.0,,121.0,4
29,A0030501,A003,5,CSUV,SUV compacto,ALQUILADORES,203,0,0.882,0.0,,118.0,6
30,A0030601,A003,6,CSUV,SUV compacto,ALQUILADORES,312,0,0.926,0.0,,120.0,5
31,A0030701,A003,7,CSUV,SUV compacto,ALQUILADORES,669,0,0.964,0.0,,110.0,4
32,A0030801,A003,8,CSUV,SUV compacto,ALQUILADORES,135,0,0.733,0.0,,122.0,4
33,A0030901,A003,9,CSUV,SUV compacto,ALQUILADORES,82,0,0.732,0.0,,126.0,6
34,A0031001,A003,10,CSUV,SUV compacto,ALQUILADORES,112,0,0.964,0.0,,127.0,7
35,A0031101,A003,11,CSUV,SUV compacto,ALQUILADORES,63,0,0.905,0.0,,124.0,5
36,A0031201,A003,12,CSUV,SUV compacto,ALQUILADORES,189,0,0.958,0.0,,122.0,5
37,A0040101,A004,1,CSUV,SUV compacto,ALQUILADORES,156,0,0.968,0.0,0.006,123.0,3
38,A0040201,A004,2,CSUV,SUV compacto,ALQUILADORES,39,0,0.769,0.0,0.0,124.0,4
39,A0040301,A004,3,CSUV,SUV compacto,ALQUILADORES,483,0,0.803,0.0,0.482,110.0,7
40,A0040401,A004,4,CSUV,SUV compacto,ALQUILADORES,275,0,0.891,0.0,0.007,117.0,6
41,A0040501,A004,5,CSUV,SUV compacto,ALQUILADORES,307,0,0.971,0.0,0.0,119.0,6
42,A0040601,A004,6,CSUV,SUV compacto,ALQUILADORES,724,0,0.957,0.0,0.623,115.0,5
43,A0040701,A004,7,CSUV,SUV compacto,ALQUILADORES,364,0,0.948,0.0,0.003,108.0,6
44,A0040801,A004,8,CSUV,SUV compacto,ALQUILADORES,63,0,0.746,0.0,0.0,120.0,5
45,A0040901,A004,9,CSUV,SUV compacto,ALQUILADORES,36,0,0.972,0.0,0.0,129.0,5
46,A0041001,A004,10,CSUV,SUV compacto,ALQUILADORES,42,0,0.595,0.0,0.0,118.0,4
47,A0041101,A004,11,CSUV,SUV compacto,ALQUILADORES,24,0,1.0,0.0,0.0,129.0,5
48,A0041201,A004,12,CSUV,SUV compacto,ALQUILADORES,16,0,0.812,0.0,0.0,122.0,6
49,A0050101,A005,1,CSUV,SUV compacto,ALQUILADORES,630,0,0.992,0.0,0.873,107.0,4
50,A0050201,A005,2,CSUV,SUV compacto,ALQUILADORES,237,0,1.0,0.0,0.004,107.0,4
51,A0050301,A005,3,CSUV,SUV compacto,ALQUILADORES,1056,0,0.981,0.0,0.0,111.0,6
52,A0050401,A005,4,CSUV,SUV compacto,ALQUILADORES,168,0,0.75,0.0,0.0,112.0,7
53,A0050501,A005,5,CSUV,SUV compacto,ALQUILADORES,385,0,0.857,0.0,0.0,108.0,6
54,A0050601,A005,6,CSUV,SUV compacto,ALQUILADORES,1426,0,0.827,0.0,0.233,108.0,6
55,A0050701,A005,7,CSUV,SUV compacto,ALQUILADORES,488,0,0.887,0.0,0.344,110.0,5
56,A0050801,A005,8,CSUV,SUV compacto,ALQUILADORES,152,0,0.974,0.0,0.0,112.0,4
57,A0050901,A005,9,CSUV,SUV compacto,ALQUILADORES,115,0,0.991,0.0,0.0,113.0,4
58,A0051001,A005,10,CSUV,SUV compacto,ALQUILADORES,167,0,0.892,0.0,0.0,115.0,4
59,A0051101,A005,11,CSUV,SUV compacto,ALQUILADORES,168,0,0.976,0.0,0.0,112.0,4
60,A0051201,A005,12,CSUV,SUV compacto,ALQUILADORES,316,0,0.991,0.0,0.0,109.0,5
61,A0060101,A006,1,CSUV,SUV compacto,ALQUILADORES,224,0,1.0,0.0,0.799,110.0,2
62,A0060201,A006,2,CSUV,SUV compacto,ALQUILADORES,714,0,0.983,0.0,0.632,110.0,5
63,A0060301,A006,3,CSUV,SUV compacto,ALQUILADORES,1242,0,0.942,0.0,0.518,111.0,5
64,A0060401,A006,4,CSUV,SUV compacto,ALQUILADORES,644,0,0.896,0.0,0.234,110.0,6
65,A0060501,A006,5,CSUV,SUV compacto,ALQUILADORES,814,0,0.789,0.0,0.0,110.0,5
66,A0060601,A006,6,CSUV,SUV compacto,ALQUILADORES,335,0,0.752,0.0,0.355,113.0,7
67,A0060701,A006,7,CSUV,SUV compacto,ALQUILADORES,360,0,0.864,0.0,0.819,110.0,5
68,A0060801,A006,8,CSUV,SUV compacto,ALQUILADORES,14,0,0.929,0.0,0.071,114.0,2
69,A0060901,A006,9,CSUV,SUV compacto,ALQUILADORES,43,0,0.535,0.0,0.0,113.0,5
70,A0061001,A006,10,CSUV,SUV compacto,ALQUILADORES,27,0,0.963,0.0,0.0,124.0,5
71,A0061101,A006,11,CSUV,SUV compacto,ALQUILADORES,8,0,1.0,0.0,0.0,131.0,5
72,A0061201,A006,12,CSUV,SUV compacto,ALQUILADORES,13,0,0.692,0.0,0.0,113.0,5
73,A0070101,A007,1,CSUV,SUV compacto,ALQUILADORES,17,0,0.941,0.0,0.0,130.0,4
74,A0070201,A007,2,CSUV,SUV compacto,ALQUILADORES,70,0,0.886,0.0,0.357,128.0,5
75,A0070301,A007,3,CSUV,SUV compacto,ALQUILADORES,84,0,0.357,0.0,0.595,113.0,4
76,A0070401,A007,4,CSUV,SUV compacto,ALQUILADORES,246,0,0.427,0.0,0.264,114.0,5
77,A0070501,A007,5,CSUV,SUV compacto,ALQUILADORES,90,0,0.067,0.0,0.322,105.0,3
78,A0070601,A007,6,CSUV,SUV compacto,ALQUILADORES,116,0,0.164,0.0,0.095,119.0,4
79,A0070701,A007,7,CSUV,SUV compacto,ALQUILADORES,172,0,0.477,0.0,0.145,127.0,4
80,A0070801,A007,8,CSUV,SUV compacto,ALQUILADORES,3,0,1.0,0.0,0.0,109.0,1
81,A0070901,A007,9,CSUV,SUV compacto,ALQUILADORES,34,0,0.529,0.0,0.0,112.0,4
82,A0071001,A007,10,CSUV,SUV compacto,ALQUILADORES,7,0,1.0,0.0,0.0,118.0,3
83,A0071101,A007,11,CSUV,SUV compacto,ALQUILADORES,65,0,0.508,0.0,0.0,129.0,5
84,A0071201,A007,12,CSUV,SUV compacto,ALQUILADORES,454,0,0.934,0.0,0.482,112.0,5
85,A0080101,A008,1,CSUV,SUV compacto,ALQUILADORES,210,0,0.862,0.0,0.029,110.0,5
86,A0080201,A008,2,CSUV,SUV compacto,ALQUILADORES,1505,0,0.854,0.0,0.221,121.0,7
87,A0080301,A008,3,CSUV,SUV compacto,ALQUILADORES,1247,0,0.664,0.0,0.104,118.0,7
88,A0080401,A008,4,CSUV,SUV compacto,ALQUILADORES,607,0,0.728,0.0,0.138,131.0,6
89,A0080501,A008,5,CSUV,SUV compacto,ALQUILADORES,964,0,0.369,0.0,0.026,130.0,6
90,A0080601,A008,6,CSUV,SUV compacto,ALQUILADORES,1467,0,0.74,0.0,0.25,127.0,9
91,A0080701,A008,7,CSUV,SUV compacto,ALQUILADORES,1038,0,0.877,0.0,0.252,124.0,9
92,A0080801,A008,8,CSUV,SUV compacto,ALQUILADORES,141,0,0.887,0.0,0.007,120.0,8
93,A0080901,A008,9,CSUV,SUV compacto,ALQUILADORES,214,0,0.981,0.0,0.234,120.0,5
94,A0081001,A008,10,CSUV,SUV compacto,ALQUILADORES,169,0,0.799,0.0,0.012,118.0,7
95,A0081101,A008,11,CSUV,SUV compacto,ALQUILADORES,310,0,0.51,0.0,0.003,131.0,7
96,A0081201,A008,12,CSUV,SUV compacto,ALQUILADORES,606,0,0.965,0.0,0.414,119.0,9
97,A0090101,A009,1,CSUV,SUV compacto,ALQUILADORES,878,0,0.9,0.0,0.142,127.0,5
98,A0090201,A009,2,CSUV,SUV compacto,ALQUILADORES,1307,0,0.568,0.0,0.168,126.0,9
99,A0090301,A009,3,CSUV,SUV compacto,ALQUILADORES,1794,0,0.717,0.0,0.094,126.0,7
100,A0090401,A009,4,CSUV,SUV compacto,ALQUILADORES,1653,0,0.498,0.0,0.039,128.0,7
101,A0090501,A009,5,CSUV,SUV compacto,ALQUILADORES,3466,0,0.611,0.0,0.134,128.0,7
102,A0090601,A009,6,CSUV,SUV compacto,ALQUILADORES,3283,0,0.713,0.0,0.255,121.0,9
103,A0090701,A009,7,CSUV,SUV compacto,ALQUILADORES,1035,0,0.891,0.0,0.098,117.0,8
104,A0090801,A009,8,CSUV,SUV compacto,ALQUILADORES,269,0,0.944,0.0,0.004,119.0,9
105,A0090901,A009,9,CSUV,SUV compacto,ALQUILADORES,372,0,0.96,0.0,0.003,116.0,9
106,A0091001,A009,10,CSUV,SUV compacto,ALQUILADORES,305,0,0.905,0.0,0.007,118.0,7
107,A0091101,A009,11,CSUV,SUV compacto,ALQUILADORES,999,0,0.544,0.0,0.048,128.0,8
108,A0091201,A009,12,CSUV,SUV compacto,ALQUILADORES,1039,0,0.749,0.0,0.265,120.0,8
109,A0100101,A010,1,CSUV,SUV compacto,ALQUILADORES,1371,0,0.642,0.001,0.193,122.0,9
110,A0100201,A010,2,CSUV,SUV compacto,ALQUILADORES,2497,0,0.638,0.001,0.092,127.0,9
111,A0100301,A010,3,CSUV,SUV compacto,ALQUILADORES,2971,0,0.634,0.013,0.239,123.0,9
112,A0100401,A010,4,CSUV,SUV compacto,ALQUILADORES,1910,0,0.598,0.0,0.283,123.0,7
113,A0100501,A010,5,CSUV,SUV compacto,ALQUILADORES,4199,0,0.614,0.009,0.306,123.0,9
114,A0100601,A010,6,CSUV,SUV compacto,ALQUILADORES,3328,0,0.536,0.025,0.228,125.0,11
115,A0100701,A010,7,CSUV,SUV compacto,ALQUILADORES,1533,0,0.368,0.001,0.159,131.0,9
116,A0100801,A010,8,CSUV,SUV compacto,ALQUILADORES,502,0,0.857,0.0,0.026,119.0,8
117,A0100901,A010,9,CSUV,SUV compacto,ALQUILADORES,1142,0,0.895,0.0,0.25,120.0,9
118,A0101001,A010,10,CSUV,SUV compacto,ALQUILADORES,956,0,0.7,0.002,0.136,123.0,12
119,A0101101,A010,11,CSUV,SUV compacto,ALQUILADORES,1321,0,0.362,0.002,0.092,129.0,8
120,A0101201,A010,12,CSUV,SUV compacto,ALQUILADORES,1408,0,0.61,0.002,0.319,121.0,11
121,A0110101,A011,1,CSUV,SUV compacto,ALQUILADORES,1829,0,0.367,0.006,0.07,128.0,9
122,A0110201,A011,2,CSUV,SUV compacto,ALQUILADORES,2970,0,0.496,0.013,0.047,125.0,12
123,A0110301,A011,3,CSUV,SUV compacto,ALQUILADORES,4032,0,0.281,0.031,0.116,127.0,13
124,A0110401,A011,4,CSUV,SUV compacto,ALQUILADORES,2666,0,0.384,0.034,0.12,126.0,12
125,A0110501,A011,5,CSUV,SUV compacto,ALQUILADORES,4488,0,0.232,0.067,0.19,132.0,11
126,A0110601,A011,6,CSUV,SUV compacto,ALQUILADORES,3722,0,0.287,0.14,0.215,129.0,13
127,A0110701,A011,7,CSUV,SUV compacto,ALQUILADORES,3042,0,0.341,0.004,0.24,125.0,11
128,A0110801,A011,8,CSUV,SUV compacto,ALQUILADORES,1396,0,0.392,0.006,0.059,128.0,11
129,A0110901,A011,9,CSUV,SUV compacto,ALQUILADORES,665,0,0.598,0.038,0.561,125.0,9
130,A0111001,A011,10,CSUV,SUV compacto,ALQUILADORES,641,0,0.332,0.031,0.023,124.0,9
131,A0111101,A011,11,CSUV,SUV compacto,ALQUILADORES,1176,0,0.19,0.032,0.096,126.0,8
132,A0111201,A011,12,CSUV,SUV compacto,ALQUILADORES,1589,0,0.296,0.001,0.215,131.0,9
133,A0120101,A012,1,CSUV,SUV compacto,ALQUILADORES,2111,0,0.276,0.113,0.089,131.0,11
134,A0120201,A012,2,CSUV,SUV compacto,ALQUILADORES,3995,0,0.241,0.059,0.25,131.0,11
135,A0120301,A012,3,CSUV,SUV compacto,ALQUILADORES,4397,0,0.227,0.034,0.102,132.0,12
136,A0120401,A012,4,CSUV,SUV compacto,ALQUILADORES,3880,0,0.18,0.017,0.269,127.0,13
137,A0120501,A012,5,CSUV,SUV compacto,ALQUILADORES,3933,0,0.181,0.109,0.226,130.0,11
138,A0120601,A012,6,CSUV,SUV compacto,ALQUILADORES,4340,0,0.145,0.051,0.148,133.0,13
139,A0120701,A012,7,CSUV,SUV compacto,ALQUILADORES,3244,0,0.227,0.01,0.169,136.0,13
140,A0120801,A012,8,CSUV,SUV compacto,ALQUILADORES,678,0,0.305,0.0,0.053,127.0,11
141,A0120901,A012,9,CSUV,SUV compacto,ALQUILADORES,911,1,0.356,0.012,0.11,131.0,11
142,A0121001,A012,10,CSUV,SUV compacto,ALQUILADORES,1205,0,0.282,0.005,0.0,130.0,11
143,A0121101,A012,11,CSUV,SUV compacto,ALQUILADORES,824,0,0.261,0.011,0.019,123.0,11
144,A0121201,A012,12,CSUV,SUV compacto,ALQUILADORES,1367,8,0.126,0.007,0.197,128.0,10
1,A0010101,A001,1,CSUV,SUV compacto,EMPRESAS_RENTING,336,0,0.872,0.0,,133.0,8
2,A0010201,A001,2,CSUV,SUV compacto,EMPRESAS_RENTING,400,0,0.908,0.0,,133.0,8
3,A0010301,A001,3,CSUV,SUV compacto,EMPRESAS_RENTING,461,0,0.816,0.0,,132.0,7
4,A0010401,A001,4,CSUV,SUV compacto,EMPRESAS_RENTING,530,0,0.785,0.0,,135.0,8
5,A0010501,A001,5,CSUV,SUV compacto,EMPRESAS_RENTING,486,0,0.831,0.0,,140.0,8
6,A0010601,A001,6,CSUV,SUV compacto,EMPRESAS_RENTING,467,0,0.754,0.0,,135.0,7
7,A0010701,A001,7,CSUV,SUV compacto,EMPRESAS_RENTING,410,0,0.837,0.0,,136.0,8
8,A0010801,A001,8,CSUV,SUV compacto,EMPRESAS_RENTING,216,0,0.806,0.0,,137.0,6
9,A0010901,A001,9,CSUV,SUV compacto,EMPRESAS_RENTING,259,0,0.784,0.0,,135.0,8
10,A0011001,A001,10,CSUV,SUV compacto,EMPRESAS_RENTING,445,0,0.84,0.0,,138.0,8
11,A0011101,A001,11,CSUV,SUV compacto,EMPRESAS_RENTING,342,0,0.842,0.0,,133.0,8
12,A0011201,A001,12,CSUV,SUV compacto,EMPRESAS_RENTING,383,0,0.796,0.0,,134.0,8
13,A0020101,A002,1,CSUV,SUV compacto,EMPRESAS_RENTING,300,0,0.807,0.0,,137.0,8
14,A0020201,A002,2,CSUV,SUV compacto,EMPRESAS_RENTING,311,0,0.826,0.0,,132.0,8
15,A0020301,A002,3,CSUV,SUV compacto,EMPRESAS_RENTING,363,0,0.796,0.0,,138.0,7
16,A0020401,A002,4,CSUV,SUV compacto,EMPRESAS_RENTING,289,0,0.779,0.0,,133.0,7
17,A0020501,A002,5,CSUV,SUV compacto,EMPRESAS_RENTING,314,0,0.774,0.0,,135.0,7
18,A0020601,A002,6,CSUV,SUV compacto,EMPRESAS_RENTING,491,0,0.839,0.0,,131.0,7
19,A0020701,A002,7,CSUV,SUV compacto,EMPRESAS_RENTING,524,0,0.784,0.0,,135.0,6
20,A0020801,A002,8,CSUV,SUV compacto,EMPRESAS_RENTING,345,0,0.751,0.0,,131.0,8
21,A0020901,A002,9,CSUV,SUV compacto,EMPRESAS_RENTING,402,0,0.856,0.0,,133.0,7
22,A0021001,A002,10,CSUV,SUV compacto,EMPRESAS_RENTING,642,0,0.849,0.0,,136.0,8
23,A0021101,A002,11,CSUV,SUV compacto,EMPRESAS_RENTING,488,0,0.871,0.0,,136.0,8
24,A0021201,A002,12,CSUV,SUV compacto,EMPRESAS_RENTING,497,0,0.867,0.0,,132.0,8
25,A0030101,A003,1,CSUV,SUV compacto,EMPRESAS_RENTING,530,0,0.872,0.0,,134.0,8
26,A0030201,A003,2,CSUV,SUV compacto,EMPRESAS_RENTING,734,0,0.854,0.0,,134.0,8
27,A0030301,A003,3,CSUV,SUV compacto,EMPRESAS_RENTING,681,0,0.83,0.0,,132.0,9
28,A0030401,A003,4,CSUV,SUV compacto,EMPRESAS_RENTING,645,0,0.82,0.0,,123.0,9
29,A0030501,A003,5,CSUV,SUV compacto,EMPRESAS_RENTING,773,0,0.85,0.0,,120.0,9
30,A0030601,A003,6,CSUV,SUV compacto,EMPRESAS_RENTING,880,0,0.867,0.0,,130.0,10
31,A0030701,A003,7,CSUV,SUV compacto,EMPRESAS_RENTING,762,0,0.874,0.0,,131.0,9
32,A0030801,A003,8,CSUV,SUV compacto,EMPRESAS_RENTING,531,0,0.857,0.0,,127.0,9
33,A0030901,A003,9,CSUV,SUV compacto,EMPRESAS_RENTING,695,0,0.879,0.0,,126.0,11
34,A0031001,A003,10,CSUV,SUV compacto,EMPRESAS_RENTING,858,0,0.932,0.0,,122.0,10
35,A0031101,A003,11,CSUV,SUV compacto,EMPRESAS_RENTING,1109,0,0.884,0.0,,129.0,11
36,A0031201,A003,12,CSUV,SUV compacto,EMPRESAS_RENTING,1089,0,0.93,0.0,,130.0,9
37,A0040101,A004,1,CSUV,SUV compacto,EMPRESAS_RENTING,896,0,0.923,0.0,0.094,132.0,10
38,A0040201,A004,2,CSUV,SUV compacto,EMPRESAS_RENTING,783,0,0.881,0.0,0.126,133.0,9
39,A0040301,A004,3,CSUV,SUV compacto,EMPRESAS_RENTING,973,0,0.849,0.0,0.188,127.0,10
40,A0040401,A004,4,CSUV,SUV compacto,EMPRESAS_RENTING,680,0,0.888,0.0,0.229,130.0,9
41,A0040501,A004,5,CSUV,SUV compacto,EMPRESAS_RENTING,928,0,0.839,0.0,0.179,130.0,9
42,A0040601,A004,6,CSUV,SUV compacto,EMPRESAS_RENTING,789,0,0.883,0.0,0.205,130.0,10
43,A0040701,A004,7,CSUV,SUV compacto,EMPRESAS_RENTING,979,0,0.927,0.0,0.298,129.0,10
44,A0040801,A004,8,CSUV,SUV compacto,EMPRESAS_RENTING,650,0,0.892,0.0,0.192,127.0,8
45,A0040901,A004,9,CSUV,SUV compacto,EMPRESAS_RENTING,972,0,0.922,0.0,0.188,130.0,8
46,A0041001,A004,10,CSUV,SUV compacto,EMPRESAS_RENTING,1079,0,0.893,0.0,0.118,131.0,9
47,A0041101,A004,11,CSUV,SUV compacto,EMPRESAS_RENTING,883,0,0.901,0.0,0.171,128.0,9
48,A0041201,A004,12,CSUV,SUV compacto,EMPRESAS_RENTING,818,0,0.89,0.0,0.166,131.0,8
49,A0050101,A005,1,CSUV,SUV compacto,EMPRESAS_RENTING,702,0,0.859,0.0,0.185,132.0,9
50,A0050201,A005,2,CSUV,SUV compacto,EMPRESAS_RENTING,685,0,0.911,0.0,0.147,135.0,8
51,A0050301,A005,3,CSUV,SUV compacto,EMPRESAS_RENTING,949,0,0.863,0.0,0.142,130.0,9
52,A0050401,A005,4,CSUV,SUV compacto,EMPRESAS_RENTING,835,0,0.917,0.0,0.129,131.0,9
53,A0050501,A005,5,CSUV,SUV compacto,EMPRESAS_RENTING,904,0,0.9,0.0,0.17,128.0,9
54,A0050601,A005,6,CSUV,SUV compacto,EMPRESAS_RENTING,968,0,0.897,0.0,0.144,129.0,10
55,A0050701,A005,7,CSUV,SUV compacto,EMPRESAS_RENTING,846,0,0.896,0.0,0.157,133.0,10
56,A0050801,A005,8,CSUV,SUV compacto,EMPRESAS_RENTING,639,0,0.917,0.0,0.158,130.0,10
57,A0050901,A005,9,CSUV,SUV compacto,EMPRESAS_RENTING,717,0,0.915,0.0,0.12,134.0,10
58,A0051001,A005,10,CSUV,SUV compacto,EMPRESAS_RENTING,827,0,0.873,0.0,0.162,125.0,11
59,A0051101,A005,11,CSUV,SUV compacto,EMPRESAS_RENTING,776,0,0.905,0.0,0.144,130.0,11
60,A0051201,A005,12,CSUV,SUV compacto,EMPRESAS_RENTING,641,0,0.92,0.0,0.159,127.0,11
61,A0060101,A006,1,CSUV,SUV compacto,EMPRESAS_RENTING,618,0,0.919,0.0,0.217,128.0,11
62,A0060201,A006,2,CSUV,SUV compacto,EMPRESAS_RENTING,478,0,0.916,0.0,0.268,129.0,11
63,A0060301,A006,3,CSUV,SUV compacto,EMPRESAS_RENTING,673,0,0.927,0.0,0.257,127.0,11
64,A0060401,A006,4,CSUV,SUV compacto,EMPRESAS_RENTING,868,0,0.952,0.0,0.168,125.0,11
65,A0060501,A006,5,CSUV,SUV compacto,EMPRESAS_RENTING,588,0,0.915,0.0,0.25,126.0,11
66,A0060601,A006,6,CSUV,SUV compacto,EMPRESAS_RENTING,629,0,0.922,0.0,0.213,129.0,11
67,A0060701,A006,7,CSUV,SUV compacto,EMPRESAS_RENTING,641,0,0.922,0.0,0.232,131.0,11
68,A0060801,A006,8,CSUV,SUV compacto,EMPRESAS_RENTING,387,0,0.966,0.0,0.3,127.0,11
69,A0060901,A006,9,CSUV,SUV compacto,EMPRESAS_RENTING,717,0,0.897,0.0,0.262,124.0,11
70,A0061001,A006,10,CSUV,SUV compacto,EMPRESAS_RENTING,803,0,0.919,0.0,0.257,123.0,11
71,A0061101,A006,11,CSUV,SUV compacto,EMPRESAS_RENTING,695,0,0.935,0.0,0.332,122.0,11
72,A0061201,A006,12,CSUV,SUV compacto,EMPRESAS_RENTING,614,0,0.932,0.0,0.327,123.0,11
73,A0070101,A007,1,CSUV,SUV compacto,EMPRESAS_RENTING,682,0,0.941,0.0,0.264,124.0,10
74,A0070201,A007,2,CSUV,SUV compacto,EMPRESAS_RENTING,490,0,0.869,0.0,0.206,123.0,10
75,A0070301,A007,3,CSUV,SUV compacto,EMPRESAS_RENTING,903,0,0.899,0.0,0.296,122.0,11
76,A0070401,A007,4,CSUV,SUV compacto,EMPRESAS_RENTING,781,0,0.928,0.0,0.209,122.0,11
77,A0070501,A007,5,CSUV,SUV compacto,EMPRESAS_RENTING,741,0,0.93,0.0,0.246,122.0,11
78,A0070601,A007,6,CSUV,SUV compacto,EMPRESAS_RENTING,877,0,0.889,0.0,0.312,118.0,9
79,A0070701,A007,7,CSUV,SUV compacto,EMPRESAS_RENTING,887,0,0.92,0.0,0.255,119.0,10
80,A0070801,A007,8,CSUV,SUV compacto,EMPRESAS_RENTING,564,0,0.911,0.0,0.239,120.0,9
81,A0070901,A007,9,CSUV,SUV compacto,EMPRESAS_RENTING,695,0,0.918,0.0,0.203,119.0,10
82,A0071001,A007,10,CSUV,SUV compacto,EMPRESAS_RENTING,884,0,0.897,0.0,0.235,120.0,10
83,A0071101,A007,11,CSUV,SUV compacto,EMPRESAS_RENTING,939,0,0.899,0.0,0.227,118.0,10
84,A0071201,A007,12,CSUV,SUV compacto,EMPRESAS_RENTING,858,0,0.881,0.0,0.275,120.0,11
85,A0080101,A008,1,CSUV,SUV compacto,EMPRESAS_RENTING,928,0,0.85,0.0,0.263,124.0,10
86,A0080201,A008,2,CSUV,SUV compacto,EMPRESAS_RENTING,1008,0,0.883,0.0,0.227,124.0,11
87,A0080301,A008,3,CSUV,SUV compacto,EMPRESAS_RENTING,1622,0,0.932,0.0,0.257,120.0,11
88,A0080401,A008,4,CSUV,SUV compacto,EMPRESAS_RENTING,1110,0,0.888,0.0,0.262,119.0,11
89,A0080501,A008,5,CSUV,SUV compacto,EMPRESAS_RENTING,1566,0,0.887,0.0,0.277,119.0,12
90,A0080601,A008,6,CSUV,SUV compacto,EMPRESAS_RENTING,1542,0,0.868,0.0,0.25,120.0,12
91,A0080701,A008,7,CSUV,SUV compacto,EMPRESAS_RENTING,1675,0,0.868,0.0,0.257,119.0,12
92,A0080801,A008,8,CSUV,SUV compacto,EMPRESAS_RENTING,971,0,0.831,0.0,0.251,120.0,12
93,A0080901,A008,9,CSUV,SUV compacto,EMPRESAS_RENTING,1674,0,0.882,0.0,0.379,119.0,13
94,A0081001,A008,10,CSUV,SUV compacto,EMPRESAS_RENTING,1649,0,0.913,0.0,0.389,119.0,13
95,A0081101,A008,11,CSUV,SUV compacto,EMPRESAS_RENTING,1792,0,0.921,0.0,0.42,120.0,13
96,A0081201,A008,12,CSUV,SUV compacto,EMPRESAS_RENTING,1621,0,0.912,0.0,0.306,121.0,13
97,A0090101,A009,1,CSUV,SUV compacto,EMPRESAS_RENTING,1318,0,0.877,0.0,0.316,122.0,13
98,A0090201,A009,2,CSUV,SUV compacto,EMPRESAS_RENTING,1345,0,0.885,0.0,0.314,119.0,14
99,A0090301,A009,3,CSUV,SUV compacto,EMPRESAS_RENTING,1944,0,0.888,0.0,0.337,119.0,14
100,A0090401,A009,4,CSUV,SUV compacto,EMPRESAS_RENTING,1682,0,0.894,0.0,0.255,120.0,12
101,A0090501,A009,5,CSUV,SUV compacto,EMPRESAS_RENTING,2013,0,0.899,0.0,0.381,122.0,13
102,A0090601,A009,6,CSUV,SUV compacto,EMPRESAS_RENTING,2225,0,0.907,0.0,0.364,121.0,13
103,A0090701,A009,7,CSUV,SUV compacto,EMPRESAS_RENTING,2232,0,0.916,0.0,0.367,121.0,13
104,A0090801,A009,8,CSUV,SUV compacto,EMPRESAS_RENTING,1399,0,0.817,0.059,0.261,123.0,14
105,A0090901,A009,9,CSUV,SUV compacto,EMPRESAS_RENTING,2380,0,0.881,0.022,0.316,121.0,14
106,A0091001,A009,10,CSUV,SUV compacto,EMPRESAS_RENTING,2080,0,0.839,0.018,0.344,123.0,13
107,A0091101,A009,11,CSUV,SUV compacto,EMPRESAS_RENTING,2607,0,0.81,0.069,0.346,122.0,15
108,A0091201,A009,12,CSUV,SUV compacto,EMPRESAS_RENTING,2443,0,0.824,0.049,0.342,122.0,15
109,A0100101,A010,1,CSUV,SUV compacto,EMPRESAS_RENTING,1919,0,0.749,0.105,0.312,124.0,15
110,A0100201,A010,2,CSUV,SUV compacto,EMPRESAS_RENTING,2516,0,0.727,0.087,0.327,122.0,15
111,A0100301,A010,3,CSUV,SUV compacto,EMPRESAS_RENTING,2772,0,0.765,0.067,0.382,122.0,15
112,A0100401,A010,4,CSUV,SUV compacto,EMPRESAS_RENTING,2120,0,0.766,0.086,0.3,122.0,15
113,A0100501,A010,5,CSUV,SUV compacto,EMPRESAS_RENTING,2726,0,0.736,0.099,0.32,122.0,15
114,A0100601,A010,6,CSUV,SUV compacto,EMPRESAS_RENTING,2906,0,0.723,0.101,0.352,122.0,15
115,A0100701,A010,7,CSUV,SUV compacto,EMPRESAS_RENTING,3081,0,0.763,0.078,0.287,121.0,15
116,A0100801,A010,8,CSUV,SUV compacto,EMPRESAS_RENTING,1826,0,0.655,0.099,0.197,123.0,15
117,A0100901,A010,9,CSUV,SUV compacto,EMPRESAS_RENTING,3104,0,0.764,0.07,0.36,121.0,15
118,A0101001,A010,10,CSUV,SUV compacto,EMPRESAS_RENTING,2854,0,0.655,0.096,0.342,124.0,15
119,A0101101,A010,11,CSUV,SUV compacto,EMPRESAS_RENTING,2949,0,0.614,0.132,0.277,123.0,16
120,A0101201,A010,12,CSUV,SUV compacto,EMPRESAS_RENTING,2680,0,0.57,0.115,0.269,126.0,16
121,A0110101,A011,1,CSUV,SUV compacto,EMPRESAS_RENTING,2807,0,0.595,0.113,0.229,128.0,16
122,A0110201,A011,2,CSUV,SUV compacto,EMPRESAS_RENTING,2856,0,0.571,0.113,0.263,125.0,15
123,A0110301,A011,3,CSUV,SUV compacto,EMPRESAS_RENTING,3624,0,0.62,0.089,0.26,124.0,15
124,A0110401,A011,4,CSUV,SUV compacto,EMPRESAS_RENTING,3136,0,0.569,0.123,0.337,127.0,15
125,A0110501,A011,5,CSUV,SUV compacto,EMPRESAS_RENTING,3703,0,0.555,0.116,0.308,127.0,15
126,A0110601,A011,6,CSUV,SUV compacto,EMPRESAS_RENTING,4703,0,0.452,0.128,0.433,126.0,15
127,A0110701,A011,7,CSUV,SUV compacto,EMPRESAS_RENTING,6249,0,0.56,0.093,0.305,125.0,16
128,A0110801,A011,8,CSUV,SUV compacto,EMPRESAS_RENTING,5954,0,0.601,0.074,0.241,126.0,15
129,A0110901,A011,9,CSUV,SUV compacto,EMPRESAS_RENTING,2844,0,0.528,0.147,0.23,124.0,17
130,A0111001,A011,10,CSUV,SUV compacto,EMPRESAS_RENTING,3798,0,0.485,0.146,0.345,129.0,15
131,A0111101,A011,11,CSUV,SUV compacto,EMPRESAS_RENTING,3790,0,0.425,0.139,0.34,128.0,16
132,A0111201,A011,12,CSUV,SUV compacto,EMPRESAS_RENTING,3550,0,0.457,0.116,0.363,129.0,15
133,A0120101,A012,1,CSUV,SUV compacto,EMPRESAS_RENTING,3649,0,0.323,0.147,0.239,134.0,16
134,A0120201,A012,2,CSUV,SUV compacto,EMPRESAS_RENTING,4403,0,0.331,0.148,0.29,131.0,15
135,A0120301,A012,3,CSUV,SUV compacto,EMPRESAS_RENTING,4986,0,0.336,0.126,0.367,133.0,15
136,A0120401,A012,4,CSUV,SUV compacto,EMPRESAS_RENTING,4303,0,0.263,0.159,0.362,132.0,15
137,A0120501,A012,5,CSUV,SUV compacto,EMPRESAS_RENTING,4943,0,0.315,0.129,0.382,134.0,15
138,A0120601,A012,6,CSUV,SUV compacto,EMPRESAS_RENTING,4931,0,0.348,0.121,0.401,134.0,15
139,A0120701,A012,7,CSUV,SUV compacto,EMPRESAS_RENTING,4647,0,0.393,0.144,0.471,134.0,16
140,A0120801,A012,8,CSUV,SUV compacto,EMPRESAS_RENTING,4065,91,0.323,0.125,0.31,131.0,17
141,A0120901,A012,9,CSUV,SUV compacto,EMPRESAS_RENTING,4428,23,0.394,0.096,0.376,136.0,17
142,A0121001,A012,10,CSUV,SUV compacto,EMPRESAS_RENTING,4777,96,0.451,0.109,0.437,134.0,17
143,A0121101,A012,11,CSUV,SUV compacto,EMPRESAS_RENTING,5091,43,0.326,0.316,0.538,131.0,17
144,A0121201,A012,12,CSUV,SUV compacto,EMPRESAS_RENTING,4625,98,0.369,0.249,0.517,130.0,16
1,A0010101,A001,1,CSUV,SUV compacto,PARTICULARES,1784,1,0.707,0.0,,128.0,10
2,A0010201,A001,2,CSUV,SUV compacto,PARTICULARES,1765,0,0.671,0.0,,131.0,8
3,A0010301,A001,3,CSUV,SUV compacto,PARTICULARES,1799,1,0.577,0.0,,135.0,9
4,A0010401,A001,4,CSUV,SUV compacto,PARTICULARES,2323,0,0.594,0.0,,134.0,8
5,A0010501,A001,5,CSUV,SUV compacto,PARTICULARES,2183,0,0.552,0.0,,135.0,8
6,A0010601,A001,6,CSUV,SUV compacto,PARTICULARES,2148,0,0.612,0.0,,133.0,8
7,A0010701,A001,7,CSUV,SUV compacto,PARTICULARES,2214,0,0.608,0.0,,132.0,8
8,A0010801,A001,8,CSUV,SUV compacto,PARTICULARES,1491,0,0.636,0.0,,131.0,8
9,A0010901,A001,9,CSUV,SUV compacto,PARTICULARES,1417,0,0.629,0.0,,131.0,9
10,A0011001,A001,10,CSUV,SUV compacto,PARTICULARES,1575,0,0.67,0.0,,132.0,8
11,A0011101,A001,11,CSUV,SUV compacto,PARTICULARES,1517,0,0.612,0.0,,134.0,8
12,A0011201,A001,12,CSUV,SUV compacto,PARTICULARES,1847,0,0.619,0.0,,134.0,8
13,A0020101,A002,1,CSUV,SUV compacto,PARTICULARES,1582,0,0.613,0.0,,133.0,9
14,A0020201,A002,2,CSUV,SUV compacto,PARTICULARES,1459,0,0.604,0.0,,131.0,8
15,A0020301,A002,3,CSUV,SUV compacto,PARTICULARES,1981,0,0.536,0.0,,131.0,8
16,A0020401,A002,4,CSUV,SUV compacto,PARTICULARES,1569,0,0.619,0.0,,131.0,8
17,A0020501,A002,5,CSUV,SUV compacto,PARTICULARES,1576,0,0.633,0.0,,129.0,7
18,A0020601,A002,6,CSUV,SUV compacto,PARTICULARES,2261,0,0.666,0.0,,129.0,9
19,A0020701,A002,7,CSUV,SUV compacto,PARTICULARES,2713,0,0.626,0.0,,129.0,10
20,A0020801,A002,8,CSUV,SUV compacto,PARTICULARES,2314,0,0.72,0.0,,126.0,9
21,A0020901,A002,9,CSUV,SUV compacto,PARTICULARES,2204,1,0.771,0.0,,124.0,9
22,A0021001,A002,10,CSUV,SUV compacto,PARTICULARES,2390,0,0.74,0.0,,125.0,10
23,A0021101,A002,11,CSUV,SUV compacto,PARTICULARES,2579,0,0.762,0.0,,124.0,8
24,A0021201,A002,12,CSUV,SUV compacto,PARTICULARES,3355,1,0.81,0.0,,124.0,9
25,A0030101,A003,1,CSUV,SUV compacto,PARTICULARES,2722,0,0.773,0.0,,125.0,9
26,A0030201,A003,2,CSUV,SUV compacto,PARTICULARES,2907,0,0.783,0.0,,126.0,8
27,A0030301,A003,3,CSUV,SUV compacto,PARTICULARES,2801,0,0.765,0.0,,126.0,8
28,A0030401,A003,4,CSUV,SUV compacto,PARTICULARES,2632,0,0.771,0.0,,125.0,9
29,A0030501,A003,5,CSUV,SUV compacto,PARTICULARES,3745,0,0.767,0.0,,120.0,9
30,A0030601,A003,6,CSUV,SUV compacto,PARTICULARES,4569,0,0.761,0.0,,123.0,9
31,A0030701,A003,7,CSUV,SUV compacto,PARTICULARES,2697,0,0.746,0.0,,129.0,9
32,A0030801,A003,8,CSUV,SUV compacto,PARTICULARES,1837,0,0.779,0.0,,125.0,9
33,A0030901,A003,9,CSUV,SUV compacto,PARTICULARES,2282,0,0.808,0.0,,122.0,11
34,A0031001,A003,10,CSUV,SUV compacto,PARTICULARES,3196,0,0.814,0.0,,119.0,10
35,A0031101,A003,11,CSUV,SUV compacto,PARTICULARES,3361,0,0.809,0.0,,123.0,10
36,A0031201,A003,12,CSUV,SUV compacto,PARTICULARES,3347,0,0.819,0.0,,125.0,11
37,A0040101,A004,1,CSUV,SUV compacto,PARTICULARES,2642,0,0.796,0.0,0.0,126.0,10
38,A0040201,A004,2,CSUV,SUV compacto,PARTICULARES,2913,0,0.776,0.0,0.0,127.0,9
39,A0040301,A004,3,CSUV,SUV compacto,PARTICULARES,3178,0,0.721,0.0,0.0,125.0,10
40,A0040401,A004,4,CSUV,SUV compacto,PARTICULARES,2391,0,0.77,0.0,0.0,123.0,9
41,A0040501,A004,5,CSUV,SUV compacto,PARTICULARES,2618,0,0.773,0.0,0.0,124.0,9
42,A0040601,A004,6,CSUV,SUV compacto,PARTICULARES,2897,0,0.792,0.0,0.0,126.0,9
43,A0040701,A004,7,CSUV,SUV compacto,PARTICULARES,3153,0,0.803,0.0,0.0,128.0,9
44,A0040801,A004,8,CSUV,SUV compacto,PARTICULARES,2184,0,0.84,0.0,0.0,127.0,8
45,A0040901,A004,9,CSUV,SUV compacto,PARTICULARES,2346,0,0.802,0.0,0.0,127.0,9
46,A0041001,A004,10,CSUV,SUV compacto,PARTICULARES,2081,0,0.768,0.0,0.0,124.0,8
47,A0041101,A004,11,CSUV,SUV compacto,PARTICULARES,2664,0,0.778,0.0,0.0,125.0,8
48,A0041201,A004,12,CSUV,SUV compacto,PARTICULARES,2963,0,0.757,0.0,0.0,123.0,10
49,A0050101,A005,1,CSUV,SUV compacto,PARTICULARES,2363,0,0.747,0.0,0.0,126.0,8
50,A0050201,A005,2,CSUV,SUV compacto,PARTICULARES,2243,0,0.754,0.0,0.0,125.0,9
51,A0050301,A005,3,CSUV,SUV compacto,PARTICULARES,2590,0,0.757,0.0,0.0,124.0,8
52,A0050401,A005,4,CSUV,SUV compacto,PARTICULARES,1835,0,0.739,0.0,0.0,124.0,8
53,A0050501,A005,5,CSUV,SUV compacto,PARTICULARES,2101,0,0.743,0.0,0.0,124.0,9
54,A0050601,A005,6,CSUV,SUV compacto,PARTICULARES,1937,0,0.77,0.0,0.0,124.0,9
55,A0050701,A005,7,CSUV,SUV compacto,PARTICULARES,2005,0,0.77,0.0,0.0,123.0,9
56,A0050801,A005,8,CSUV,SUV compacto,PARTICULARES,2243,0,0.776,0.0,0.0,123.0,11
57,A0050901,A005,9,CSUV,SUV compacto,PARTICULARES,1020,0,0.756,0.0,0.0,122.0,9
58,A0051001,A005,10,CSUV,SUV compacto,PARTICULARES,1488,0,0.716,0.0,0.0,120.0,10
59,A0051101,A005,11,CSUV,SUV compacto,PARTICULARES,1643,0,0.698,0.0,0.0,121.0,11
60,A0051201,A005,12,CSUV,SUV compacto,PARTICULARES,2003,0,0.77,0.0,0.0,120.0,11
61,A0060101,A006,1,CSUV,SUV compacto,PARTICULARES,1819,0,0.783,0.0,0.0,122.0,11
62,A0060201,A006,2,CSUV,SUV compacto,PARTICULARES,1472,0,0.792,0.0,0.0,121.0,11
63,A0060301,A006,3,CSUV,SUV compacto,PARTICULARES,2159,0,0.785,0.0,0.0,122.0,11
64,A0060401,A006,4,CSUV,SUV compacto,PARTICULARES,1920,0,0.793,0.0,0.0,122.0,11
65,A0060501,A006,5,CSUV,SUV compacto,PARTICULARES,2292,0,0.781,0.0,0.0,121.0,11
66,A0060601,A006,6,CSUV,SUV compacto,PARTICULARES,2276,0,0.79,0.0,0.0,120.0,11
67,A0060701,A006,7,CSUV,SUV compacto,PARTICULARES,2720,0,0.776,0.0,0.0,122.0,11
68,A0060801,A006,8,CSUV,SUV compacto,PARTICULARES,2066,0,0.81,0.0,0.0,119.0,11
69,A0060901,A006,9,CSUV,SUV compacto,PARTICULARES,1718,0,0.815,0.0,0.0,120.0,11
70,A0061001,A006,10,CSUV,SUV compacto,PARTICULARES,2214,0,0.804,0.0,0.0,119.0,11
71,A0061101,A006,11,CSUV,SUV compacto,PARTICULARES,2773,0,0.809,0.0,0.0,119.0,11
72,A0061201,A006,12,CSUV,SUV compacto,PARTICULARES,3033,0,0.827,0.0,0.0,117.0,11
73,A0070101,A007,1,CSUV,SUV compacto,PARTICULARES,2099,0,0.813,0.0,0.0,123.0,10
74,A0070201,A007,2,CSUV,SUV compacto,PARTICULARES,2312,0,0.807,0.0,0.0,122.0,10
75,A0070301,A007,3,CSUV,SUV compacto,PARTICULARES,2985,0,0.823,0.0,0.0,120.0,10
76,A0070401,A007,4,CSUV,SUV compacto,PARTICULARES,2675,0,0.781,0.0,0.0,119.0,11
77,A0070501,A007,5,CSUV,SUV compacto,PARTICULARES,2970,0,0.785,0.0,0.0,119.0,11
78,A0070601,A007,6,CSUV,SUV compacto,PARTICULARES,2755,0,0.8,0.0,0.0,117.0,8
79,A0070701,A007,7,CSUV,SUV compacto,PARTICULARES,3339,0,0.823,0.0,0.0,118.0,11
80,A0070801,A007,8,CSUV,SUV compacto,PARTICULARES,2184,0,0.795,0.0,0.0,117.0,10
81,A0070901,A007,9,CSUV,SUV compacto,PARTICULARES,2362,0,0.793,0.0,0.0,119.0,10
82,A0071001,A007,10,CSUV,SUV compacto,PARTICULARES,3618,0,0.773,0.0,0.0,118.0,11
83,A0071101,A007,11,CSUV,SUV compacto,PARTICULARES,3076,0,0.732,0.0,0.0,119.0,10
84,A0071201,A007,12,CSUV,SUV compacto,PARTICULARES,4223,0,0.765,0.0,0.0,118.0,10
85,A0080101,A008,1,CSUV,SUV compacto,PARTICULARES,3024,0,0.742,0.0,0.0,119.0,11
86,A0080201,A008,2,CSUV,SUV compacto,PARTICULARES,3533,0,0.738,0.0,0.0,120.0,12
87,A0080301,A008,3,CSUV,SUV compacto,PARTICULARES,4269,0,0.721,0.0,0.0,120.0,11
88,A0080401,A008,4,CSUV,SUV compacto,PARTICULARES,3281,0,0.729,0.0,0.0,121.0,11
89,A0080501,A008,5,CSUV,SUV compacto,PARTICULARES,3866,0,0.709,0.0,0.0,119.0,11
90,A0080601,A008,6,CSUV,SUV compacto,PARTICULARES,3935,0,0.739,0.0,0.0,120.0,12
91,A0080701,A008,7,CSUV,SUV compacto,PARTICULARES,5151,0,0.69,0.0,0.0,121.0,12
92,A0080801,A008,8,CSUV,SUV compacto,PARTICULARES,3116,0,0.71,0.0,0.0,121.0,12
93,A0080901,A008,9,CSUV,SUV compacto,PARTICULARES,3713,0,0.673,0.0,0.0,121.0,13
94,A0081001,A008,10,CSUV,SUV compacto,PARTICULARES,4365,0,0.641,0.0,0.0,121.0,13
95,A0081101,A008,11,CSUV,SUV compacto,PARTICULARES,4557,0,0.671,0.0,0.0,122.0,13
96,A0081201,A008,12,CSUV,SUV compacto,PARTICULARES,5219,0,0.673,0.0,0.0,121.0,13
97,A0090101,A009,1,CSUV,SUV compacto,PARTICULARES,3657,0,0.634,0.0,0.0,123.0,13
98,A0090201,A009,2,CSUV,SUV compacto,PARTICULARES,4332,0,0.602,0.0,0.0,121.0,13
99,A0090301,A009,3,CSUV,SUV compacto,PARTICULARES,4846,0,0.637,0.0,0.0,122.0,12
100,A0090401,A009,4,CSUV,SUV compacto,PARTICULARES,4588,0,0.647,0.0,0.0,121.0,12
101,A0090501,A009,5,CSUV,SUV compacto,PARTICULARES,5002,0,0.601,0.0,0.0,121.0,12
102,A0090601,A009,6,CSUV,SUV compacto,PARTICULARES,5718,0,0.643,0.0,0.0,121.0,13
103,A0090701,A009,7,CSUV,SUV compacto,PARTICULARES,6381,0,0.592,0.0,0.0,121.0,13
104,A0090801,A009,8,CSUV,SUV compacto,PARTICULARES,3914,0,0.571,0.002,0.0,122.0,14
105,A0090901,A009,9,CSUV,SUV compacto,PARTICULARES,4942,0,0.55,0.021,0.0,124.0,14
106,A0091001,A009,10,CSUV,SUV compacto,PARTICULARES,5955,0,0.503,0.024,0.0,125.0,14
107,A0091101,A009,11,CSUV,SUV compacto,PARTICULARES,6583,0,0.524,0.029,0.0,126.0,15
108,A0091201,A009,12,CSUV,SUV compacto,PARTICULARES,7180,0,0.479,0.06,0.0,125.0,15
109,A0100101,A010,1,CSUV,SUV compacto,PARTICULARES,5623,0,0.349,0.198,0.0,126.0,15
110,A0100201,A010,2,CSUV,SUV compacto,PARTICULARES,6262,0,0.329,0.185,0.0,127.0,15
111,A0100301,A010,3,CSUV,SUV compacto,PARTICULARES,8199,0,0.361,0.102,0.0,127.0,15
112,A0100401,A010,4,CSUV,SUV compacto,PARTICULARES,5972,0,0.321,0.147,0.0,127.0,15
113,A0100501,A010,5,CSUV,SUV compacto,PARTICULARES,6947,0,0.328,0.182,0.0,127.0,15
114,A0100601,A010,6,CSUV,SUV compacto,PARTICULARES,7914,0,0.341,0.155,0.0,125.0,15
115,A0100701,A010,7,CSUV,SUV compacto,PARTICULARES,7492,0,0.379,0.136,0.0,125.0,15
116,A0100801,A010,8,CSUV,SUV compacto,PARTICULARES,5574,0,0.363,0.159,0.0,125.0,15
117,A0100901,A010,9,CSUV,SUV compacto,PARTICULARES,6139,0,0.348,0.134,0.0,127.0,15
118,A0101001,A010,10,CSUV,SUV compacto,PARTICULARES,6729,0,0.319,0.136,0.0,127.0,15
119,A0101101,A010,11,CSUV,SUV compacto,PARTICULARES,7623,0,0.295,0.139,0.0,127.0,16
120,A0101201,A010,12,CSUV,SUV compacto,PARTICULARES,7386,0,0.317,0.131,0.0,126.0,16
121,A0110101,A011,1,CSUV,SUV compacto,PARTICULARES,6413,0,0.235,0.198,0.0,129.0,15
122,A0110201,A011,2,CSUV,SUV compacto,PARTICULARES,6636,0,0.246,0.171,0.0,130.0,15
123,A0110301,A011,3,CSUV,SUV compacto,PARTICULARES,7044,0,0.238,0.144,0.0,130.0,15
124,A0110401,A011,4,CSUV,SUV compacto,PARTICULARES,7310,0,0.204,0.16,0.0,131.0,15
125,A0110501,A011,5,CSUV,SUV compacto,PARTICULARES,9185,0,0.216,0.158,0.0,129.0,15
126,A0110601,A011,6,CSUV,SUV compacto,PARTICULARES,9004,0,0.212,0.161,0.0,129.0,15
127,A0110701,A011,7,CSUV,SUV compacto,PARTICULARES,9141,0,0.213,0.151,0.0,128.0,15
128,A0110801,A011,8,CSUV,SUV compacto,PARTICULARES,8058,0,0.218,0.18,0.0,127.0,15
129,A0110901,A011,9,CSUV,SUV compacto,PARTICULARES,4920,0,0.185,0.28,0.0,125.0,15
130,A0111001,A011,10,CSUV,SUV compacto,PARTICULARES,7703,0,0.171,0.207,0.0,128.0,16
131,A0111101,A011,11,CSUV,SUV compacto,PARTICULARES,8161,0,0.165,0.187,0.0,129.0,15
132,A0111201,A011,12,CSUV,SUV compacto,PARTICULARES,7381,0,0.191,0.176,0.0,129.0,15
133,A0120101,A012,1,CSUV,SUV compacto,PARTICULARES,7231,0,0.175,0.185,0.0,131.0,16
134,A0120201,A012,2,CSUV,SUV compacto,PARTICULARES,7483,0,0.228,0.128,0.0,132.0,16
135,A0120301,A012,3,CSUV,SUV compacto,PARTICULARES,8615,0,0.217,0.128,0.0,133.0,16
136,A0120401,A012,4,CSUV,SUV compacto,PARTICULARES,7313,0,0.222,0.131,0.0,132.0,16
137,A0120501,A012,5,CSUV,SUV compacto,PARTICULARES,8571,0,0.244,0.126,0.0,132.0,16
138,A0120601,A012,6,CSUV,SUV compacto,PARTICULARES,7585,0,0.212,0.138,0.0,132.0,16
139,A0120701,A012,7,CSUV,SUV compacto,PARTICULARES,8168,0,0.189,0.132,0.0,133.0,16
140,A0120801,A012,8,CSUV,SUV compacto,PARTICULARES,6330,28,0.195,0.124,0.0,131.0,17
141,A0120901,A012,9,CSUV,SUV compacto,PARTICULARES,5667,171,0.226,0.167,0.0,133.0,16
142,A0121001,A012,10,CSUV,SUV compacto,PARTICULARES,7197,249,0.212,0.175,0.0,133.0,17
143,A0121101,A012,11,CSUV,SUV compacto,PARTICULARES,7613,324,0.202,0.176,0.0,134.0,17
144,A0121201,A012,12,CSUV,SUV compacto,PARTICULARES,7427,303,0.204,0.156,0.0,134.0,16
1,A0010101,A001,1,MD,Berlina media,ALQUILADORES,433,1,0.995,0.0,,131.0,12
2,A0010201,A001,2,MD,Berlina media,ALQUILADORES,1012,3,0.974,0.0,,133.0,13
3,A0010301,A001,3,MD,Berlina media,ALQUILADORES,1508,4,0.916,0.0,,131.0,12
4,A0010401,A001,4,MD,Berlina media,ALQUILADORES,1177,1,0.974,0.0,,129.0,12
5,A0010501,A001,5,MD,Berlina media,ALQUILADORES,1218,2,0.96,0.0,,130.0,13
6,A0010601,A001,6,MD,Berlina media,ALQUILADORES,1595,4,0.908,0.0,,133.0,14
7,A0010701,A001,7,MD,Berlina media,ALQUILADORES,833,5,0.975,0.0,,132.0,11
8,A0010801,A001,8,MD,Berlina media,ALQUILADORES,95,1,0.958,0.0,,129.0,11
9,A0010901,A001,9,MD,Berlina media,ALQUILADORES,143,4,0.993,0.0,,132.0,12
10,A0011001,A001,10,MD,Berlina media,ALQUILADORES,104,4,0.981,0.0,,142.0,6
11,A0011101,A001,11,MD,Berlina media,ALQUILADORES,81,3,1.0,0.0,,141.0,8
12,A0011201,A001,12,MD,Berlina media,ALQUILADORES,208,4,0.899,0.0,,132.0,16
13,A0020101,A002,1,MD,Berlina media,ALQUILADORES,183,1,0.956,0.0,,135.0,9
14,A0020201,A002,2,MD,Berlina media,ALQUILADORES,138,0,0.957,0.0,,138.0,8
15,A0020301,A002,3,MD,Berlina media,ALQUILADORES,135,1,0.993,0.0,,135.0,10
16,A0020401,A002,4,MD,Berlina media,ALQUILADORES,398,2,0.952,0.0,,126.0,11
17,A0020501,A002,5,MD,Berlina media,ALQUILADORES,517,1,0.932,0.0,,137.0,10
18,A0020601,A002,6,MD,Berlina media,ALQUILADORES,470,2,0.938,0.0,,137.0,13
19,A0020701,A002,7,MD,Berlina media,ALQUILADORES,109,5,0.991,0.0,,136.0,10
20,A0020801,A002,8,MD,Berlina media,ALQUILADORES,48,1,0.958,0.0,,135.0,10
21,A0020901,A002,9,MD,Berlina media,ALQUILADORES,62,0,0.984,0.0,,144.0,9
22,A0021001,A002,10,MD,Berlina media,ALQUILADORES,57,1,0.965,0.0,,132.0,10
23,A0021101,A002,11,MD,Berlina media,ALQUILADORES,97,0,0.99,0.0,,132.0,9
24,A0021201,A002,12,MD,Berlina media,ALQUILADORES,258,4,0.988,0.0,,129.0,10
25,A0030101,A003,1,MD,Berlina media,ALQUILADORES,351,0,0.938,0.0,,140.0,13
26,A0030201,A003,2,MD,Berlina media,ALQUILADORES,476,0,0.894,0.0,,143.0,10
27,A0030301,A003,3,MD,Berlina media,ALQUILADORES,681,0,0.999,0.0,,131.0,10
28,A0030401,A003,4,MD,Berlina media,ALQUILADORES,536,0,0.933,0.0,,137.0,8
29,A0030501,A003,5,MD,Berlina media,ALQUILADORES,215,2,0.991,0.0,,138.0,11
30,A0030601,A003,6,MD,Berlina media,ALQUILADORES,797,0,0.999,0.0,,135.0,13
31,A0030701,A003,7,MD,Berlina media,ALQUILADORES,168,0,0.924,0.0,,131.0,9
32,A0030801,A003,8,MD,Berlina media,ALQUILADORES,43,0,0.953,0.0,,142.0,7
33,A0030901,A003,9,MD,Berlina media,ALQUILADORES,41,1,0.953,0.0,,137.0,11
34,A0031001,A003,10,MD,Berlina media,ALQUILADORES,53,0,1.0,0.0,,136.0,9
35,A0031101,A003,11,MD,Berlina media,ALQUILADORES,32,0,1.0,0.0,,142.0,10
36,A0031201,A003,12,MD,Berlina media,ALQUILADORES,144,0,0.993,0.0,,143.0,7
37,A0040101,A004,1,MD,Berlina media,ALQUILADORES,265,0,0.996,0.0,0.0,144.0,10
38,A0040201,A004,2,MD,Berlina media,ALQUILADORES,989,0,0.999,0.0,0.0,143.0,8
39,A0040301,A004,3,MD,Berlina media,ALQUILADORES,1083,0,0.998,0.0,0.044,136.0,9
40,A0040401,A004,4,MD,Berlina media,ALQUILADORES,437,0,0.993,0.0,0.002,142.0,10
41,A0040501,A004,5,MD,Berlina media,ALQUILADORES,629,0,1.0,0.0,0.045,134.0,8
42,A0040601,A004,6,MD,Berlina media,ALQUILADORES,1133,2,0.999,0.0,0.066,131.0,10
43,A0040701,A004,7,MD,Berlina media,ALQUILADORES,386,1,1.0,0.0,0.01,136.0,9
44,A0040801,A004,8,MD,Berlina media,ALQUILADORES,119,0,0.975,0.0,0.017,146.0,8
45,A0040901,A004,9,MD,Berlina media,ALQUILADORES,32,0,1.0,0.0,0.0,146.0,7
46,A0041001,A004,10,MD,Berlina media,ALQUILADORES,27,0,0.833,0.0,0.0,149.0,8
47,A0041101,A004,11,MD,Berlina media,ALQUILADORES,72,0,0.932,0.0,0.603,139.0,9
48,A0041201,A004,12,MD,Berlina media,ALQUILADORES,263,0,1.0,0.0,0.027,138.0,7
49,A0050101,A005,1,MD,Berlina media,ALQUILADORES,339,0,0.861,0.0,0.0,133.0,9
50,A0050201,A005,2,MD,Berlina media,ALQUILADORES,410,0,0.915,0.0,0.136,132.0,11
51,A0050301,A005,3,MD,Berlina media,ALQUILADORES,579,0,0.995,0.0,0.0,141.0,8
52,A0050401,A005,4,MD,Berlina media,ALQUILADORES,475,0,0.992,0.0,0.0,135.0,8
53,A0050501,A005,5,MD,Berlina media,ALQUILADORES,694,0,0.999,0.0,0.033,135.0,10
54,A0050601,A005,6,MD,Berlina media,ALQUILADORES,472,0,0.998,0.0,0.114,145.0,9
55,A0050701,A005,7,MD,Berlina media,ALQUILADORES,171,0,0.708,0.0,0.117,144.0,10
56,A0050801,A005,8,MD,Berlina media,ALQUILADORES,9,0,1.0,0.0,0.111,141.0,6
57,A0050901,A005,9,MD,Berlina media,ALQUILADORES,16,0,0.938,0.0,0.0,148.0,4
58,A0051001,A005,10,MD,Berlina media,ALQUILADORES,52,0,0.981,0.0,0.0,149.0,8
59,A0051101,A005,11,MD,Berlina media,ALQUILADORES,123,0,1.0,0.0,0.276,141.0,5
60,A0051201,A005,12,MD,Berlina media,ALQUILADORES,254,0,1.0,0.0,0.875,127.0,7
61,A0060101,A006,1,MD,Berlina media,ALQUILADORES,65,0,1.0,0.0,0.894,110.0,6
62,A0060201,A006,2,MD,Berlina media,ALQUILADORES,385,0,1.0,0.0,0.425,131.0,6
63,A0060301,A006,3,MD,Berlina media,ALQUILADORES,462,0,0.998,0.0,0.26,133.0,9
64,A0060401,A006,4,MD,Berlina media,ALQUILADORES,329,0,0.991,0.0,0.137,132.0,10
65,A0060501,A006,5,MD,Berlina media,ALQUILADORES,329,0,1.0,0.0,0.027,123.0,10
66,A0060601,A006,6,MD,Berlina media,ALQUILADORES,259,0,0.992,0.0,0.226,125.0,9
67,A0060701,A006,7,MD,Berlina media,ALQUILADORES,256,0,0.996,0.0,0.602,132.0,7
68,A0060801,A006,8,MD,Berlina media,ALQUILADORES,48,0,1.0,0.0,0.86,137.0,6
69,A0060901,A006,9,MD,Berlina media,ALQUILADORES,13,0,0.929,0.0,0.0,138.0,5
70,A0061001,A006,10,MD,Berlina media,ALQUILADORES,19,0,1.0,0.0,0.0,151.0,3
71,A0061101,A006,11,MD,Berlina media,ALQUILADORES,132,0,1.0,0.0,0.007,134.0,6
72,A0061201,A006,12,MD,Berlina media,ALQUILADORES,60,0,0.967,0.0,0.583,125.0,5
73,A0070101,A007,1,MD,Berlina media,ALQUILADORES,52,0,0.982,0.0,0.091,139.0,6
74,A0070201,A007,2,MD,Berlina media,ALQUILADORES,337,0,1.0,0.0,0.145,129.0,7
75,A0070301,A007,3,MD,Berlina media,ALQUILADORES,309,0,1.0,0.0,0.347,127.0,9
76,A0070401,A007,4,MD,Berlina media,ALQUILADORES,234,0,1.0,0.0,0.739,138.0,7
77,A0070501,A007,5,MD,Berlina media,ALQUILADORES,417,0,0.995,0.0,0.438,132.0,8
78,A0070601,A007,6,MD,Berlina media,ALQUILADORES,312,0,1.0,0.0,0.397,131.0,6
79,A0070701,A007,7,MD,Berlina media,ALQUILADORES,79,0,0.976,0.0,0.0,145.0,7
80,A0070801,A007,8,MD,Berlina media,ALQUILADORES,7,0,1.0,0.0,0.143,162.0,4
81,A0070901,A007,9,MD,Berlina media,ALQUILADORES,3,0,1.0,0.0,0.0,148.0,2
82,A0071001,A007,10,MD,Berlina media,ALQUILADORES,2,0,0.75,0.0,0.0,150.0,3
83,A0071101,A007,11,MD,Berlina media,ALQUILADORES,16,0,0.706,0.059,0.0,156.0,6
84,A0071201,A007,12,MD,Berlina media,ALQUILADORES,56,0,0.982,0.018,0.0,143.0,4
85,A0080101,A008,1,MD,Berlina media,ALQUILADORES,140,0,0.986,0.014,0.0,122.0,3
86,A0080201,A008,2,MD,Berlina media,ALQUILADORES,382,0,0.995,0.0,0.265,137.0,8
87,A0080301,A008,3,MD,Berlina media,ALQUILADORES,432,0,0.965,0.023,0.289,139.0,8
88,A0080401,A008,4,MD,Berlina media,ALQUILADORES,374,0,0.987,0.011,0.067,137.0,6
89,A0080501,A008,5,MD,Berlina media,ALQUILADORES,297,0,0.993,0.003,0.219,138.0,6
90,A0080601,A008,6,MD,Berlina media,ALQUILADORES,473,0,0.981,0.008,0.455,145.0,8
91,A0080701,A008,7,MD,Berlina media,ALQUILADORES,64,0,0.925,0.045,0.194,145.0,8
92,A0080801,A008,8,MD,Berlina media,ALQUILADORES,4,0,1.0,0.0,0.0,148.0,4
93,A0080901,A008,9,MD,Berlina media,ALQUILADORES,24,0,0.769,0.154,0.0,159.0,4
94,A0081001,A008,10,MD,Berlina media,ALQUILADORES,60,0,0.871,0.016,0.032,153.0,7
95,A0081101,A008,11,MD,Berlina media,ALQUILADORES,232,0,0.996,0.004,0.004,141.0,7
96,A0081201,A008,12,MD,Berlina media,ALQUILADORES,79,0,0.962,0.012,0.0,139.0,6
97,A0090101,A009,1,MD,Berlina media,ALQUILADORES,239,0,1.0,0.0,0.0,138.0,5
98,A0090201,A009,2,MD,Berlina media,ALQUILADORES,500,0,0.994,0.006,0.191,142.0,11
99,A0090301,A009,3,MD,Berlina media,ALQUILADORES,493,5,0.992,0.004,0.221,138.0,10
100,A0090401,A009,4,MD,Berlina media,ALQUILADORES,413,0,0.995,0.002,0.288,133.0,9
101,A0090501,A009,5,MD,Berlina media,ALQUILADORES,612,0,0.995,0.0,0.322,136.0,10
102,A0090601,A009,6,MD,Berlina media,ALQUILADORES,505,0,0.996,0.0,0.321,128.0,10
103,A0090701,A009,7,MD,Berlina media,ALQUILADORES,192,0,0.995,0.0,0.021,164.0,9
104,A0090801,A009,8,MD,Berlina media,ALQUILADORES,13,0,0.923,0.0,0.0,174.0,4
105,A0090901,A009,9,MD,Berlina media,ALQUILADORES,18,0,0.95,0.0,0.3,158.0,6
106,A0091001,A009,10,MD,Berlina media,ALQUILADORES,35,5,0.943,0.0,0.143,153.0,8
107,A0091101,A009,11,MD,Berlina media,ALQUILADORES,32,1,0.909,0.0,0.061,157.0,10
108,A0091201,A009,12,MD,Berlina media,ALQUILADORES,133,3,0.91,0.0,0.421,162.0,6
109,A0100101,A010,1,MD,Berlina media,ALQUILADORES,153,0,1.0,0.0,0.11,154.0,9
110,A0100201,A010,2,MD,Berlina media,ALQUILADORES,480,1,0.983,0.0,0.181,143.0,12
111,A0100301,A010,3,MD,Berlina media,ALQUILADORES,663,3,0.995,0.003,0.575,135.0,12
112,A0100401,A010,4,MD,Berlina media,ALQUILADORES,320,0,0.994,0.0,0.43,137.0,9
113,A0100501,A010,5,MD,Berlina media,ALQUILADORES,456,0,0.967,0.002,0.573,136.0,11
114,A0100601,A010,6,MD,Berlina media,ALQUILADORES,1082,0,0.972,0.003,0.357,142.0,12
115,A0100701,A010,7,MD,Berlina media,ALQUILADORES,246,3,0.98,0.004,0.48,140.0,10
116,A0100801,A010,8,MD,Berlina media,ALQUILADORES,52,1,0.811,0.057,0.019,163.0,9
117,A0100901,A010,9,MD,Berlina media,ALQUILADORES,89,0,0.989,0.0,0.831,178.0,3
118,A0101001,A010,10,MD,Berlina media,ALQUILADORES,46,0,0.83,0.128,0.0,162.0,5
119,A0101101,A010,11,MD,Berlina media,ALQUILADORES,122,1,0.935,0.0,0.862,172.0,6
120,A0101201,A010,12,MD,Berlina media,ALQUILADORES,174,0,0.851,0.0,0.891,138.0,9
121,A0110101,A011,1,MD,Berlina media,ALQUILADORES,526,1,0.987,0.006,0.112,132.0,10
122,A0110201,A011,2,MD,Berlina media,ALQUILADORES,438,0,0.801,0.009,0.256,144.0,8
123,A0110301,A011,3,MD,Berlina media,ALQUILADORES,420,0,0.85,0.005,0.333,141.0,10
124,A0110401,A011,4,MD,Berlina media,ALQUILADORES,215,2,0.753,0.005,0.07,153.0,10
125,A0110501,A011,5,MD,Berlina media,ALQUILADORES,847,0,0.954,0.0,0.208,148.0,9
126,A0110601,A011,6,MD,Berlina media,ALQUILADORES,748,2,0.885,0.027,0.044,144.0,9
127,A0110701,A011,7,MD,Berlina media,ALQUILADORES,190,0,0.595,0.121,0.153,149.0,8
128,A0110801,A011,8,MD,Berlina media,ALQUILADORES,38,1,0.842,0.026,0.184,187.0,8
129,A0110901,A011,9,MD,Berlina media,ALQUILADORES,67,0,0.209,0.045,0.0,144.0,3
130,A0111001,A011,10,MD,Berlina media,ALQUILADORES,53,0,0.792,0.151,0.453,150.0,3
131,A0111101,A011,11,MD,Berlina media,ALQUILADORES,27,0,0.704,0.0,0.037,158.0,6
132,A0111201,A011,12,MD,Berlina media,ALQUILADORES,93,0,0.29,0.667,0.14,149.0,5
133,A0120101,A012,1,MD,Berlina media,ALQUILADORES,128,0,0.504,0.008,0.225,151.0,6
134,A0120201,A012,2,MD,Berlina media,ALQUILADORES,229,0,0.572,0.009,0.223,148.0,8
135,A0120301,A012,3,MD,Berlina media,ALQUILADORES,151,0,0.763,0.007,0.355,171.0,9
136,A0120401,A012,4,MD,Berlina media,ALQUILADORES,250,0,0.704,0.0,0.368,155.0,7
137,A0120501,A012,5,MD,Berlina media,ALQUILADORES,224,0,0.826,0.013,0.875,157.0,6
138,A0120601,A012,6,MD,Berlina media,ALQUILADORES,436,0,0.415,0.298,0.518,152.0,9
139,A0120701,A012,7,MD,Berlina media,ALQUILADORES,28,0,0.75,0.107,0.143,156.0,6
140,A0120801,A012,8,MD,Berlina media,ALQUILADORES,14,0,0.786,0.071,0.0,167.0,6
141,A0120901,A012,9,MD,Berlina media,ALQUILADORES,16,0,0.75,0.125,0.0,170.0,5
142,A0121001,A012,10,MD,Berlina media,ALQUILADORES,89,0,0.202,0.629,0.607,153.0,3
143,A0121101,A012,11,MD,Berlina media,ALQUILADORES,32,0,0.469,0.062,0.562,160.0,5
144,A0121201,A012,12,MD,Berlina media,ALQUILADORES,40,0,0.6,0.05,0.65,164.0,3
1,A0010101,A001,1,MD,Berlina media,EMPRESAS_RENTING,3441,53,0.947,0.0,,138.0,18
2,A0010201,A001,2,MD,Berlina media,EMPRESAS_RENTING,3555,74,0.957,0.0,,137.0,18
3,A0010301,A001,3,MD,Berlina media,EMPRESAS_RENTING,3634,105,0.942,0.0,,138.0,18
4,A0010401,A001,4,MD,Berlina media,EMPRESAS_RENTING,3689,100,0.96,0.0,,139.0,18
5,A0010501,A001,5,MD,Berlina media,EMPRESAS_RENTING,3618,66,0.964,0.0,,138.0,18
6,A0010601,A001,6,MD,Berlina media,EMPRESAS_RENTING,3514,64,0.954,0.0,,138.0,18
7,A0010701,A001,7,MD,Berlina media,EMPRESAS_RENTING,3600,74,0.947,0.0,,138.0,19
8,A0010801,A001,8,MD,Berlina media,EMPRESAS_RENTING,1885,43,0.956,0.0,,137.0,18
9,A0010901,A001,9,MD,Berlina media,EMPRESAS_RENTING,2493,52,0.966,0.0,,137.0,18
10,A0011001,A001,10,MD,Berlina media,EMPRESAS_RENTING,2891,49,0.963,0.0,,133.0,18
11,A0011101,A001,11,MD,Berlina media,EMPRESAS_RENTING,2628,34,0.968,0.0,,131.0,19
12,A0011201,A001,12,MD,Berlina media,EMPRESAS_RENTING,2435,62,0.923,0.0,,139.0,19
13,A0020101,A002,1,MD,Berlina media,EMPRESAS_RENTING,2070,47,0.894,0.0,,141.0,18
14,A0020201,A002,2,MD,Berlina media,EMPRESAS_RENTING,1842,24,0.938,0.0,,138.0,19
15,A0020301,A002,3,MD,Berlina media,EMPRESAS_RENTING,2203,29,0.909,0.0,,140.0,19
16,A0020401,A002,4,MD,Berlina media,EMPRESAS_RENTING,1850,26,0.938,0.0,,140.0,18
17,A0020501,A002,5,MD,Berlina media,EMPRESAS_RENTING,1859,32,0.916,0.0,,140.0,19
18,A0020601,A002,6,MD,Berlina media,EMPRESAS_RENTING,2536,28,0.92,0.0,,141.0,19
19,A0020701,A002,7,MD,Berlina media,EMPRESAS_RENTING,2878,27,0.945,0.0,,139.0,19
20,A0020801,A002,8,MD,Berlina media,EMPRESAS_RENTING,1470,26,0.941,0.0,,140.0,18
21,A0020901,A002,9,MD,Berlina media,EMPRESAS_RENTING,2159,18,0.953,0.0,,140.0,18
22,A0021001,A002,10,MD,Berlina media,EMPRESAS_RENTING,3073,33,0.939,0.0,,139.0,20
23,A0021101,A002,11,MD,Berlina media,EMPRESAS_RENTING,2969,37,0.925,0.0,,140.0,19
24,A0021201,A002,12,MD,Berlina media,EMPRESAS_RENTING,2466,56,0.928,0.0,,139.0,18
25,A0030101,A003,1,MD,Berlina media,EMPRESAS_RENTING,1926,43,0.936,0.0,,141.0,18
26,A0030201,A003,2,MD,Berlina media,EMPRESAS_RENTING,2271,16,0.952,0.0,,143.0,18
27,A0030301,A003,3,MD,Berlina media,EMPRESAS_RENTING,2553,31,0.943,0.0,,141.0,17
28,A0030401,A003,4,MD,Berlina media,EMPRESAS_RENTING,2246,20,0.954,0.0,,141.0,18
29,A0030501,A003,5,MD,Berlina media,EMPRESAS_RENTING,2667,51,0.951,0.0,,142.0,17
30,A0030601,A003,6,MD,Berlina media,EMPRESAS_RENTING,3171,33,0.947,0.0,,142.0,19
31,A0030701,A003,7,MD,Berlina media,EMPRESAS_RENTING,3000,13,0.962,0.0,,141.0,16
32,A0030801,A003,8,MD,Berlina media,EMPRESAS_RENTING,1611,15,0.957,0.0,,142.0,17
33,A0030901,A003,9,MD,Berlina media,EMPRESAS_RENTING,2403,27,0.964,0.0,,141.0,17
34,A0031001,A003,10,MD,Berlina media,EMPRESAS_RENTING,2281,9,0.958,0.0,,142.0,17
35,A0031101,A003,11,MD,Berlina media,EMPRESAS_RENTING,2694,7,0.975,0.0,,141.0,17
36,A0031201,A003,12,MD,Berlina media,EMPRESAS_RENTING,2515,14,0.968,0.0,,142.0,18
37,A0040101,A004,1,MD,Berlina media,EMPRESAS_RENTING,2563,4,0.969,0.0,0.32,140.0,18
38,A0040201,A004,2,MD,Berlina media,EMPRESAS_RENTING,1993,19,0.966,0.0,0.445,141.0,16
39,A0040301,A004,3,MD,Berlina media,EMPRESAS_RENTING,2963,10,0.962,0.0,0.412,139.0,16
40,A0040401,A004,4,MD,Berlina media,EMPRESAS_RENTING,2890,12,0.966,0.0,0.51,137.0,15
41,A0040501,A004,5,MD,Berlina media,EMPRESAS_RENTING,2858,13,0.975,0.0,0.577,137.0,14
42,A0040601,A004,6,MD,Berlina media,EMPRESAS_RENTING,2938,24,0.969,0.0,0.539,136.0,15
43,A0040701,A004,7,MD,Berlina media,EMPRESAS_RENTING,3134,30,0.981,0.0,0.514,136.0,15
44,A0040801,A004,8,MD,Berlina media,EMPRESAS_RENTING,2088,10,0.975,0.0,0.474,137.0,16
45,A0040901,A004,9,MD,Berlina media,EMPRESAS_RENTING,2921,11,0.965,0.0,0.493,137.0,16
46,A0041001,A004,10,MD,Berlina media,EMPRESAS_RENTING,2716,11,0.944,0.0,0.5,140.0,16
47,A0041101,A004,11,MD,Berlina media,EMPRESAS_RENTING,2375,12,0.967,0.004,0.612,138.0,17
48,A0041201,A004,12,MD,Berlina media,EMPRESAS_RENTING,2645,9,0.965,0.002,0.504,137.0,18
49,A0050101,A005,1,MD,Berlina media,EMPRESAS_RENTING,2510,19,0.982,0.001,0.52,136.0,16
50,A0050201,A005,2,MD,Berlina media,EMPRESAS_RENTING,2051,5,0.969,0.003,0.502,142.0,16
51,A0050301,A005,3,MD,Berlina media,EMPRESAS_RENTING,2251,10,0.955,0.009,0.534,140.0,16
52,A0050401,A005,4,MD,Berlina media,EMPRESAS_RENTING,2007,1,0.949,0.028,0.485,141.0,17
53,A0050501,A005,5,MD,Berlina media,EMPRESAS_RENTING,1961,32,0.951,0.025,0.487,140.0,17
54,A0050601,A005,6,MD,Berlina media,EMPRESAS_RENTING,2277,15,0.951,0.021,0.513,141.0,17
55,A0050701,A005,7,MD,Berlina media,EMPRESAS_RENTING,2374,4,0.968,0.011,0.537,141.0,17
56,A0050801,A005,8,MD,Berlina media,EMPRESAS_RENTING,1369,6,0.974,0.01,0.475,139.0,17
57,A0050901,A005,9,MD,Berlina media,EMPRESAS_RENTING,1690,4,0.954,0.033,0.569,136.0,16
58,A0051001,A005,10,MD,Berlina media,EMPRESAS_RENTING,1750,2,0.97,0.013,0.69,137.0,16
59,A0051101,A005,11,MD,Berlina media,EMPRESAS_RENTING,1979,2,0.971,0.012,0.589,136.0,17
60,A0051201,A005,12,MD,Berlina media,EMPRESAS_RENTING,1768,3,0.96,0.018,0.522,137.0,16
61,A0060101,A006,1,MD,Berlina media,EMPRESAS_RENTING,1805,80,0.951,0.033,0.516,136.0,16
62,A0060201,A006,2,MD,Berlina media,EMPRESAS_RENTING,1404,20,0.966,0.019,0.539,139.0,16
63,A0060301,A006,3,MD,Berlina media,EMPRESAS_RENTING,1356,11,0.94,0.026,0.518,139.0,16
64,A0060401,A006,4,MD,Berlina media,EMPRESAS_RENTING,1758,23,0.968,0.014,0.537,138.0,16
65,A0060501,A006,5,MD,Berlina media,EMPRESAS_RENTING,1458,16,0.959,0.03,0.607,137.0,15
66,A0060601,A006,6,MD,Berlina media,EMPRESAS_RENTING,1673,67,0.966,0.017,0.624,136.0,16
67,A0060701,A006,7,MD,Berlina media,EMPRESAS_RENTING,1878,47,0.976,0.015,0.617,137.0,16
68,A0060801,A006,8,MD,Berlina media,EMPRESAS_RENTING,991,26,0.985,0.007,0.597,135.0,16
69,A0060901,A006,9,MD,Berlina media,EMPRESAS_RENTING,1439,28,0.976,0.011,0.531,135.0,14
70,A0061001,A006,10,MD,Berlina media,EMPRESAS_RENTING,1619,37,0.959,0.031,0.606,135.0,15
71,A0061101,A006,11,MD,Berlina media,EMPRESAS_RENTING,1588,42,0.975,0.007,0.703,134.0,16
72,A0061201,A006,12,MD,Berlina media,EMPRESAS_RENTING,1430,35,0.945,0.041,0.538,138.0,15
73,A0070101,A007,1,MD,Berlina media,EMPRESAS_RENTING,1374,31,0.99,0.004,0.564,136.0,15
74,A0070201,A007,2,MD,Berlina media,EMPRESAS_RENTING,1181,64,0.98,0.006,0.569,136.0,15
75,A0070301,A007,3,MD,Berlina media,EMPRESAS_RENTING,1288,37,0.965,0.005,0.531,138.0,15
76,A0070401,A007,4,MD,Berlina media,EMPRESAS_RENTING,1246,36,0.985,0.009,0.651,135.0,14
77,A0070501,A007,5,MD,Berlina media,EMPRESAS_RENTING,1439,37,0.985,0.006,0.641,136.0,15
78,A0070601,A007,6,MD,Berlina media,EMPRESAS_RENTING,1390,61,0.984,0.003,0.604,137.0,13
79,A0070701,A007,7,MD,Berlina media,EMPRESAS_RENTING,1778,33,0.99,0.006,0.602,139.0,12
80,A0070801,A007,8,MD,Berlina media,EMPRESAS_RENTING,912,29,0.993,0.0,0.609,138.0,11
81,A0070901,A007,9,MD,Berlina media,EMPRESAS_RENTING,1384,42,0.985,0.008,0.573,139.0,13
82,A0071001,A007,10,MD,Berlina media,EMPRESAS_RENTING,1753,71,0.968,0.009,0.682,138.0,13
83,A0071101,A007,11,MD,Berlina media,EMPRESAS_RENTING,1139,37,0.982,0.007,0.616,139.0,13
84,A0071201,A007,12,MD,Berlina media,EMPRESAS_RENTING,1804,34,0.981,0.005,0.466,144.0,14
85,A0080101,A008,1,MD,Berlina media,EMPRESAS_RENTING,1334,44,0.978,0.007,0.514,144.0,13
86,A0080201,A008,2,MD,Berlina media,EMPRESAS_RENTING,1561,81,0.986,0.004,0.582,145.0,13
87,A0080301,A008,3,MD,Berlina media,EMPRESAS_RENTING,1877,64,0.985,0.004,0.587,144.0,13
88,A0080401,A008,4,MD,Berlina media,EMPRESAS_RENTING,1696,57,0.978,0.006,0.633,145.0,12
89,A0080501,A008,5,MD,Berlina media,EMPRESAS_RENTING,1889,65,0.983,0.003,0.664,144.0,13
90,A0080601,A008,6,MD,Berlina media,EMPRESAS_RENTING,2360,74,0.979,0.006,0.582,142.0,13
91,A0080701,A008,7,MD,Berlina media,EMPRESAS_RENTING,1836,63,0.972,0.005,0.602,142.0,13
92,A0080801,A008,8,MD,Berlina media,EMPRESAS_RENTING,1137,47,0.985,0.0,0.57,143.0,13
93,A0080901,A008,9,MD,Berlina media,EMPRESAS_RENTING,1872,97,0.966,0.005,0.609,142.0,14
94,A0081001,A008,10,MD,Berlina media,EMPRESAS_RENTING,1972,89,0.96,0.004,0.637,146.0,13
95,A0081101,A008,11,MD,Berlina media,EMPRESAS_RENTING,1937,74,0.949,0.003,0.624,145.0,13
96,A0081201,A008,12,MD,Berlina media,EMPRESAS_RENTING,1990,56,0.943,0.004,0.653,141.0,13
97,A0090101,A009,1,MD,Berlina media,EMPRESAS_RENTING,1832,58,0.973,0.005,0.49,146.0,13
98,A0090201,A009,2,MD,Berlina media,EMPRESAS_RENTING,1857,75,0.972,0.009,0.511,146.0,13
99,A0090301,A009,3,MD,Berlina media,EMPRESAS_RENTING,1896,118,0.951,0.026,0.541,147.0,13
100,A0090401,A009,4,MD,Berlina media,EMPRESAS_RENTING,1827,50,0.97,0.004,0.54,145.0,13
101,A0090501,A009,5,MD,Berlina media,EMPRESAS_RENTING,1774,52,0.973,0.003,0.566,144.0,14
102,A0090601,A009,6,MD,Berlina media,EMPRESAS_RENTING,2042,79,0.97,0.01,0.597,145.0,14
103,A0090701,A009,7,MD,Berlina media,EMPRESAS_RENTING,1779,42,0.958,0.006,0.618,144.0,14
104,A0090801,A009,8,MD,Berlina media,EMPRESAS_RENTING,1232,18,0.973,0.008,0.61,143.0,14
105,A0090901,A009,9,MD,Berlina media,EMPRESAS_RENTING,1870,92,0.954,0.009,0.568,145.0,14
106,A0091001,A009,10,MD,Berlina media,EMPRESAS_RENTING,2012,56,0.96,0.01,0.586,142.0,14
107,A0091101,A009,11,MD,Berlina media,EMPRESAS_RENTING,2120,40,0.972,0.006,0.607,142.0,14
108,A0091201,A009,12,MD,Berlina media,EMPRESAS_RENTING,1766,52,0.947,0.005,0.549,142.0,14
109,A0100101,A010,1,MD,Berlina media,EMPRESAS_RENTING,1573,75,0.953,0.013,0.513,145.0,14
110,A0100201,A010,2,MD,Berlina media,EMPRESAS_RENTING,1484,61,0.938,0.02,0.446,147.0,14
111,A0100301,A010,3,MD,Berlina media,EMPRESAS_RENTING,1517,52,0.951,0.007,0.484,147.0,14
112,A0100401,A010,4,MD,Berlina media,EMPRESAS_RENTING,1336,55,0.953,0.01,0.568,144.0,14
113,A0100501,A010,5,MD,Berlina media,EMPRESAS_RENTING,1883,46,0.916,0.014,0.52,145.0,14
114,A0100601,A010,6,MD,Berlina media,EMPRESAS_RENTING,1841,54,0.905,0.011,0.497,146.0,14
115,A0100701,A010,7,MD,Berlina media,EMPRESAS_RENTING,1826,43,0.954,0.008,0.534,145.0,14
116,A0100801,A010,8,MD,Berlina media,EMPRESAS_RENTING,1392,26,0.947,0.009,0.392,145.0,14
117,A0100901,A010,9,MD,Berlina media,EMPRESAS_RENTING,2075,49,0.938,0.009,0.492,147.0,14
118,A0101001,A010,10,MD,Berlina media,EMPRESAS_RENTING,1875,82,0.938,0.011,0.618,147.0,14
119,A0101101,A010,11,MD,Berlina media,EMPRESAS_RENTING,1621,37,0.902,0.021,0.514,146.0,14
120,A0101201,A010,12,MD,Berlina media,EMPRESAS_RENTING,1594,30,0.926,0.017,0.563,146.0,14
121,A0110101,A011,1,MD,Berlina media,EMPRESAS_RENTING,1691,35,0.928,0.02,0.483,150.0,13
122,A0110201,A011,2,MD,Berlina media,EMPRESAS_RENTING,1572,29,0.896,0.036,0.423,150.0,13
123,A0110301,A011,3,MD,Berlina media,EMPRESAS_RENTING,1393,31,0.93,0.019,0.512,150.0,13
124,A0110401,A011,4,MD,Berlina media,EMPRESAS_RENTING,1111,38,0.825,0.097,0.549,151.0,13
125,A0110501,A011,5,MD,Berlina media,EMPRESAS_RENTING,1563,32,0.886,0.047,0.48,147.0,13
126,A0110601,A011,6,MD,Berlina media,EMPRESAS_RENTING,2070,22,0.857,0.078,0.42,148.0,13
127,A0110701,A011,7,MD,Berlina media,EMPRESAS_RENTING,1950,53,0.881,0.033,0.442,148.0,13
128,A0110801,A011,8,MD,Berlina media,EMPRESAS_RENTING,1520,77,0.894,0.022,0.534,149.0,13
129,A0110901,A011,9,MD,Berlina media,EMPRESAS_RENTING,1065,58,0.846,0.063,0.608,146.0,13
130,A0111001,A011,10,MD,Berlina media,EMPRESAS_RENTING,1074,27,0.877,0.06,0.624,149.0,12
131,A0111101,A011,11,MD,Berlina media,EMPRESAS_RENTING,1119,33,0.848,0.029,0.553,151.0,12
132,A0111201,A011,12,MD,Berlina media,EMPRESAS_RENTING,1037,42,0.752,0.156,0.52,148.0,13
133,A0120101,A012,1,MD,Berlina media,EMPRESAS_RENTING,1041,39,0.793,0.076,0.566,152.0,12
134,A0120201,A012,2,MD,Berlina media,EMPRESAS_RENTING,878,27,0.769,0.131,0.527,152.0,10
135,A0120301,A012,3,MD,Berlina media,EMPRESAS_RENTING,935,51,0.73,0.117,0.577,155.0,10
136,A0120401,A012,4,MD,Berlina media,EMPRESAS_RENTING,1174,30,0.817,0.048,0.602,151.0,12
137,A0120501,A012,5,MD,Berlina media,EMPRESAS_RENTING,1205,37,0.837,0.047,0.64,153.0,11
138,A0120601,A012,6,MD,Berlina media,EMPRESAS_RENTING,1282,29,0.741,0.102,0.691,150.0,11
139,A0120701,A012,7,MD,Berlina media,EMPRESAS_RENTING,1297,34,0.74,0.152,0.629,152.0,11
140,A0120801,A012,8,MD,Berlina media,EMPRESAS_RENTING,750,29,0.712,0.115,0.631,154.0,12
141,A0120901,A012,9,MD,Berlina media,EMPRESAS_RENTING,1249,29,0.61,0.076,0.639,159.0,11
142,A0121001,A012,10,MD,Berlina media,EMPRESAS_RENTING,1493,33,0.71,0.108,0.571,157.0,12
143,A0121101,A012,11,MD,Berlina media,EMPRESAS_RENTING,1084,19,0.728,0.125,0.585,155.0,12
144,A0121201,A012,12,MD,Berlina media,EMPRESAS_RENTING,1154,26,0.714,0.097,0.577,160.0,12
1,A0010101,A001,1,MD,Berlina media,PARTICULARES,4455,129,0.897,0.0,,139.0,18
2,A0010201,A001,2,MD,Berlina media,PARTICULARES,4595,233,0.875,0.0,,138.0,18
3,A0010301,A001,3,MD,Berlina media,PARTICULARES,4161,271,0.86,0.0,,138.0,18
4,A0010401,A001,4,MD,Berlina media,PARTICULARES,4420,367,0.856,0.0,,139.0,18
5,A0010501,A001,5,MD,Berlina media,PARTICULARES,3906,319,0.849,0.0,,139.0,19
6,A0010601,A001,6,MD,Berlina media,PARTICULARES,3719,292,0.821,0.0,,139.0,18
7,A0010701,A001,7,MD,Berlina media,PARTICULARES,4249,309,0.801,0.0,,139.0,18
8,A0010801,A001,8,MD,Berlina media,PARTICULARES,2536,203,0.826,0.0,,139.0,19
9,A0010901,A001,9,MD,Berlina media,PARTICULARES,2444,188,0.818,0.0,,141.0,18
10,A0011001,A001,10,MD,Berlina media,PARTICULARES,3567,312,0.839,0.0,,141.0,19
11,A0011101,A001,11,MD,Berlina media,PARTICULARES,3156,265,0.872,0.0,,140.0,19
12,A0011201,A001,12,MD,Berlina media,PARTICULARES,3886,203,0.891,0.0,,140.0,18
13,A0020101,A002,1,MD,Berlina media,PARTICULARES,3209,219,0.902,0.0,,140.0,18
14,A0020201,A002,2,MD,Berlina media,PARTICULARES,2684,141,0.855,0.0,,140.0,18
15,A0020301,A002,3,MD,Berlina media,PARTICULARES,3068,166,0.848,0.0,,141.0,19
16,A0020401,A002,4,MD,Berlina media,PARTICULARES,2831,140,0.84,0.0,,139.0,19
17,A0020501,A002,5,MD,Berlina media,PARTICULARES,3062,137,0.821,0.0,,139.0,19
18,A0020601,A002,6,MD,Berlina media,PARTICULARES,4444,222,0.857,0.0,,138.0,20
19,A0020701,A002,7,MD,Berlina media,PARTICULARES,5449,203,0.881,0.0,,135.0,18
20,A0020801,A002,8,MD,Berlina media,PARTICULARES,2769,151,0.888,0.0,,138.0,18
21,A0020901,A002,9,MD,Berlina media,PARTICULARES,3708,124,0.884,0.0,,136.0,18
22,A0021001,A002,10,MD,Berlina media,PARTICULARES,5488,114,0.904,0.0,,134.0,18
23,A0021101,A002,11,MD,Berlina media,PARTICULARES,4932,128,0.91,0.0,,132.0,18
24,A0021201,A002,12,MD,Berlina media,PARTICULARES,6048,136,0.924,0.0,,132.0,18
25,A0030101,A003,1,MD,Berlina media,PARTICULARES,4240,81,0.933,0.0,,131.0,19
26,A0030201,A003,2,MD,Berlina media,PARTICULARES,4110,166,0.916,0.0,,135.0,18
27,A0030301,A003,3,MD,Berlina media,PARTICULARES,5488,180,0.916,0.0,,136.0,18
28,A0030401,A003,4,MD,Berlina media,PARTICULARES,4809,153,0.926,0.0,,135.0,18
29,A0030501,A003,5,MD,Berlina media,PARTICULARES,4777,191,0.924,0.0,,136.0,18
30,A0030601,A003,6,MD,Berlina media,PARTICULARES,5158,200,0.909,0.0,,138.0,18
31,A0030701,A003,7,MD,Berlina media,PARTICULARES,3205,81,0.916,0.0,,136.0,17
32,A0030801,A003,8,MD,Berlina media,PARTICULARES,1908,76,0.938,0.0,,136.0,17
33,A0030901,A003,9,MD,Berlina media,PARTICULARES,2451,88,0.918,0.0,,135.0,19
34,A0031001,A003,10,MD,Berlina media,PARTICULARES,2546,85,0.928,0.0,,137.0,18
35,A0031101,A003,11,MD,Berlina media,PARTICULARES,2266,63,0.937,0.0,,138.0,18
36,A0031201,A003,12,MD,Berlina media,PARTICULARES,2592,90,0.934,0.0,,139.0,18
37,A0040101,A004,1,MD,Berlina media,PARTICULARES,1779,59,0.906,0.0,0.0,141.0,18
38,A0040201,A004,2,MD,Berlina media,PARTICULARES,1884,65,0.88,0.0,0.0,142.0,15
39,A0040301,A004,3,MD,Berlina media,PARTICULARES,2235,92,0.87,0.0,0.0,142.0,16
40,A0040401,A004,4,MD,Berlina media,PARTICULARES,2160,49,0.892,0.0,0.0,141.0,15
41,A0040501,A004,5,MD,Berlina media,PARTICULARES,2088,85,0.866,0.0,0.0,142.0,16
42,A0040601,A004,6,MD,Berlina media,PARTICULARES,1958,78,0.891,0.0,0.0,140.0,16
43,A0040701,A004,7,MD,Berlina media,PARTICULARES,2179,93,0.889,0.0,0.0,138.0,17
44,A0040801,A004,8,MD,Berlina media,PARTICULARES,1551,43,0.917,0.0,0.0,137.0,15
45,A0040901,A004,9,MD,Berlina media,PARTICULARES,1781,97,0.907,0.0,0.0,141.0,16
46,A0041001,A004,10,MD,Berlina media,PARTICULARES,1760,84,0.912,0.0,0.0,141.0,14
47,A0041101,A004,11,MD,Berlina media,PARTICULARES,1906,90,0.902,0.0,0.0,140.0,15
48,A0041201,A004,12,MD,Berlina media,PARTICULARES,1789,84,0.882,0.0,0.0,143.0,17
49,A0050101,A005,1,MD,Berlina media,PARTICULARES,1236,51,0.915,0.0,0.0,140.0,15
50,A0050201,A005,2,MD,Berlina media,PARTICULARES,1744,51,0.905,0.0,0.0,139.0,16
51,A0050301,A005,3,MD,Berlina media,PARTICULARES,1858,57,0.91,0.0,0.0,140.0,16
52,A0050401,A005,4,MD,Berlina media,PARTICULARES,1324,30,0.893,0.0,0.0,141.0,16
53,A0050501,A005,5,MD,Berlina media,PARTICULARES,1615,34,0.888,0.0,0.0,141.0,16
54,A0050601,A005,6,MD,Berlina media,PARTICULARES,1853,85,0.906,0.002,0.0,142.0,16
55,A0050701,A005,7,MD,Berlina media,PARTICULARES,1913,43,0.902,0.002,0.0,143.0,17
56,A0050801,A005,8,MD,Berlina media,PARTICULARES,1708,47,0.907,0.002,0.0,142.0,17
57,A0050901,A005,9,MD,Berlina media,PARTICULARES,844,28,0.918,0.006,0.0,141.0,16
58,A0051001,A005,10,MD,Berlina media,PARTICULARES,903,21,0.903,0.006,0.0,140.0,16
59,A0051101,A005,11,MD,Berlina media,PARTICULARES,1186,41,0.903,0.0,0.0,139.0,17
60,A0051201,A005,12,MD,Berlina media,PARTICULARES,1275,61,0.916,0.001,0.0,139.0,17
61,A0060101,A006,1,MD,Berlina media,PARTICULARES,1151,69,0.913,0.004,0.0,137.0,17
62,A0060201,A006,2,MD,Berlina media,PARTICULARES,1112,53,0.926,0.002,0.0,139.0,17
63,A0060301,A006,3,MD,Berlina media,PARTICULARES,1038,31,0.915,0.005,0.0,138.0,17
64,A0060401,A006,4,MD,Berlina media,PARTICULARES,1254,58,0.928,0.002,0.0,138.0,16
65,A0060501,A006,5,MD,Berlina media,PARTICULARES,1238,50,0.93,0.006,0.0,137.0,15
66,A0060601,A006,6,MD,Berlina media,PARTICULARES,1141,48,0.93,0.004,0.0,138.0,16
67,A0060701,A006,7,MD,Berlina media,PARTICULARES,1603,68,0.93,0.002,0.0,137.0,16
68,A0060801,A006,8,MD,Berlina media,PARTICULARES,1108,55,0.957,0.003,0.0,137.0,16
69,A0060901,A006,9,MD,Berlina media,PARTICULARES,931,56,0.938,0.005,0.0,138.0,15
70,A0061001,A006,10,MD,Berlina media,PARTICULARES,1241,55,0.935,0.006,0.0,138.0,16
71,A0061101,A006,11,MD,Berlina media,PARTICULARES,1263,54,0.941,0.006,0.0,138.0,16
72,A0061201,A006,12,MD,Berlina media,PARTICULARES,1268,68,0.933,0.004,0.0,138.0,15
73,A0070101,A007,1,MD,Berlina media,PARTICULARES,897,57,0.931,0.0,0.0,139.0,15
74,A0070201,A007,2,MD,Berlina media,PARTICULARES,1040,83,0.926,0.001,0.0,141.0,15
75,A0070301,A007,3,MD,Berlina media,PARTICULARES,1140,80,0.931,0.001,0.0,138.0,15
76,A0070401,A007,4,MD,Berlina media,PARTICULARES,1137,76,0.919,0.001,0.0,138.0,15
77,A0070501,A007,5,MD,Berlina media,PARTICULARES,1317,79,0.92,0.001,0.0,137.0,14
78,A0070601,A007,6,MD,Berlina media,PARTICULARES,1226,63,0.933,0.002,0.0,137.0,13
79,A0070701,A007,7,MD,Berlina media,PARTICULARES,1541,84,0.932,0.0,0.0,137.0,13
80,A0070801,A007,8,MD,Berlina media,PARTICULARES,1044,63,0.931,0.0,0.0,137.0,12
81,A0070901,A007,9,MD,Berlina media,PARTICULARES,951,71,0.947,0.0,0.0,138.0,13
82,A0071001,A007,10,MD,Berlina media,PARTICULARES,1289,73,0.94,0.001,0.0,138.0,13
83,A0071101,A007,11,MD,Berlina media,PARTICULARES,966,76,0.925,0.0,0.0,139.0,14
84,A0071201,A007,12,MD,Berlina media,PARTICULARES,1162,71,0.939,0.001,0.0,140.0,14
85,A0080101,A008,1,MD,Berlina media,PARTICULARES,924,53,0.917,0.003,0.0,141.0,13
86,A0080201,A008,2,MD,Berlina media,PARTICULARES,1118,77,0.9,0.003,0.0,141.0,13
87,A0080301,A008,3,MD,Berlina media,PARTICULARES,1381,111,0.88,0.002,0.0,144.0,13
88,A0080401,A008,4,MD,Berlina media,PARTICULARES,1330,103,0.894,0.001,0.0,143.0,12
89,A0080501,A008,5,MD,Berlina media,PARTICULARES,1173,115,0.879,0.003,0.0,143.0,12
90,A0080601,A008,6,MD,Berlina media,PARTICULARES,1222,95,0.88,0.001,0.0,143.0,13
91,A0080701,A008,7,MD,Berlina media,PARTICULARES,1218,106,0.894,0.002,0.0,142.0,13
92,A0080801,A008,8,MD,Berlina media,PARTICULARES,848,77,0.898,0.0,0.0,144.0,13
93,A0080901,A008,9,MD,Berlina media,PARTICULARES,1043,86,0.873,0.001,0.0,146.0,14
94,A0081001,A008,10,MD,Berlina media,PARTICULARES,1286,81,0.835,0.002,0.0,145.0,13
95,A0081101,A008,11,MD,Berlina media,PARTICULARES,1373,126,0.845,0.001,0.0,146.0,13
96,A0081201,A008,12,MD,Berlina media,PARTICULARES,1337,89,0.866,0.0,0.0,145.0,13
97,A0090101,A009,1,MD,Berlina media,PARTICULARES,1142,103,0.802,0.001,0.0,149.0,13
98,A0090201,A009,2,MD,Berlina media,PARTICULARES,1263,108,0.771,0.001,0.0,148.0,13
99,A0090301,A009,3,MD,Berlina media,PARTICULARES,1471,131,0.795,0.002,0.0,147.0,13
100,A0090401,A009,4,MD,Berlina media,PARTICULARES,1395,80,0.807,0.001,0.0,147.0,13
101,A0090501,A009,5,MD,Berlina media,PARTICULARES,1262,109,0.759,0.001,0.0,147.0,13
102,A0090601,A009,6,MD,Berlina media,PARTICULARES,1408,90,0.81,0.001,0.0,146.0,14
103,A0090701,A009,7,MD,Berlina media,PARTICULARES,1287,74,0.804,0.001,0.0,146.0,14
104,A0090801,A009,8,MD,Berlina media,PARTICULARES,865,45,0.847,0.0,0.0,145.0,14
105,A0090901,A009,9,MD,Berlina media,PARTICULARES,1075,109,0.796,0.001,0.0,148.0,14
106,A0091001,A009,10,MD,Berlina media,PARTICULARES,1076,90,0.813,0.001,0.0,147.0,15
107,A0091101,A009,11,MD,Berlina media,PARTICULARES,1278,87,0.827,0.002,0.0,146.0,14
108,A0091201,A009,12,MD,Berlina media,PARTICULARES,1303,94,0.804,0.001,0.0,146.0,14
109,A0100101,A010,1,MD,Berlina media,PARTICULARES,923,79,0.781,0.002,0.0,149.0,14
110,A0100201,A010,2,MD,Berlina media,PARTICULARES,899,85,0.808,0.006,0.0,147.0,14
111,A0100301,A010,3,MD,Berlina media,PARTICULARES,1168,73,0.774,0.004,0.0,148.0,14
112,A0100401,A010,4,MD,Berlina media,PARTICULARES,880,70,0.775,0.003,0.0,149.0,14
113,A0100501,A010,5,MD,Berlina media,PARTICULARES,1120,70,0.771,0.004,0.0,148.0,14
114,A0100601,A010,6,MD,Berlina media,PARTICULARES,1216,71,0.759,0.007,0.0,148.0,14
115,A0100701,A010,7,MD,Berlina media,PARTICULARES,1278,70,0.754,0.001,0.0,148.0,14
116,A0100801,A010,8,MD,Berlina media,PARTICULARES,875,56,0.759,0.003,0.0,149.0,14
117,A0100901,A010,9,MD,Berlina media,PARTICULARES,889,50,0.653,0.006,0.0,151.0,14
118,A0101001,A010,10,MD,Berlina media,PARTICULARES,1019,57,0.625,0.005,0.0,155.0,14
119,A0101101,A010,11,MD,Berlina media,PARTICULARES,971,78,0.649,0.001,0.0,154.0,14
120,A0101201,A010,12,MD,Berlina media,PARTICULARES,931,88,0.62,0.005,0.0,154.0,14
121,A0110101,A011,1,MD,Berlina media,PARTICULARES,914,68,0.605,0.009,0.0,155.0,13
122,A0110201,A011,2,MD,Berlina media,PARTICULARES,828,63,0.593,0.004,0.0,155.0,13
123,A0110301,A011,3,MD,Berlina media,PARTICULARES,851,87,0.519,0.011,0.0,157.0,13
124,A0110401,A011,4,MD,Berlina media,PARTICULARES,767,64,0.524,0.012,0.0,159.0,13
125,A0110501,A011,5,MD,Berlina media,PARTICULARES,843,67,0.571,0.011,0.0,155.0,13
126,A0110601,A011,6,MD,Berlina media,PARTICULARES,777,59,0.584,0.004,0.0,155.0,13
127,A0110701,A011,7,MD,Berlina media,PARTICULARES,827,51,0.463,0.017,0.0,157.0,13
128,A0110801,A011,8,MD,Berlina media,PARTICULARES,640,39,0.58,0.013,0.0,154.0,13
129,A0110901,A011,9,MD,Berlina media,PARTICULARES,291,42,0.514,0.01,0.0,159.0,13
130,A0111001,A011,10,MD,Berlina media,PARTICULARES,347,41,0.527,0.028,0.0,162.0,12
131,A0111101,A011,11,MD,Berlina media,PARTICULARES,420,48,0.542,0.007,0.0,155.0,13
132,A0111201,A011,12,MD,Berlina media,PARTICULARES,428,55,0.49,0.041,0.0,155.0,12
133,A0120101,A012,1,MD,Berlina media,PARTICULARES,420,57,0.467,0.026,0.0,160.0,11
134,A0120201,A012,2,MD,Berlina media,PARTICULARES,448,37,0.528,0.009,0.0,160.0,11
135,A0120301,A012,3,MD,Berlina media,PARTICULARES,484,46,0.469,0.023,0.0,162.0,11
136,A0120401,A012,4,MD,Berlina media,PARTICULARES,457,21,0.509,0.032,0.0,163.0,11
137,A0120501,A012,5,MD,Berlina media,PARTICULARES,479,42,0.489,0.016,0.0,162.0,11
138,A0120601,A012,6,MD,Berlina media,PARTICULARES,533,27,0.492,0.057,0.0,160.0,11
139,A0120701,A012,7,MD,Berlina media,PARTICULARES,440,33,0.555,0.045,0.0,161.0,11
140,A0120801,A012,8,MD,Berlina media,PARTICULARES,304,17,0.591,0.026,0.0,158.0,11
141,A0120901,A012,9,MD,Berlina media,PARTICULARES,415,17,0.536,0.055,0.0,163.0,12
142,A0121001,A012,10,MD,Berlina media,PARTICULARES,474,26,0.481,0.113,0.0,165.0,12
143,A0121101,A012,11,MD,Berlina media,PARTICULARES,440,25,0.461,0.144,0.0,169.0,12
144,A0121201,A012,12,MD,Berlina media,PARTICULARES,463,24,0.477,0.159,0.0,168.0,12
1,A0010101,A001,1,MSUV,SUV medio,ALQUILADORES,54,0,0.944,0.0,,149.0,6
2,A0010201,A001,2,MSUV,SUV medio,ALQUILADORES,124,0,0.976,0.0,,148.0,8
3,A0010301,A001,3,MSUV,SUV medio,ALQUILADORES,156,0,0.994,0.0,,146.0,8
4,A0010401,A001,4,MSUV,SUV medio,ALQUILADORES,210,0,0.981,0.0,,158.0,8
5,A0010501,A001,5,MSUV,SUV medio,ALQUILADORES,169,0,0.982,0.0,,155.0,8
6,A0010601,A001,6,MSUV,SUV medio,ALQUILADORES,142,0,0.986,0.0,,154.0,10
7,A0010701,A001,7,MSUV,SUV medio,ALQUILADORES,108,0,0.981,0.0,,148.0,11
8,A0010801,A001,8,MSUV,SUV medio,ALQUILADORES,48,0,0.979,0.0,,150.0,8
9,A0010901,A001,9,MSUV,SUV medio,ALQUILADORES,67,0,0.94,0.0,,153.0,10
10,A0011001,A001,10,MSUV,SUV medio,ALQUILADORES,97,0,0.959,0.0,,148.0,9
11,A0011101,A001,11,MSUV,SUV medio,ALQUILADORES,55,0,1.0,0.0,,145.0,7
12,A0011201,A001,12,MSUV,SUV medio,ALQUILADORES,76,0,0.947,0.0,,147.0,11
13,A0020101,A002,1,MSUV,SUV medio,ALQUILADORES,63,0,0.984,0.0,,149.0,10
14,A0020201,A002,2,MSUV,SUV medio,ALQUILADORES,43,0,0.953,0.0,,150.0,8
15,A0020301,A002,3,MSUV,SUV medio,ALQUILADORES,105,0,0.848,0.0,,147.0,8
16,A0020401,A002,4,MSUV,SUV medio,ALQUILADORES,92,0,0.435,0.0,,147.0,8
17,A0020501,A002,5,MSUV,SUV medio,ALQUILADORES,58,0,0.931,0.0,,153.0,9
18,A0020601,A002,6,MSUV,SUV medio,ALQUILADORES,131,0,0.992,0.0,,159.0,5
19,A0020701,A002,7,MSUV,SUV medio,ALQUILADORES,115,0,0.957,0.0,,154.0,8
20,A0020801,A002,8,MSUV,SUV medio,ALQUILADORES,74,0,0.986,0.0,,160.0,10
21,A0020901,A002,9,MSUV,SUV medio,ALQUILADORES,62,0,0.984,0.0,,156.0,8
22,A0021001,A002,10,MSUV,SUV medio,ALQUILADORES,121,0,0.992,0.0,,156.0,8
23,A0021101,A002,11,MSUV,SUV medio,ALQUILADORES,79,0,0.987,0.0,,156.0,7
24,A0021201,A002,12,MSUV,SUV medio,ALQUILADORES,113,0,0.982,0.0,,163.0,7
25,A0030101,A003,1,MSUV,SUV medio,ALQUILADORES,139,0,0.993,0.0,,156.0,8
26,A0030201,A003,2,MSUV,SUV medio,ALQUILADORES,204,0,0.971,0.0,,144.0,8
27,A0030301,A003,3,MSUV,SUV medio,ALQUILADORES,177,0,0.983,0.0,,140.0,11
28,A0030401,A003,4,MSUV,SUV medio,ALQUILADORES,144,0,0.979,0.0,,148.0,9
29,A0030501,A003,5,MSUV,SUV medio,ALQUILADORES,204,0,0.917,0.0,,154.0,11
30,A0030601,A003,6,MSUV,SUV medio,ALQUILADORES,158,0,0.968,0.0,,162.0,9
31,A0030701,A003,7,MSUV,SUV medio,ALQUILADORES,150,0,0.893,0.0,,178.0,5
32,A0030801,A003,8,MSUV,SUV medio,ALQUILADORES,29,0,0.966,0.0,,164.0,7
33,A0030901,A003,9,MSUV,SUV medio,ALQUILADORES,29,0,0.966,0.0,,155.0,9
34,A0031001,A003,10,MSUV,SUV medio,ALQUILADORES,163,0,0.951,0.0,,183.0,7
35,A0031101,A003,11,MSUV,SUV medio,ALQUILADORES,200,0,0.67,0.0,,166.0,10
36,A0031201,A003,12,MSUV,SUV medio,ALQUILADORES,77,0,0.481,0.0,,151.0,10
37,A0040101,A004,1,MSUV,SUV medio,ALQUILADORES,90,0,1.0,0.0,0.689,135.0,7
38,A0040201,A004,2,MSUV,SUV medio,ALQUILADORES,47,0,0.979,0.0,0.489,169.0,7
39,A0040301,A004,3,MSUV,SUV medio,ALQUILADORES,209,0,0.986,0.0,0.268,137.0,11
40,A0040401,A004,4,MSUV,SUV medio,ALQUILADORES,130,0,0.992,0.0,0.292,157.0,11
41,A0040501,A004,5,MSUV,SUV medio,ALQUILADORES,150,0,1.0,0.0,0.093,128.0,9
42,A0040601,A004,6,MSUV,SUV medio,ALQUILADORES,243,0,0.996,0.0,0.086,135.0,9
43,A0040701,A004,7,MSUV,SUV medio,ALQUILADORES,98,0,0.99,0.0,0.418,161.0,7
44,A0040801,A004,8,MSUV,SUV medio,ALQUILADORES,119,0,0.832,0.0,0.084,134.0,7
45,A0040901,A004,9,MSUV,SUV medio,ALQUILADORES,95,0,0.989,0.0,0.537,173.0,7
46,A0041001,A004,10,MSUV,SUV medio,ALQUILADORES,83,0,1.0,0.0,0.373,159.0,7
47,A0041101,A004,11,MSUV,SUV medio,ALQUILADORES,112,0,0.982,0.0,0.116,134.0,9
48,A0041201,A004,12,MSUV,SUV medio,ALQUILADORES,501,0,0.998,0.0,0.816,120.0,10
49,A0050101,A005,1,MSUV,SUV medio,ALQUILADORES,325,0,0.997,0.0,0.028,118.0,8
50,A0050201,A005,2,MSUV,SUV medio,ALQUILADORES,242,0,0.967,0.0,0.442,119.0,9
51,A0050301,A005,3,MSUV,SUV medio,ALQUILADORES,363,0,0.984,0.008,0.003,121.0,10
52,A0050401,A005,4,MSUV,SUV medio,ALQUILADORES,358,0,0.992,0.003,0.011,118.0,12
53,A0050501,A005,5,MSUV,SUV medio,ALQUILADORES,1215,0,0.995,0.0,0.008,114.0,8
54,A0050601,A005,6,MSUV,SUV medio,ALQUILADORES,205,0,0.995,0.0,0.107,124.0,10
55,A0050701,A005,7,MSUV,SUV medio,ALQUILADORES,311,0,0.994,0.0,0.019,125.0,10
56,A0050801,A005,8,MSUV,SUV medio,ALQUILADORES,55,0,1.0,0.0,0.073,145.0,8
57,A0050901,A005,9,MSUV,SUV medio,ALQUILADORES,98,0,1.0,0.0,0.01,120.0,6
58,A0051001,A005,10,MSUV,SUV medio,ALQUILADORES,218,0,1.0,0.0,0.018,120.0,9
59,A0051101,A005,11,MSUV,SUV medio,ALQUILADORES,270,0,0.852,0.0,0.004,118.0,7
60,A0051201,A005,12,MSUV,SUV medio,ALQUILADORES,96,0,0.969,0.0,0.01,132.0,7
61,A0060101,A006,1,MSUV,SUV medio,ALQUILADORES,84,0,1.0,0.0,0.036,128.0,8
62,A0060201,A006,2,MSUV,SUV medio,ALQUILADORES,627,0,0.995,0.0,0.415,118.0,9
63,A0060301,A006,3,MSUV,SUV medio,ALQUILADORES,428,0,0.993,0.0,0.117,120.0,9
64,A0060401,A006,4,MSUV,SUV medio,ALQUILADORES,194,0,0.995,0.0,0.179,123.0,10
65,A0060501,A006,5,MSUV,SUV medio,ALQUILADORES,243,0,0.988,0.0,0.128,120.0,8
66,A0060601,A006,6,MSUV,SUV medio,ALQUILADORES,263,0,0.996,0.0,0.08,128.0,9
67,A0060701,A006,7,MSUV,SUV medio,ALQUILADORES,315,0,0.994,0.0,0.006,122.0,10
68,A0060801,A006,8,MSUV,SUV medio,ALQUILADORES,8,0,1.0,0.0,0.0,146.0,6
69,A0060901,A006,9,MSUV,SUV medio,ALQUILADORES,56,0,0.982,0.0,0.035,133.0,7
70,A0061001,A006,10,MSUV,SUV medio,ALQUILADORES,157,0,0.987,0.0,0.019,128.0,10
71,A0061101,A006,11,MSUV,SUV medio,ALQUILADORES,35,0,1.0,0.0,0.029,140.0,7
72,A0061201,A006,12,MSUV,SUV medio,ALQUILADORES,75,0,0.987,0.0,0.0,134.0,8
73,A0070101,A007,1,MSUV,SUV medio,ALQUILADORES,292,0,0.993,0.0,0.014,119.0,7
74,A0070201,A007,2,MSUV,SUV medio,ALQUILADORES,80,0,0.988,0.0,0.0,132.0,9
75,A0070301,A007,3,MSUV,SUV medio,ALQUILADORES,707,0,0.999,0.0,0.151,125.0,9
76,A0070401,A007,4,MSUV,SUV medio,ALQUILADORES,860,0,0.999,0.0,0.322,125.0,8
77,A0070501,A007,5,MSUV,SUV medio,ALQUILADORES,642,0,0.998,0.0,0.104,122.0,8
78,A0070601,A007,6,MSUV,SUV medio,ALQUILADORES,1099,0,0.997,0.0,0.018,122.0,10
79,A0070701,A007,7,MSUV,SUV medio,ALQUILADORES,428,0,0.995,0.0,0.03,129.0,13
80,A0070801,A007,8,MSUV,SUV medio,ALQUILADORES,43,1,1.0,0.0,0.364,174.0,6
81,A0070901,A007,9,MSUV,SUV medio,ALQUILADORES,163,0,0.988,0.0,0.012,131.0,9
82,A0071001,A007,10,MSUV,SUV medio,ALQUILADORES,28,1,0.889,0.074,0.111,148.0,8
83,A0071101,A007,11,MSUV,SUV medio,ALQUILADORES,138,0,0.986,0.0,0.007,128.0,9
84,A0071201,A007,12,MSUV,SUV medio,ALQUILADORES,155,0,0.885,0.0,0.212,137.0,7
85,A0080101,A008,1,MSUV,SUV medio,ALQUILADORES,26,0,0.962,0.0,0.077,166.0,6
86,A0080201,A008,2,MSUV,SUV medio,ALQUILADORES,500,0,0.992,0.0,0.217,123.0,11
87,A0080301,A008,3,MSUV,SUV medio,ALQUILADORES,779,8,0.992,0.0,0.058,125.0,10
88,A0080401,A008,4,MSUV,SUV medio,ALQUILADORES,367,0,0.997,0.0,0.168,134.0,11
89,A0080501,A008,5,MSUV,SUV medio,ALQUILADORES,1030,10,0.98,0.0,0.061,130.0,9
90,A0080601,A008,6,MSUV,SUV medio,ALQUILADORES,911,0,0.992,0.0,0.14,125.0,9
91,A0080701,A008,7,MSUV,SUV medio,ALQUILADORES,358,0,0.95,0.0,0.181,136.0,12
92,A0080801,A008,8,MSUV,SUV medio,ALQUILADORES,67,0,0.985,0.0,0.343,165.0,8
93,A0080901,A008,9,MSUV,SUV medio,ALQUILADORES,74,0,0.935,0.0,0.455,172.0,6
94,A0081001,A008,10,MSUV,SUV medio,ALQUILADORES,60,0,0.951,0.0,0.18,165.0,7
95,A0081101,A008,11,MSUV,SUV medio,ALQUILADORES,95,0,0.784,0.0,0.144,150.0,7
96,A0081201,A008,12,MSUV,SUV medio,ALQUILADORES,145,0,0.952,0.0,0.207,131.0,8
97,A0090101,A009,1,MSUV,SUV medio,ALQUILADORES,135,0,0.971,0.0,0.715,122.0,5
98,A0090201,A009,2,MSUV,SUV medio,ALQUILADORES,291,10,0.966,0.0,0.174,125.0,8
99,A0090301,A009,3,MSUV,SUV medio,ALQUILADORES,1529,20,0.952,0.0,0.082,121.0,10
100,A0090401,A009,4,MSUV,SUV medio,ALQUILADORES,962,0,0.898,0.0,0.219,126.0,7
101,A0090501,A009,5,MSUV,SUV medio,ALQUILADORES,724,0,0.91,0.0,0.139,124.0,10
102,A0090601,A009,6,MSUV,SUV medio,ALQUILADORES,922,0,0.909,0.0,0.13,125.0,7
103,A0090701,A009,7,MSUV,SUV medio,ALQUILADORES,286,0,0.983,0.0,0.007,126.0,8
104,A0090801,A009,8,MSUV,SUV medio,ALQUILADORES,64,0,0.758,0.0,0.0,141.0,8
105,A0090901,A009,9,MSUV,SUV medio,ALQUILADORES,45,5,0.935,0.0,0.043,145.0,9
106,A0091001,A009,10,MSUV,SUV medio,ALQUILADORES,116,2,0.695,0.0,0.169,143.0,8
107,A0091101,A009,11,MSUV,SUV medio,ALQUILADORES,146,3,0.669,0.0,0.101,145.0,7
108,A0091201,A009,12,MSUV,SUV medio,ALQUILADORES,387,1,0.948,0.003,0.01,137.0,11
109,A0100101,A010,1,MSUV,SUV medio,ALQUILADORES,169,0,0.651,0.296,0.012,158.0,7
110,A0100201,A010,2,MSUV,SUV medio,ALQUILADORES,181,0,0.951,0.0,0.187,130.0,10
111,A0100301,A010,3,MSUV,SUV medio,ALQUILADORES,1334,0,0.99,0.0,0.19,122.0,12
112,A0100401,A010,4,MSUV,SUV medio,ALQUILADORES,978,0,0.804,0.005,0.065,137.0,11
113,A0100501,A010,5,MSUV,SUV medio,ALQUILADORES,1854,2,0.848,0.003,0.155,132.0,11
114,A0100601,A010,6,MSUV,SUV medio,ALQUILADORES,1172,2,0.856,0.047,0.31,133.0,12
115,A0100701,A010,7,MSUV,SUV medio,ALQUILADORES,692,2,0.955,0.003,0.195,125.0,12
116,A0100801,A010,8,MSUV,SUV medio,ALQUILADORES,199,4,0.821,0.0,0.07,133.0,7
117,A0100901,A010,9,MSUV,SUV medio,ALQUILADORES,207,0,0.976,0.0,0.721,137.0,7
118,A0101001,A010,10,MSUV,SUV medio,ALQUILADORES,172,0,0.669,0.0,0.006,144.0,8
119,A0101101,A010,11,MSUV,SUV medio,ALQUILADORES,220,2,0.982,0.0,0.151,133.0,10
120,A0101201,A010,12,MSUV,SUV medio,ALQUILADORES,676,1,0.972,0.0,0.469,126.0,10
121,A0110101,A011,1,MSUV,SUV medio,ALQUILADORES,418,0,0.907,0.0,0.148,132.0,13
122,A0110201,A011,2,MSUV,SUV medio,ALQUILADORES,468,3,0.455,0.213,0.455,157.0,11
123,A0110301,A011,3,MSUV,SUV medio,ALQUILADORES,1530,1,0.646,0.0,0.032,142.0,14
124,A0110401,A011,4,MSUV,SUV medio,ALQUILADORES,873,0,0.797,0.0,0.162,132.0,11
125,A0110501,A011,5,MSUV,SUV medio,ALQUILADORES,1263,2,0.795,0.0,0.15,134.0,14
126,A0110601,A011,6,MSUV,SUV medio,ALQUILADORES,1396,32,0.562,0.019,0.155,147.0,14
127,A0110701,A011,7,MSUV,SUV medio,ALQUILADORES,1246,1,0.603,0.0,0.131,154.0,14
128,A0110801,A011,8,MSUV,SUV medio,ALQUILADORES,185,0,0.73,0.0,0.021,190.0,11
129,A0110901,A011,9,MSUV,SUV medio,ALQUILADORES,102,2,0.824,0.0,0.059,176.0,9
130,A0111001,A011,10,MSUV,SUV medio,ALQUILADORES,140,1,0.752,0.099,0.106,167.0,13
131,A0111101,A011,11,MSUV,SUV medio,ALQUILADORES,166,0,0.635,0.0,0.06,166.0,11
132,A0111201,A011,12,MSUV,SUV medio,ALQUILADORES,592,1,0.584,0.0,0.073,142.0,12
133,A0120101,A012,1,MSUV,SUV medio,ALQUILADORES,665,1,0.514,0.0,0.141,139.0,11
134,A0120201,A012,2,MSUV,SUV medio,ALQUILADORES,752,40,0.311,0.083,0.314,154.0,14
135,A0120301,A012,3,MSUV,SUV medio,ALQUILADORES,1419,0,0.467,0.108,0.324,147.0,15
136,A0120401,A012,4,MSUV,SUV medio,ALQUILADORES,2234,31,0.371,0.0,0.072,139.0,15
137,A0120501,A012,5,MSUV,SUV medio,ALQUILADORES,2278,9,0.454,0.03,0.285,139.0,17
138,A0120601,A012,6,MSUV,SUV medio,ALQUILADORES,2835,0,0.28,0.019,0.359,141.0,14
139,A0120701,A012,7,MSUV,SUV medio,ALQUILADORES,1208,7,0.485,0.023,0.331,149.0,13
140,A0120801,A012,8,MSUV,SUV medio,ALQUILADORES,360,15,0.349,0.006,0.321,150.0,16
141,A0120901,A012,9,MSUV,SUV medio,ALQUILADORES,321,5,0.363,0.003,0.034,159.0,12
142,A0121001,A012,10,MSUV,SUV medio,ALQUILADORES,409,26,0.299,0.0,0.007,154.0,11
143,A0121101,A012,11,MSUV,SUV medio,ALQUILADORES,413,33,0.332,0.045,0.021,143.0,13
144,A0121201,A012,12,MSUV,SUV medio,ALQUILADORES,1481,35,0.38,0.033,0.438,145.0,13
1,A0010101,A001,1,MSUV,SUV medio,EMPRESAS_RENTING,1080,0,0.922,0.0,,150.0,10
2,A0010201,A001,2,MSUV,SUV medio,EMPRESAS_RENTING,1007,0,0.912,0.0,,149.0,11
3,A0010301,A001,3,MSUV,SUV medio,EMPRESAS_RENTING,991,0,0.91,0.0,,153.0,11
4,A0010401,A001,4,MSUV,SUV medio,EMPRESAS_RENTING,1233,0,0.906,0.0,,154.0,12
5,A0010501,A001,5,MSUV,SUV medio,EMPRESAS_RENTING,1340,0,0.919,0.0,,151.0,13
6,A0010601,A001,6,MSUV,SUV medio,EMPRESAS_RENTING,1147,0,0.916,0.0,,153.0,13
7,A0010701,A001,7,MSUV,SUV medio,EMPRESAS_RENTING,1409,0,0.916,0.0,,149.0,13
8,A0010801,A001,8,MSUV,SUV medio,EMPRESAS_RENTING,614,0,0.912,0.0,,150.0,13
9,A0010901,A001,9,MSUV,SUV medio,EMPRESAS_RENTING,821,0,0.886,0.0,,150.0,13
10,A0011001,A001,10,MSUV,SUV medio,EMPRESAS_RENTING,890,0,0.874,0.0,,150.0,13
11,A0011101,A001,11,MSUV,SUV medio,EMPRESAS_RENTING,772,0,0.922,0.0,,150.0,13
12,A0011201,A001,12,MSUV,SUV medio,EMPRESAS_RENTING,1196,0,0.845,0.0,,148.0,13
13,A0020101,A002,1,MSUV,SUV medio,EMPRESAS_RENTING,758,0,0.937,0.0,,152.0,13
14,A0020201,A002,2,MSUV,SUV medio,EMPRESAS_RENTING,912,0,0.891,0.0,,148.0,13
15,A0020301,A002,3,MSUV,SUV medio,EMPRESAS_RENTING,776,0,0.905,0.0,,151.0,14
16,A0020401,A002,4,MSUV,SUV medio,EMPRESAS_RENTING,656,0,0.866,0.0,,150.0,15
17,A0020501,A002,5,MSUV,SUV medio,EMPRESAS_RENTING,927,0,0.96,0.0,,137.0,14
18,A0020601,A002,6,MSUV,SUV medio,EMPRESAS_RENTING,917,0,0.929,0.0,,146.0,15
19,A0020701,A002,7,MSUV,SUV medio,EMPRESAS_RENTING,1033,0,0.908,0.0,,146.0,14
20,A0020801,A002,8,MSUV,SUV medio,EMPRESAS_RENTING,714,0,0.79,0.0,,145.0,14
21,A0020901,A002,9,MSUV,SUV medio,EMPRESAS_RENTING,787,0,0.938,0.0,,144.0,15
22,A0021001,A002,10,MSUV,SUV medio,EMPRESAS_RENTING,843,0,0.919,0.0,,148.0,14
23,A0021101,A002,11,MSUV,SUV medio,EMPRESAS_RENTING,939,0,0.894,0.0,,145.0,14
24,A0021201,A002,12,MSUV,SUV medio,EMPRESAS_RENTING,1389,0,0.834,0.0,,144.0,15
25,A0030101,A003,1,MSUV,SUV medio,EMPRESAS_RENTING,989,0,0.964,0.0,,149.0,14
26,A0030201,A003,2,MSUV,SUV medio,EMPRESAS_RENTING,792,0,0.918,0.0,,147.0,14
27,A0030301,A003,3,MSUV,SUV medio,EMPRESAS_RENTING,1297,0,0.962,0.0,,142.0,14
28,A0030401,A003,4,MSUV,SUV medio,EMPRESAS_RENTING,982,0,0.937,0.0,,149.0,14
29,A0030501,A003,5,MSUV,SUV medio,EMPRESAS_RENTING,1095,0,0.955,0.0,,148.0,14
30,A0030601,A003,6,MSUV,SUV medio,EMPRESAS_RENTING,1418,0,0.968,0.0,,147.0,14
31,A0030701,A003,7,MSUV,SUV medio,EMPRESAS_RENTING,1266,0,0.94,0.0,,146.0,14
32,A0030801,A003,8,MSUV,SUV medio,EMPRESAS_RENTING,699,0,0.884,0.0,,150.0,14
33,A0030901,A003,9,MSUV,SUV medio,EMPRESAS_RENTING,740,0,0.928,0.0,,149.0,14
34,A0031001,A003,10,MSUV,SUV medio,EMPRESAS_RENTING,1304,0,0.951,0.0,,145.0,14
35,A0031101,A003,11,MSUV,SUV medio,EMPRESAS_RENTING,1327,0,0.949,0.0,,146.0,14
36,A0031201,A003,12,MSUV,SUV medio,EMPRESAS_RENTING,1612,0,0.898,0.0,,144.0,14
37,A0040101,A004,1,MSUV,SUV medio,EMPRESAS_RENTING,1024,0,0.935,0.0,0.121,143.0,14
38,A0040201,A004,2,MSUV,SUV medio,EMPRESAS_RENTING,1115,0,0.962,0.0,0.122,145.0,14
39,A0040301,A004,3,MSUV,SUV medio,EMPRESAS_RENTING,1334,0,0.974,0.0,0.136,141.0,14
40,A0040401,A004,4,MSUV,SUV medio,EMPRESAS_RENTING,1194,0,0.982,0.0,0.192,139.0,14
41,A0040501,A004,5,MSUV,SUV medio,EMPRESAS_RENTING,1335,0,0.984,0.0,0.133,137.0,14
42,A0040601,A004,6,MSUV,SUV medio,EMPRESAS_RENTING,1596,0,0.977,0.0,0.241,140.0,14
43,A0040701,A004,7,MSUV,SUV medio,EMPRESAS_RENTING,1541,0,0.961,0.0,0.127,140.0,14
44,A0040801,A004,8,MSUV,SUV medio,EMPRESAS_RENTING,958,0,0.943,0.0,0.127,141.0,14
45,A0040901,A004,9,MSUV,SUV medio,EMPRESAS_RENTING,1274,0,0.969,0.0,0.157,140.0,14
46,A0041001,A004,10,MSUV,SUV medio,EMPRESAS_RENTING,1458,0,0.971,0.0,0.144,139.0,14
47,A0041101,A004,11,MSUV,SUV medio,EMPRESAS_RENTING,1550,0,0.972,0.0,0.21,133.0,14
48,A0041201,A004,12,MSUV,SUV medio,EMPRESAS_RENTING,1658,0,0.949,0.0,0.168,140.0,14
49,A0050101,A005,1,MSUV,SUV medio,EMPRESAS_RENTING,1367,14,0.95,0.01,0.149,135.0,15
50,A0050201,A005,2,MSUV,SUV medio,EMPRESAS_RENTING,1374,44,0.913,0.004,0.115,136.0,15
51,A0050301,A005,3,MSUV,SUV medio,EMPRESAS_RENTING,1508,11,0.866,0.053,0.164,141.0,15
52,A0050401,A005,4,MSUV,SUV medio,EMPRESAS_RENTING,1387,28,0.962,0.008,0.111,136.0,15
53,A0050501,A005,5,MSUV,SUV medio,EMPRESAS_RENTING,1282,33,0.95,0.008,0.149,141.0,15
54,A0050601,A005,6,MSUV,SUV medio,EMPRESAS_RENTING,1343,21,0.914,0.004,0.131,136.0,15
55,A0050701,A005,7,MSUV,SUV medio,EMPRESAS_RENTING,1457,23,0.962,0.003,0.138,135.0,15
56,A0050801,A005,8,MSUV,SUV medio,EMPRESAS_RENTING,880,18,0.962,0.001,0.16,138.0,15
57,A0050901,A005,9,MSUV,SUV medio,EMPRESAS_RENTING,1040,18,0.966,0.001,0.15,136.0,15
58,A0051001,A005,10,MSUV,SUV medio,EMPRESAS_RENTING,1161,6,0.975,0.005,0.19,131.0,15
59,A0051101,A005,11,MSUV,SUV medio,EMPRESAS_RENTING,1035,23,0.964,0.001,0.165,132.0,15
60,A0051201,A005,12,MSUV,SUV medio,EMPRESAS_RENTING,1086,34,0.967,0.015,0.113,136.0,15
61,A0060101,A006,1,MSUV,SUV medio,EMPRESAS_RENTING,1093,52,0.945,0.013,0.196,137.0,15
62,A0060201,A006,2,MSUV,SUV medio,EMPRESAS_RENTING,1078,42,0.93,0.005,0.144,135.0,15
63,A0060301,A006,3,MSUV,SUV medio,EMPRESAS_RENTING,1197,26,0.957,0.0,0.104,132.0,15
64,A0060401,A006,4,MSUV,SUV medio,EMPRESAS_RENTING,1266,45,0.955,0.012,0.142,136.0,15
65,A0060501,A006,5,MSUV,SUV medio,EMPRESAS_RENTING,1316,27,0.957,0.001,0.159,132.0,15
66,A0060601,A006,6,MSUV,SUV medio,EMPRESAS_RENTING,1444,42,0.963,0.002,0.197,137.0,15
67,A0060701,A006,7,MSUV,SUV medio,EMPRESAS_RENTING,1227,38,0.965,0.002,0.206,135.0,16
68,A0060801,A006,8,MSUV,SUV medio,EMPRESAS_RENTING,641,23,0.957,0.0,0.181,136.0,15
69,A0060901,A006,9,MSUV,SUV medio,EMPRESAS_RENTING,861,38,0.947,0.005,0.187,137.0,16
70,A0061001,A006,10,MSUV,SUV medio,EMPRESAS_RENTING,1217,31,0.945,0.002,0.168,135.0,16
71,A0061101,A006,11,MSUV,SUV medio,EMPRESAS_RENTING,1182,38,0.956,0.005,0.201,138.0,16
72,A0061201,A006,12,MSUV,SUV medio,EMPRESAS_RENTING,1206,27,0.911,0.013,0.21,138.0,16
73,A0070101,A007,1,MSUV,SUV medio,EMPRESAS_RENTING,1129,26,0.98,0.0,0.152,132.0,16
74,A0070201,A007,2,MSUV,SUV medio,EMPRESAS_RENTING,1199,39,0.97,0.0,0.148,136.0,16
75,A0070301,A007,3,MSUV,SUV medio,EMPRESAS_RENTING,1299,31,0.954,0.0,0.222,138.0,15
76,A0070401,A007,4,MSUV,SUV medio,EMPRESAS_RENTING,1227,37,0.943,0.001,0.187,133.0,15
77,A0070501,A007,5,MSUV,SUV medio,EMPRESAS_RENTING,1203,43,0.959,0.002,0.173,137.0,15
78,A0070601,A007,6,MSUV,SUV medio,EMPRESAS_RENTING,1257,50,0.962,0.002,0.164,136.0,15
79,A0070701,A007,7,MSUV,SUV medio,EMPRESAS_RENTING,1569,47,0.95,0.005,0.205,137.0,15
80,A0070801,A007,8,MSUV,SUV medio,EMPRESAS_RENTING,909,38,0.929,0.038,0.138,134.0,15
81,A0070901,A007,9,MSUV,SUV medio,EMPRESAS_RENTING,990,44,0.939,0.022,0.222,139.0,15
82,A0071001,A007,10,MSUV,SUV medio,EMPRESAS_RENTING,1665,73,0.892,0.011,0.204,138.0,13
83,A0071101,A007,11,MSUV,SUV medio,EMPRESAS_RENTING,1212,25,0.959,0.0,0.208,136.0,15
84,A0071201,A007,12,MSUV,SUV medio,EMPRESAS_RENTING,1313,37,0.949,0.001,0.262,137.0,16
85,A0080101,A008,1,MSUV,SUV medio,EMPRESAS_RENTING,1129,19,0.963,0.001,0.178,138.0,15
86,A0080201,A008,2,MSUV,SUV medio,EMPRESAS_RENTING,1177,58,0.958,0.0,0.182,136.0,15
87,A0080301,A008,3,MSUV,SUV medio,EMPRESAS_RENTING,1772,61,0.966,0.001,0.158,135.0,15
88,A0080401,A008,4,MSUV,SUV medio,EMPRESAS_RENTING,1251,37,0.928,0.002,0.219,136.0,15
89,A0080501,A008,5,MSUV,SUV medio,EMPRESAS_RENTING,1388,37,0.935,0.002,0.222,135.0,15
90,A0080601,A008,6,MSUV,SUV medio,EMPRESAS_RENTING,1609,84,0.954,0.0,0.204,137.0,15
91,A0080701,A008,7,MSUV,SUV medio,EMPRESAS_RENTING,2023,68,0.95,0.001,0.2,139.0,15
92,A0080801,A008,8,MSUV,SUV medio,EMPRESAS_RENTING,1215,31,0.909,0.001,0.185,140.0,14
93,A0080901,A008,9,MSUV,SUV medio,EMPRESAS_RENTING,1362,44,0.95,0.0,0.217,138.0,15
94,A0081001,A008,10,MSUV,SUV medio,EMPRESAS_RENTING,1303,77,0.925,0.002,0.249,142.0,14
95,A0081101,A008,11,MSUV,SUV medio,EMPRESAS_RENTING,1343,59,0.929,0.002,0.324,138.0,14
96,A0081201,A008,12,MSUV,SUV medio,EMPRESAS_RENTING,1442,55,0.936,0.0,0.247,139.0,14
97,A0090101,A009,1,MSUV,SUV medio,EMPRESAS_RENTING,1504,47,0.869,0.023,0.213,139.0,13
98,A0090201,A009,2,MSUV,SUV medio,EMPRESAS_RENTING,1272,97,0.933,0.004,0.273,140.0,14
99,A0090301,A009,3,MSUV,SUV medio,EMPRESAS_RENTING,1813,98,0.867,0.047,0.186,140.0,13
100,A0090401,A009,4,MSUV,SUV medio,EMPRESAS_RENTING,1711,85,0.864,0.067,0.21,142.0,15
101,A0090501,A009,5,MSUV,SUV medio,EMPRESAS_RENTING,1948,75,0.839,0.089,0.222,145.0,15
102,A0090601,A009,6,MSUV,SUV medio,EMPRESAS_RENTING,1934,94,0.871,0.053,0.241,141.0,15
103,A0090701,A009,7,MSUV,SUV medio,EMPRESAS_RENTING,2203,75,0.862,0.073,0.225,143.0,14
104,A0090801,A009,8,MSUV,SUV medio,EMPRESAS_RENTING,1795,37,0.859,0.072,0.291,146.0,15
105,A0090901,A009,9,MSUV,SUV medio,EMPRESAS_RENTING,2088,50,0.865,0.06,0.254,145.0,13
106,A0091001,A009,10,MSUV,SUV medio,EMPRESAS_RENTING,2451,81,0.858,0.053,0.27,145.0,13
107,A0091101,A009,11,MSUV,SUV medio,EMPRESAS_RENTING,2401,61,0.836,0.069,0.283,144.0,14
108,A0091201,A009,12,MSUV,SUV medio,EMPRESAS_RENTING,2257,31,0.829,0.067,0.299,144.0,14
109,A0100101,A010,1,MSUV,SUV medio,EMPRESAS_RENTING,1831,29,0.813,0.109,0.247,150.0,14
110,A0100201,A010,2,MSUV,SUV medio,EMPRESAS_RENTING,2000,56,0.842,0.073,0.241,145.0,15
111,A0100301,A010,3,MSUV,SUV medio,EMPRESAS_RENTING,2564,21,0.789,0.092,0.286,150.0,16
112,A0100401,A010,4,MSUV,SUV medio,EMPRESAS_RENTING,2443,26,0.808,0.077,0.273,146.0,17
113,A0100501,A010,5,MSUV,SUV medio,EMPRESAS_RENTING,2855,121,0.815,0.077,0.311,149.0,17
114,A0100601,A010,6,MSUV,SUV medio,EMPRESAS_RENTING,3345,122,0.82,0.065,0.36,149.0,16
115,A0100701,A010,7,MSUV,SUV medio,EMPRESAS_RENTING,3385,155,0.847,0.067,0.441,148.0,17
116,A0100801,A010,8,MSUV,SUV medio,EMPRESAS_RENTING,2180,108,0.794,0.09,0.361,149.0,17
117,A0100901,A010,9,MSUV,SUV medio,EMPRESAS_RENTING,2891,179,0.819,0.061,0.383,146.0,18
118,A0101001,A010,10,MSUV,SUV medio,EMPRESAS_RENTING,3544,216,0.714,0.093,0.331,149.0,18
119,A0101101,A010,11,MSUV,SUV medio,EMPRESAS_RENTING,3524,272,0.71,0.079,0.382,149.0,18
120,A0101201,A010,12,MSUV,SUV medio,EMPRESAS_RENTING,3272,226,0.757,0.07,0.37,147.0,18
121,A0110101,A011,1,MSUV,SUV medio,EMPRESAS_RENTING,3475,152,0.719,0.092,0.33,151.0,18
122,A0110201,A011,2,MSUV,SUV medio,EMPRESAS_RENTING,3346,184,0.702,0.065,0.34,148.0,17
123,A0110301,A011,3,MSUV,SUV medio,EMPRESAS_RENTING,3727,237,0.774,0.062,0.359,150.0,17
124,A0110401,A011,4,MSUV,SUV medio,EMPRESAS_RENTING,3939,251,0.68,0.066,0.36,149.0,18
125,A0110501,A011,5,MSUV,SUV medio,EMPRESAS_RENTING,4200,259,0.652,0.074,0.423,150.0,18
126,A0110601,A011,6,MSUV,SUV medio,EMPRESAS_RENTING,4398,267,0.72,0.08,0.376,153.0,19
127,A0110701,A011,7,MSUV,SUV medio,EMPRESAS_RENTING,4877,196,0.736,0.067,0.358,153.0,19
128,A0110801,A011,8,MSUV,SUV medio,EMPRESAS_RENTING,4405,167,0.688,0.051,0.303,151.0,19
129,A0110901,A011,9,MSUV,SUV medio,EMPRESAS_RENTING,3058,136,0.741,0.055,0.487,146.0,17
130,A0111001,A011,10,MSUV,SUV medio,EMPRESAS_RENTING,3262,143,0.679,0.065,0.424,152.0,20
131,A0111101,A011,11,MSUV,SUV medio,EMPRESAS_RENTING,3232,198,0.704,0.046,0.404,153.0,19
132,A0111201,A011,12,MSUV,SUV medio,EMPRESAS_RENTING,3270,205,0.714,0.042,0.487,151.0,18
133,A0120101,A012,1,MSUV,SUV medio,EMPRESAS_RENTING,3843,148,0.55,0.089,0.305,154.0,20
134,A0120201,A012,2,MSUV,SUV medio,EMPRESAS_RENTING,3664,151,0.58,0.098,0.375,153.0,20
135,A0120301,A012,3,MSUV,SUV medio,EMPRESAS_RENTING,5083,131,0.454,0.073,0.468,145.0,20
136,A0120401,A012,4,MSUV,SUV medio,EMPRESAS_RENTING,4793,205,0.393,0.089,0.466,144.0,20
137,A0120501,A012,5,MSUV,SUV medio,EMPRESAS_RENTING,4320,177,0.465,0.178,0.372,151.0,20
138,A0120601,A012,6,MSUV,SUV medio,EMPRESAS_RENTING,4818,175,0.498,0.135,0.375,150.0,19
139,A0120701,A012,7,MSUV,SUV medio,EMPRESAS_RENTING,5194,193,0.457,0.143,0.388,150.0,20
140,A0120801,A012,8,MSUV,SUV medio,EMPRESAS_RENTING,3044,122,0.444,0.191,0.395,154.0,20
141,A0120901,A012,9,MSUV,SUV medio,EMPRESAS_RENTING,4385,269,0.413,0.181,0.358,151.0,19
142,A0121001,A012,10,MSUV,SUV medio,EMPRESAS_RENTING,5322,210,0.408,0.166,0.369,148.0,18
143,A0121101,A012,11,MSUV,SUV medio,EMPRESAS_RENTING,4611,166,0.421,0.213,0.395,149.0,17
144,A0121201,A012,12,MSUV,SUV medio,EMPRESAS_RENTING,6271,199,0.383,0.179,0.327,147.0,18
1,A0010101,A001,1,MSUV,SUV medio,PARTICULARES,1885,0,0.801,0.0,,145.0,11
2,A0010201,A001,2,MSUV,SUV medio,PARTICULARES,2104,0,0.746,0.0,,145.0,11
3,A0010301,A001,3,MSUV,SUV medio,PARTICULARES,2084,0,0.737,0.0,,145.0,11
4,A0010401,A001,4,MSUV,SUV medio,PARTICULARES,2163,0,0.693,0.0,,145.0,11
5,A0010501,A001,5,MSUV,SUV medio,PARTICULARES,2045,0,0.698,0.0,,145.0,12
6,A0010601,A001,6,MSUV,SUV medio,PARTICULARES,2101,0,0.738,0.0,,146.0,13
7,A0010701,A001,7,MSUV,SUV medio,PARTICULARES,2491,0,0.744,0.0,,145.0,13
8,A0010801,A001,8,MSUV,SUV medio,PARTICULARES,1670,0,0.774,0.0,,145.0,13
9,A0010901,A001,9,MSUV,SUV medio,PARTICULARES,1668,0,0.787,0.0,,145.0,13
10,A0011001,A001,10,MSUV,SUV medio,PARTICULARES,1877,0,0.796,0.0,,146.0,13
11,A0011101,A001,11,MSUV,SUV medio,PARTICULARES,1573,0,0.812,0.0,,146.0,13
12,A0011201,A001,12,MSUV,SUV medio,PARTICULARES,1886,0,0.838,0.0,,146.0,13
13,A0020101,A002,1,MSUV,SUV medio,PARTICULARES,1592,0,0.866,0.0,,146.0,14
14,A0020201,A002,2,MSUV,SUV medio,PARTICULARES,1581,0,0.866,0.0,,145.0,14
15,A0020301,A002,3,MSUV,SUV medio,PARTICULARES,1964,0,0.851,0.0,,146.0,14
16,A0020401,A002,4,MSUV,SUV medio,PARTICULARES,1663,0,0.812,0.0,,147.0,13
17,A0020501,A002,5,MSUV,SUV medio,PARTICULARES,1614,0,0.831,0.0,,144.0,15
18,A0020601,A002,6,MSUV,SUV medio,PARTICULARES,2458,0,0.82,0.0,,143.0,14
19,A0020701,A002,7,MSUV,SUV medio,PARTICULARES,3285,0,0.835,0.0,,140.0,14
20,A0020801,A002,8,MSUV,SUV medio,PARTICULARES,1982,0,0.834,0.0,,140.0,14
21,A0020901,A002,9,MSUV,SUV medio,PARTICULARES,2916,0,0.85,0.0,,140.0,15
22,A0021001,A002,10,MSUV,SUV medio,PARTICULARES,3608,0,0.873,0.0,,141.0,14
23,A0021101,A002,11,MSUV,SUV medio,PARTICULARES,3402,0,0.895,0.0,,141.0,15
24,A0021201,A002,12,MSUV,SUV medio,PARTICULARES,3701,0,0.91,0.0,,140.0,15
25,A0030101,A003,1,MSUV,SUV medio,PARTICULARES,2541,0,0.904,0.0,,142.0,15
26,A0030201,A003,2,MSUV,SUV medio,PARTICULARES,3030,0,0.881,0.0,,141.0,14
27,A0030301,A003,3,MSUV,SUV medio,PARTICULARES,3710,0,0.904,0.0,,141.0,14
28,A0030401,A003,4,MSUV,SUV medio,PARTICULARES,3570,0,0.918,0.0,,139.0,14
29,A0030501,A003,5,MSUV,SUV medio,PARTICULARES,3802,0,0.908,0.0,,142.0,14
30,A0030601,A003,6,MSUV,SUV medio,PARTICULARES,4788,0,0.94,0.0,,144.0,14
31,A0030701,A003,7,MSUV,SUV medio,PARTICULARES,2938,0,0.921,0.0,,143.0,14
32,A0030801,A003,8,MSUV,SUV medio,PARTICULARES,1885,0,0.917,0.0,,145.0,14
33,A0030901,A003,9,MSUV,SUV medio,PARTICULARES,2245,0,0.923,0.0,,143.0,15
34,A0031001,A003,10,MSUV,SUV medio,PARTICULARES,2660,0,0.911,0.0,,143.0,15
35,A0031101,A003,11,MSUV,SUV medio,PARTICULARES,2687,0,0.887,0.0,,140.0,14
36,A0031201,A003,12,MSUV,SUV medio,PARTICULARES,3047,0,0.906,0.0,,138.0,15
37,A0040101,A004,1,MSUV,SUV medio,PARTICULARES,2161,0,0.916,0.0,0.0,138.0,14
38,A0040201,A004,2,MSUV,SUV medio,PARTICULARES,2403,0,0.911,0.0,0.0,136.0,14
39,A0040301,A004,3,MSUV,SUV medio,PARTICULARES,3015,0,0.925,0.0,0.0,137.0,14
40,A0040401,A004,4,MSUV,SUV medio,PARTICULARES,2393,0,0.935,0.0,0.0,136.0,14
41,A0040501,A004,5,MSUV,SUV medio,PARTICULARES,2660,0,0.927,0.0,0.0,138.0,14
42,A0040601,A004,6,MSUV,SUV medio,PARTICULARES,2342,0,0.912,0.0,0.0,137.0,15
43,A0040701,A004,7,MSUV,SUV medio,PARTICULARES,2828,0,0.88,0.0,0.0,138.0,14
44,A0040801,A004,8,MSUV,SUV medio,PARTICULARES,2042,0,0.863,0.0,0.0,137.0,14
45,A0040901,A004,9,MSUV,SUV medio,PARTICULARES,2265,0,0.899,0.0,0.0,136.0,14
46,A0041001,A004,10,MSUV,SUV medio,PARTICULARES,2372,0,0.898,0.0,0.0,136.0,14
47,A0041101,A004,11,MSUV,SUV medio,PARTICULARES,2401,0,0.884,0.0,0.0,136.0,14
48,A0041201,A004,12,MSUV,SUV medio,PARTICULARES,2926,0,0.872,0.0,0.0,135.0,14
49,A0050101,A005,1,MSUV,SUV medio,PARTICULARES,2308,11,0.892,0.0,0.0,135.0,15
50,A0050201,A005,2,MSUV,SUV medio,PARTICULARES,2336,31,0.87,0.002,0.0,136.0,15
51,A0050301,A005,3,MSUV,SUV medio,PARTICULARES,2812,71,0.864,0.002,0.0,137.0,15
52,A0050401,A005,4,MSUV,SUV medio,PARTICULARES,2116,67,0.879,0.001,0.0,136.0,15
53,A0050501,A005,5,MSUV,SUV medio,PARTICULARES,2519,127,0.878,0.0,0.0,137.0,15
54,A0050601,A005,6,MSUV,SUV medio,PARTICULARES,2388,87,0.884,0.0,0.0,135.0,15
55,A0050701,A005,7,MSUV,SUV medio,PARTICULARES,2967,119,0.902,0.002,0.0,135.0,15
56,A0050801,A005,8,MSUV,SUV medio,PARTICULARES,2909,135,0.923,0.001,0.0,134.0,15
57,A0050901,A005,9,MSUV,SUV medio,PARTICULARES,1428,48,0.887,0.0,0.0,136.0,15
58,A0051001,A005,10,MSUV,SUV medio,PARTICULARES,1731,64,0.895,0.003,0.0,134.0,15
59,A0051101,A005,11,MSUV,SUV medio,PARTICULARES,2379,100,0.88,0.0,0.0,134.0,15
60,A0051201,A005,12,MSUV,SUV medio,PARTICULARES,2652,122,0.88,0.001,0.0,133.0,15
61,A0060101,A006,1,MSUV,SUV medio,PARTICULARES,2161,163,0.855,0.001,0.0,134.0,15
62,A0060201,A006,2,MSUV,SUV medio,PARTICULARES,2038,134,0.848,0.001,0.0,135.0,15
63,A0060301,A006,3,MSUV,SUV medio,PARTICULARES,2280,163,0.842,0.0,0.0,134.0,15
64,A0060401,A006,4,MSUV,SUV medio,PARTICULARES,2868,164,0.846,0.001,0.0,133.0,14
65,A0060501,A006,5,MSUV,SUV medio,PARTICULARES,3041,223,0.831,0.0,0.0,134.0,15
66,A0060601,A006,6,MSUV,SUV medio,PARTICULARES,2681,168,0.836,0.001,0.0,134.0,15
67,A0060701,A006,7,MSUV,SUV medio,PARTICULARES,3448,149,0.836,0.0,0.0,132.0,16
68,A0060801,A006,8,MSUV,SUV medio,PARTICULARES,2158,128,0.864,0.0,0.0,132.0,16
69,A0060901,A006,9,MSUV,SUV medio,PARTICULARES,2457,191,0.853,0.0,0.0,132.0,14
70,A0061001,A006,10,MSUV,SUV medio,PARTICULARES,3199,253,0.841,0.001,0.0,132.0,16
71,A0061101,A006,11,MSUV,SUV medio,PARTICULARES,3166,242,0.849,0.002,0.0,131.0,16
72,A0061201,A006,12,MSUV,SUV medio,PARTICULARES,3513,288,0.855,0.0,0.0,131.0,16
73,A0070101,A007,1,MSUV,SUV medio,PARTICULARES,2864,327,0.879,0.001,0.0,130.0,16
74,A0070201,A007,2,MSUV,SUV medio,PARTICULARES,3625,232,0.861,0.0,0.0,129.0,16
75,A0070301,A007,3,MSUV,SUV medio,PARTICULARES,3589,242,0.815,0.0,0.0,130.0,16
76,A0070401,A007,4,MSUV,SUV medio,PARTICULARES,3548,340,0.849,0.0,0.0,129.0,16
77,A0070501,A007,5,MSUV,SUV medio,PARTICULARES,3960,431,0.851,0.001,0.0,130.0,15
78,A0070601,A007,6,MSUV,SUV medio,PARTICULARES,4165,464,0.817,0.001,0.0,130.0,16
79,A0070701,A007,7,MSUV,SUV medio,PARTICULARES,5069,474,0.779,0.001,0.0,129.0,16
80,A0070801,A007,8,MSUV,SUV medio,PARTICULARES,3133,272,0.812,0.0,0.0,128.0,16
81,A0070901,A007,9,MSUV,SUV medio,PARTICULARES,3646,390,0.816,0.001,0.0,130.0,16
82,A0071001,A007,10,MSUV,SUV medio,PARTICULARES,4683,446,0.816,0.0,0.0,129.0,16
83,A0071101,A007,11,MSUV,SUV medio,PARTICULARES,4355,391,0.835,0.0,0.0,129.0,15
84,A0071201,A007,12,MSUV,SUV medio,PARTICULARES,5021,645,0.825,0.001,0.0,130.0,16
85,A0080101,A008,1,MSUV,SUV medio,PARTICULARES,4467,293,0.845,0.0,0.0,129.0,15
86,A0080201,A008,2,MSUV,SUV medio,PARTICULARES,4402,270,0.837,0.0,0.0,128.0,15
87,A0080301,A008,3,MSUV,SUV medio,PARTICULARES,5612,612,0.826,0.0,0.0,130.0,15
88,A0080401,A008,4,MSUV,SUV medio,PARTICULARES,4492,558,0.798,0.0,0.0,131.0,15
89,A0080501,A008,5,MSUV,SUV medio,PARTICULARES,4714,567,0.819,0.0,0.0,130.0,15
90,A0080601,A008,6,MSUV,SUV medio,PARTICULARES,5303,626,0.82,0.0,0.0,130.0,15
91,A0080701,A008,7,MSUV,SUV medio,PARTICULARES,6681,571,0.8,0.0,0.0,129.0,14
92,A0080801,A008,8,MSUV,SUV medio,PARTICULARES,3953,394,0.821,0.0,0.0,129.0,14
93,A0080901,A008,9,MSUV,SUV medio,PARTICULARES,4187,461,0.797,0.0,0.0,131.0,14
94,A0081001,A008,10,MSUV,SUV medio,PARTICULARES,5223,445,0.775,0.0,0.0,131.0,14
95,A0081101,A008,11,MSUV,SUV medio,PARTICULARES,5497,566,0.792,0.0,0.0,130.0,14
96,A0081201,A008,12,MSUV,SUV medio,PARTICULARES,6240,607,0.809,0.0,0.0,130.0,14
97,A0090101,A009,1,MSUV,SUV medio,PARTICULARES,5162,519,0.737,0.0,0.0,133.0,13
98,A0090201,A009,2,MSUV,SUV medio,PARTICULARES,4724,513,0.699,0.0,0.0,133.0,14
99,A0090301,A009,3,MSUV,SUV medio,PARTICULARES,5238,546,0.738,0.001,0.0,132.0,14
100,A0090401,A009,4,MSUV,SUV medio,PARTICULARES,5389,504,0.688,0.037,0.0,134.0,14
101,A0090501,A009,5,MSUV,SUV medio,PARTICULARES,6171,539,0.646,0.094,0.0,139.0,14
102,A0090601,A009,6,MSUV,SUV medio,PARTICULARES,6436,462,0.709,0.058,0.0,135.0,15
103,A0090701,A009,7,MSUV,SUV medio,PARTICULARES,6414,474,0.665,0.077,0.0,137.0,14
104,A0090801,A009,8,MSUV,SUV medio,PARTICULARES,4944,399,0.678,0.074,0.0,138.0,14
105,A0090901,A009,9,MSUV,SUV medio,PARTICULARES,5625,507,0.639,0.072,0.0,139.0,13
106,A0091001,A009,10,MSUV,SUV medio,PARTICULARES,5469,409,0.69,0.056,0.0,137.0,13
107,A0091101,A009,11,MSUV,SUV medio,PARTICULARES,6271,463,0.658,0.067,0.0,138.0,14
108,A0091201,A009,12,MSUV,SUV medio,PARTICULARES,6315,408,0.647,0.061,0.0,137.0,14
109,A0100101,A010,1,MSUV,SUV medio,PARTICULARES,5180,315,0.584,0.088,0.0,140.0,14
110,A0100201,A010,2,MSUV,SUV medio,PARTICULARES,5334,411,0.599,0.063,0.0,139.0,14
111,A0100301,A010,3,MSUV,SUV medio,PARTICULARES,7006,468,0.598,0.068,0.0,140.0,16
112,A0100401,A010,4,MSUV,SUV medio,PARTICULARES,5301,250,0.58,0.07,0.0,140.0,16
113,A0100501,A010,5,MSUV,SUV medio,PARTICULARES,7111,320,0.587,0.06,0.0,139.0,16
114,A0100601,A010,6,MSUV,SUV medio,PARTICULARES,7466,491,0.578,0.061,0.0,140.0,17
115,A0100701,A010,7,MSUV,SUV medio,PARTICULARES,7259,485,0.559,0.08,0.0,141.0,17
116,A0100801,A010,8,MSUV,SUV medio,PARTICULARES,5488,421,0.56,0.083,0.0,142.0,17
117,A0100901,A010,9,MSUV,SUV medio,PARTICULARES,6335,512,0.533,0.067,0.0,142.0,18
118,A0101001,A010,10,MSUV,SUV medio,PARTICULARES,6967,464,0.541,0.056,0.0,141.0,18
119,A0101101,A010,11,MSUV,SUV medio,PARTICULARES,8459,617,0.513,0.057,0.0,141.0,18
120,A0101201,A010,12,MSUV,SUV medio,PARTICULARES,7836,575,0.503,0.057,0.0,142.0,18
121,A0110101,A011,1,MSUV,SUV medio,PARTICULARES,7464,408,0.484,0.085,0.0,144.0,18
122,A0110201,A011,2,MSUV,SUV medio,PARTICULARES,7776,503,0.445,0.05,0.0,141.0,18
123,A0110301,A011,3,MSUV,SUV medio,PARTICULARES,8003,588,0.424,0.058,0.0,144.0,18
124,A0110401,A011,4,MSUV,SUV medio,PARTICULARES,8003,665,0.391,0.069,0.0,145.0,18
125,A0110501,A011,5,MSUV,SUV medio,PARTICULARES,8838,528,0.4,0.057,0.0,144.0,18
126,A0110601,A011,6,MSUV,SUV medio,PARTICULARES,8731,529,0.389,0.057,0.0,144.0,18
127,A0110701,A011,7,MSUV,SUV medio,PARTICULARES,10018,507,0.373,0.043,0.0,142.0,18
128,A0110801,A011,8,MSUV,SUV medio,PARTICULARES,8103,558,0.429,0.052,0.0,142.0,18
129,A0110901,A011,9,MSUV,SUV medio,PARTICULARES,5441,454,0.416,0.053,0.0,142.0,18
130,A0111001,A011,10,MSUV,SUV medio,PARTICULARES,6562,468,0.445,0.043,0.0,142.0,18
131,A0111101,A011,11,MSUV,SUV medio,PARTICULARES,7379,557,0.438,0.03,0.0,144.0,18
132,A0111201,A011,12,MSUV,SUV medio,PARTICULARES,7218,612,0.429,0.034,0.0,145.0,18
133,A0120101,A012,1,MSUV,SUV medio,PARTICULARES,5762,393,0.36,0.059,0.0,146.0,20
134,A0120201,A012,2,MSUV,SUV medio,PARTICULARES,6294,483,0.305,0.107,0.0,147.0,20
135,A0120301,A012,3,MSUV,SUV medio,PARTICULARES,7638,593,0.304,0.121,0.0,147.0,20
136,A0120401,A012,4,MSUV,SUV medio,PARTICULARES,6651,492,0.305,0.113,0.0,145.0,20
137,A0120501,A012,5,MSUV,SUV medio,PARTICULARES,8518,467,0.264,0.165,0.0,147.0,20
138,A0120601,A012,6,MSUV,SUV medio,PARTICULARES,7422,403,0.3,0.15,0.0,144.0,20
139,A0120701,A012,7,MSUV,SUV medio,PARTICULARES,8835,412,0.28,0.169,0.0,144.0,19
140,A0120801,A012,8,MSUV,SUV medio,PARTICULARES,6029,311,0.247,0.191,0.0,145.0,20
141,A0120901,A012,9,MSUV,SUV medio,PARTICULARES,6427,360,0.252,0.175,0.0,144.0,18
142,A0121001,A012,10,MSUV,SUV medio,PARTICULARES,7996,471,0.273,0.146,0.0,143.0,18
143,A0121101,A012,11,MSUV,SUV medio,PARTICULARES,8683,691,0.27,0.162,0.0,143.0,18
144,A0121201,A012,12,MSUV,SUV medio,PARTICULARES,8078,789,0.263,0.171,0.0,143.0,18
1,A0010101,A001,1,S,Descapotable,ALQUILADORES,0,0,,,,,0
2,A0010201,A001,2,S,Descapotable,ALQUILADORES,0,0,,,,,0
3,A0010301,A001,3,S,Descapotable,ALQUILADORES,3,2,0.0,0.0,,157.0,2
4,A0010401,A001,4,S,Descapotable,ALQUILADORES,3,3,0.0,0.0,,149.0,1
5,A0010501,A001,5,S,Descapotable,ALQUILADORES,4,0,1.0,0.0,,200.0,1
6,A0010601,A001,6,S,Descapotable,ALQUILADORES,2,1,0.5,0.0,,163.0,2
7,A0010701,A001,7,S,Descapotable,ALQUILADORES,0,0,,,,,0
8,A0010801,A001,8,S,Descapotable,ALQUILADORES,0,0,,,,,0
9,A0010901,A001,9,S,Descapotable,ALQUILADORES,1,1,0.0,0.0,,160.0,1
10,A0011001,A001,10,S,Descapotable,ALQUILADORES,0,0,,,,,0
11,A0011101,A001,11,S,Descapotable,ALQUILADORES,0,0,,,,,0
12,A0011201,A001,12,S,Descapotable,ALQUILADORES,3,2,0.333,0.0,,173.0,2
13,A0020101,A002,1,S,Descapotable,ALQUILADORES,0,0,,,,,0
14,A0020201,A002,2,S,Descapotable,ALQUILADORES,0,0,,,,,0
15,A0020301,A002,3,S,Descapotable,ALQUILADORES,0,0,,,,,0
16,A0020401,A002,4,S,Descapotable,ALQUILADORES,0,0,,,,,0
17,A0020501,A002,5,S,Descapotable,ALQUILADORES,1,1,0.0,0.0,,126.0,1
18,A0020601,A002,6,S,Descapotable,ALQUILADORES,0,0,,,,,0
19,A0020701,A002,7,S,Descapotable,ALQUILADORES,0,0,,,,,0
20,A0020801,A002,8,S,Descapotable,ALQUILADORES,0,0,,,,,0
21,A0020901,A002,9,S,Descapotable,ALQUILADORES,0,0,,,,,0
22,A0021001,A002,10,S,Descapotable,ALQUILADORES,1,1,0.0,0.0,,126.0,1
23,A0021101,A002,11,S,Descapotable,ALQUILADORES,1,1,0.0,0.0,,160.0,1
24,A0021201,A002,12,S,Descapotable,ALQUILADORES,0,0,,,,,0
25,A0030101,A003,1,S,Descapotable,ALQUILADORES,0,0,,,,,0
26,A0030201,A003,2,S,Descapotable,ALQUILADORES,1,0,0.333,0.0,,173.0,2
27,A0030301,A003,3,S,Descapotable,ALQUILADORES,0,0,,,,,0
28,A0030401,A003,4,S,Descapotable,ALQUILADORES,0,0,,,,,0
29,A0030501,A003,5,S,Descapotable,ALQUILADORES,0,0,,,,,0
30,A0030601,A003,6,S,Descapotable,ALQUILADORES,0,0,,,,,1
31,A0030701,A003,7,S,Descapotable,ALQUILADORES,0,0,,,,,0
32,A0030801,A003,8,S,Descapotable,ALQUILADORES,0,0,,,,,1
33,A0030901,A003,9,S,Descapotable,ALQUILADORES,0,0,,,,,0
34,A0031001,A003,10,S,Descapotable,ALQUILADORES,0,0,,,,,0
35,A0031101,A003,11,S,Descapotable,ALQUILADORES,0,0,,,,,0
36,A0031201,A003,12,S,Descapotable,ALQUILADORES,0,0,,,,,1
37,A0040101,A004,1,S,Descapotable,ALQUILADORES,0,0,,,,,0
38,A0040201,A004,2,S,Descapotable,ALQUILADORES,1,0,0.0,0.0,0.0,227.0,2
39,A0040301,A004,3,S,Descapotable,ALQUILADORES,0,0,,,,,1
40,A0040401,A004,4,S,Descapotable,ALQUILADORES,0,0,,,,,1
41,A0040501,A004,5,S,Descapotable,ALQUILADORES,0,0,,,,,0
42,A0040601,A004,6,S,Descapotable,ALQUILADORES,0,0,,,,,0
43,A0040701,A004,7,S,Descapotable,ALQUILADORES,0,0,,,,,0
44,A0040801,A004,8,S,Descapotable,ALQUILADORES,0,0,,,,,0
45,A0040901,A004,9,S,Descapotable,ALQUILADORES,0,0,,,,,0
46,A0041001,A004,10,S,Descapotable,ALQUILADORES,0,0,,,,,1
47,A0041101,A004,11,S,Descapotable,ALQUILADORES,0,0,,,,,1
48,A0041201,A004,12,S,Descapotable,ALQUILADORES,0,0,,,,,0
49,A0050101,A005,1,S,Descapotable,ALQUILADORES,0,0,,,,,0
50,A0050201,A005,2,S,Descapotable,ALQUILADORES,0,0,,,,,0
51,A0050301,A005,3,S,Descapotable,ALQUILADORES,0,0,,,,,1
52,A0050401,A005,4,S,Descapotable,ALQUILADORES,0,0,,,,,0
53,A0050501,A005,5,S,Descapotable,ALQUILADORES,0,0,,,,,0
54,A0050601,A005,6,S,Descapotable,ALQUILADORES,0,0,,,,,1
55,A0050701,A005,7,S,Descapotable,ALQUILADORES,0,0,,,,,0
56,A0050801,A005,8,S,Descapotable,ALQUILADORES,0,0,,,,,0
57,A0050901,A005,9,S,Descapotable,ALQUILADORES,0,0,,,,,1
58,A0051001,A005,10,S,Descapotable,ALQUILADORES,0,0,,,,,1
59,A0051101,A005,11,S,Descapotable,ALQUILADORES,0,0,,,,,0
60,A0051201,A005,12,S,Descapotable,ALQUILADORES,0,0,,,,,0
61,A0060101,A006,1,S,Descapotable,ALQUILADORES,0,0,,,,,0
62,A0060201,A006,2,S,Descapotable,ALQUILADORES,0,0,,,,,1
63,A0060301,A006,3,S,Descapotable,ALQUILADORES,0,0,,,,,1
64,A0060401,A006,4,S,Descapotable,ALQUILADORES,0,0,,,,,0
65,A0060501,A006,5,S,Descapotable,ALQUILADORES,0,0,,,,,0
66,A0060601,A006,6,S,Descapotable,ALQUILADORES,0,0,,,,,1
67,A0060701,A006,7,S,Descapotable,ALQUILADORES,1,0,0.0,0.0,0.0,280.0,2
68,A0060801,A006,8,S,Descapotable,ALQUILADORES,0,0,,,,,0
69,A0060901,A006,9,S,Descapotable,ALQUILADORES,0,0,,,,,0
70,A0061001,A006,10,S,Descapotable,ALQUILADORES,0,0,,,,,0
71,A0061101,A006,11,S,Descapotable,ALQUILADORES,2,0,0.0,0.0,0.0,424.0,1
72,A0061201,A006,12,S,Descapotable,ALQUILADORES,0,0,,,,,0
73,A0070101,A007,1,S,Descapotable,ALQUILADORES,1,0,0.0,0.0,0.0,405.0,1
74,A0070201,A007,2,S,Descapotable,ALQUILADORES,0,0,,,,,0
75,A0070301,A007,3,S,Descapotable,ALQUILADORES,0,0,,,,,0
76,A0070401,A007,4,S,Descapotable,ALQUILADORES,0,0,,,,,1
77,A0070501,A007,5,S,Descapotable,ALQUILADORES,0,0,,,,,1
78,A0070601,A007,6,S,Descapotable,ALQUILADORES,0,0,,,,,0
79,A0070701,A007,7,S,Descapotable,ALQUILADORES,0,0,,,,,0
80,A0070801,A007,8,S,Descapotable,ALQUILADORES,0,0,,,,,0
81,A0070901,A007,9,S,Descapotable,ALQUILADORES,0,0,,,,,0
82,A0071001,A007,10,S,Descapotable,ALQUILADORES,0,0,,,,,0
83,A0071101,A007,11,S,Descapotable,ALQUILADORES,0,0,,,,,0
84,A0071201,A007,12,S,Descapotable,ALQUILADORES,0,0,,,,,0
85,A0080101,A008,1,S,Descapotable,ALQUILADORES,0,0,,,,,0
86,A0080201,A008,2,S,Descapotable,ALQUILADORES,0,0,,,,,1
87,A0080301,A008,3,S,Descapotable,ALQUILADORES,0,0,,,,,1
88,A0080401,A008,4,S,Descapotable,ALQUILADORES,0,0,,,,,1
89,A0080501,A008,5,S,Descapotable,ALQUILADORES,0,0,,,,,0
90,A0080601,A008,6,S,Descapotable,ALQUILADORES,0,0,,,,,0
91,A0080701,A008,7,S,Descapotable,ALQUILADORES,0,0,,,,,0
92,A0080801,A008,8,S,Descapotable,ALQUILADORES,0,0,,,,,0
93,A0080901,A008,9,S,Descapotable,ALQUILADORES,0,0,,,,,1
94,A0081001,A008,10,S,Descapotable,ALQUILADORES,0,0,,,,,1
95,A0081101,A008,11,S,Descapotable,ALQUILADORES,0,0,,,,,0
96,A0081201,A008,12,S,Descapotable,ALQUILADORES,0,0,,,,,1
97,A0090101,A009,1,S,Descapotable,ALQUILADORES,0,0,,,,,0
98,A0090201,A009,2,S,Descapotable,ALQUILADORES,6,6,0.0,0.0,0.0,130.0,1
99,A0090301,A009,3,S,Descapotable,ALQUILADORES,2,0,0.0,0.0,0.0,229.0,3
100,A0090401,A009,4,S,Descapotable,ALQUILADORES,0,0,,,,,0
101,A0090501,A009,5,S,Descapotable,ALQUILADORES,4,0,0.0,0.0,0.0,276.0,3
102,A0090601,A009,6,S,Descapotable,ALQUILADORES,2,0,0.0,0.0,0.0,214.0,2
103,A0090701,A009,7,S,Descapotable,ALQUILADORES,14,0,0.0,0.0,0.067,146.0,3
104,A0090801,A009,8,S,Descapotable,ALQUILADORES,1,0,0.0,0.0,0.0,140.0,1
105,A0090901,A009,9,S,Descapotable,ALQUILADORES,17,2,0.0,0.0,0.0,139.0,2
106,A0091001,A009,10,S,Descapotable,ALQUILADORES,6,3,0.0,0.0,0.0,165.0,2
107,A0091101,A009,11,S,Descapotable,ALQUILADORES,1,1,0.0,0.0,0.0,160.0,1
108,A0091201,A009,12,S,Descapotable,ALQUILADORES,12,0,0.0,0.0,0.0,142.0,2
109,A0100101,A010,1,S,Descapotable,ALQUILADORES,1,0,0.0,0.0,0.0,150.0,2
110,A0100201,A010,2,S,Descapotable,ALQUILADORES,5,3,0.0,0.0,0.0,134.0,2
111,A0100301,A010,3,S,Descapotable,ALQUILADORES,9,0,0.0,0.0,0.0,157.0,2
112,A0100401,A010,4,S,Descapotable,ALQUILADORES,4,2,0.0,0.0,0.0,220.0,3
113,A0100501,A010,5,S,Descapotable,ALQUILADORES,24,2,0.0,0.0,0.0,163.0,2
114,A0100601,A010,6,S,Descapotable,ALQUILADORES,30,9,0.0,0.0,0.0,151.0,2
115,A0100701,A010,7,S,Descapotable,ALQUILADORES,0,0,,,,,1
116,A0100801,A010,8,S,Descapotable,ALQUILADORES,5,1,0.0,0.0,0.0,156.0,2
117,A0100901,A010,9,S,Descapotable,ALQUILADORES,1,0,0.0,0.0,0.0,165.0,2
118,A0101001,A010,10,S,Descapotable,ALQUILADORES,31,31,0.0,0.0,0.0,132.0,1
119,A0101101,A010,11,S,Descapotable,ALQUILADORES,11,0,0.0,0.0,0.0,188.0,3
120,A0101201,A010,12,S,Descapotable,ALQUILADORES,8,0,0.0,0.0,0.0,170.0,1
121,A0110101,A011,1,S,Descapotable,ALQUILADORES,3,2,0.0,0.0,0.0,155.0,2
122,A0110201,A011,2,S,Descapotable,ALQUILADORES,12,12,0.0,0.0,0.0,160.0,1
123,A0110301,A011,3,S,Descapotable,ALQUILADORES,22,4,0.0,0.0,0.0,156.0,2
124,A0110401,A011,4,S,Descapotable,ALQUILADORES,2,1,0.0,0.0,0.0,192.0,2
125,A0110501,A011,5,S,Descapotable,ALQUILADORES,26,0,0.0,0.0,0.0,164.0,2
126,A0110601,A011,6,S,Descapotable,ALQUILADORES,33,0,0.0,0.0,0.0,169.0,2
127,A0110701,A011,7,S,Descapotable,ALQUILADORES,14,1,0.0,0.0,0.0,168.0,1
128,A0110801,A011,8,S,Descapotable,ALQUILADORES,1,0,0.0,0.0,0.0,176.0,2
129,A0110901,A011,9,S,Descapotable,ALQUILADORES,1,0,0.0,0.0,0.5,150.0,2
130,A0111001,A011,10,S,Descapotable,ALQUILADORES,26,0,0.0,0.0,0.0,167.0,1
131,A0111101,A011,11,S,Descapotable,ALQUILADORES,0,0,,,,,0
132,A0111201,A011,12,S,Descapotable,ALQUILADORES,1,0,0.0,0.0,0.0,170.0,1
133,A0120101,A012,1,S,Descapotable,ALQUILADORES,25,25,0.0,0.0,0.0,132.0,1
134,A0120201,A012,2,S,Descapotable,ALQUILADORES,14,10,0.0,0.0,0.0,179.0,2
135,A0120301,A012,3,S,Descapotable,ALQUILADORES,41,0,0.0,0.0,0.0,145.0,2
136,A0120401,A012,4,S,Descapotable,ALQUILADORES,28,0,0.0,0.0,0.0,170.0,2
137,A0120501,A012,5,S,Descapotable,ALQUILADORES,17,8,0.0,0.0,0.0,161.0,3
138,A0120601,A012,6,S,Descapotable,ALQUILADORES,1,0,0.0,0.0,0.0,170.0,1
139,A0120701,A012,7,S,Descapotable,ALQUILADORES,5,0,0.0,0.0,0.0,226.0,2
140,A0120801,A012,8,S,Descapotable,ALQUILADORES,1,0,0.0,0.0,0.0,140.0,1
141,A0120901,A012,9,S,Descapotable,ALQUILADORES,0,0,,,,,1
142,A0121001,A012,10,S,Descapotable,ALQUILADORES,0,0,,,,,0
143,A0121101,A012,11,S,Descapotable,ALQUILADORES,3,3,0.0,0.0,0.0,130.0,1
144,A0121201,A012,12,S,Descapotable,ALQUILADORES,6,6,0.0,0.0,0.0,183.0,1
1,A0010101,A001,1,S,Descapotable,EMPRESAS_RENTING,18,8,0.333,0.0,,166.0,2
2,A0010201,A001,2,S,Descapotable,EMPRESAS_RENTING,8,6,0.25,0.0,,149.0,2
3,A0010301,A001,3,S,Descapotable,EMPRESAS_RENTING,13,10,0.231,0.0,,154.0,2
4,A0010401,A001,4,S,Descapotable,EMPRESAS_RENTING,11,6,0.273,0.0,,163.0,2
5,A0010501,A001,5,S,Descapotable,EMPRESAS_RENTING,9,6,0.222,0.0,,153.0,2
6,A0010601,A001,6,S,Descapotable,EMPRESAS_RENTING,10,8,0.2,0.0,,148.0,2
7,A0010701,A001,7,S,Descapotable,EMPRESAS_RENTING,13,5,0.231,0.0,,188.0,2
8,A0010801,A001,8,S,Descapotable,EMPRESAS_RENTING,5,4,0.0,0.0,,138.0,2
9,A0010901,A001,9,S,Descapotable,EMPRESAS_RENTING,6,4,0.0,0.0,,146.0,2
10,A0011001,A001,10,S,Descapotable,EMPRESAS_RENTING,8,6,0.125,0.0,,151.0,2
11,A0011101,A001,11,S,Descapotable,EMPRESAS_RENTING,8,4,0.5,0.0,,172.0,2
12,A0011201,A001,12,S,Descapotable,EMPRESAS_RENTING,2,0,1.0,0.0,,200.0,1
13,A0020101,A002,1,S,Descapotable,EMPRESAS_RENTING,1,0,1.0,0.0,,200.0,1
14,A0020201,A002,2,S,Descapotable,EMPRESAS_RENTING,1,0,1.0,0.0,,200.0,1
15,A0020301,A002,3,S,Descapotable,EMPRESAS_RENTING,7,6,0.0,0.0,,149.0,2
16,A0020401,A002,4,S,Descapotable,EMPRESAS_RENTING,4,3,0.0,0.0,,160.0,2
17,A0020501,A002,5,S,Descapotable,EMPRESAS_RENTING,4,3,0.25,0.0,,170.0,2
18,A0020601,A002,6,S,Descapotable,EMPRESAS_RENTING,2,2,0.0,0.0,,143.0,1
19,A0020701,A002,7,S,Descapotable,EMPRESAS_RENTING,2,1,0.0,0.0,,156.0,2
20,A0020801,A002,8,S,Descapotable,EMPRESAS_RENTING,2,1,0.5,0.0,,178.0,2
21,A0020901,A002,9,S,Descapotable,EMPRESAS_RENTING,4,4,0.0,0.0,,139.0,1
22,A0021001,A002,10,S,Descapotable,EMPRESAS_RENTING,5,3,0.0,0.0,,161.0,2
23,A0021101,A002,11,S,Descapotable,EMPRESAS_RENTING,3,1,0.667,0.0,,170.0,2
24,A0021201,A002,12,S,Descapotable,EMPRESAS_RENTING,7,6,0.143,0.0,,148.0,2
25,A0030101,A003,1,S,Descapotable,EMPRESAS_RENTING,1,1,0.0,0.0,,136.0,1
26,A0030201,A003,2,S,Descapotable,EMPRESAS_RENTING,1,0,0.0,0.0,,147.0,2
27,A0030301,A003,3,S,Descapotable,EMPRESAS_RENTING,6,3,0.0,0.0,,206.0,2
28,A0030401,A003,4,S,Descapotable,EMPRESAS_RENTING,3,1,0.333,0.0,,229.0,3
29,A0030501,A003,5,S,Descapotable,EMPRESAS_RENTING,1,0,0.5,0.0,,163.0,2
30,A0030601,A003,6,S,Descapotable,EMPRESAS_RENTING,3,2,0.0,0.0,,139.0,2
31,A0030701,A003,7,S,Descapotable,EMPRESAS_RENTING,1,0,0.0,0.0,,156.0,2
32,A0030801,A003,8,S,Descapotable,EMPRESAS_RENTING,1,0,0.333,0.0,,162.0,2
33,A0030901,A003,9,S,Descapotable,EMPRESAS_RENTING,1,1,0.0,0.0,,126.0,1
34,A0031001,A003,10,S,Descapotable,EMPRESAS_RENTING,1,1,,,,,0
35,A0031101,A003,11,S,Descapotable,EMPRESAS_RENTING,3,0,0.2,0.0,,200.0,3
36,A0031201,A003,12,S,Descapotable,EMPRESAS_RENTING,0,0,,,,,1
37,A0040101,A004,1,S,Descapotable,EMPRESAS_RENTING,1,1,0.0,0.0,0.5,143.0,1
38,A0040201,A004,2,S,Descapotable,EMPRESAS_RENTING,4,1,0.2,0.0,0.2,226.0,3
39,A0040301,A004,3,S,Descapotable,EMPRESAS_RENTING,3,1,0.167,0.0,0.0,172.0,3
40,A0040401,A004,4,S,Descapotable,EMPRESAS_RENTING,1,1,0.0,0.0,0.0,126.0,1
41,A0040501,A004,5,S,Descapotable,EMPRESAS_RENTING,5,2,0.1,0.0,0.0,160.0,3
42,A0040601,A004,6,S,Descapotable,EMPRESAS_RENTING,0,0,,,,,1
43,A0040701,A004,7,S,Descapotable,EMPRESAS_RENTING,2,1,0.333,0.0,0.0,154.0,2
44,A0040801,A004,8,S,Descapotable,EMPRESAS_RENTING,1,0,0.5,0.0,0.0,140.0,2
45,A0040901,A004,9,S,Descapotable,EMPRESAS_RENTING,2,0,0.333,0.0,0.0,208.0,3
46,A0041001,A004,10,S,Descapotable,EMPRESAS_RENTING,5,2,0.0,0.0,0.0,158.0,2
47,A0041101,A004,11,S,Descapotable,EMPRESAS_RENTING,0,0,,,,,1
48,A0041201,A004,12,S,Descapotable,EMPRESAS_RENTING,2,2,0.0,0.0,1.0,143.0,1
49,A0050101,A005,1,S,Descapotable,EMPRESAS_RENTING,1,0,0.0,0.0,0.0,151.0,2
50,A0050201,A005,2,S,Descapotable,EMPRESAS_RENTING,8,8,0.0,0.0,0.0,140.0,1
51,A0050301,A005,3,S,Descapotable,EMPRESAS_RENTING,7,7,0.0,0.0,0.0,129.0,1
52,A0050401,A005,4,S,Descapotable,EMPRESAS_RENTING,1,1,0.0,0.0,0.0,126.0,1
53,A0050501,A005,5,S,Descapotable,EMPRESAS_RENTING,9,8,0.0,0.0,0.0,142.0,2
54,A0050601,A005,6,S,Descapotable,EMPRESAS_RENTING,7,7,0.0,0.0,0.0,129.0,1
55,A0050701,A005,7,S,Descapotable,EMPRESAS_RENTING,7,5,0.0,0.0,0.0,186.0,3
56,A0050801,A005,8,S,Descapotable,EMPRESAS_RENTING,1,1,0.0,0.0,0.0,126.0,1
57,A0050901,A005,9,S,Descapotable,EMPRESAS_RENTING,0,0,,,,,0
58,A0051001,A005,10,S,Descapotable,EMPRESAS_RENTING,3,3,0.0,0.0,0.0,126.0,1
59,A0051101,A005,11,S,Descapotable,EMPRESAS_RENTING,4,4,0.0,0.0,0.0,126.0,1
60,A0051201,A005,12,S,Descapotable,EMPRESAS_RENTING,4,4,0.0,0.0,0.0,133.0,1
61,A0060101,A006,1,S,Descapotable,EMPRESAS_RENTING,3,3,0.0,0.0,0.0,126.0,1
62,A0060201,A006,2,S,Descapotable,EMPRESAS_RENTING,4,3,0.0,0.0,0.0,172.0,2
63,A0060301,A006,3,S,Descapotable,EMPRESAS_RENTING,0,0,,,,,0
64,A0060401,A006,4,S,Descapotable,EMPRESAS_RENTING,1,0,0.0,0.0,0.0,405.0,1
65,A0060501,A006,5,S,Descapotable,EMPRESAS_RENTING,0,0,,,,,0
66,A0060601,A006,6,S,Descapotable,EMPRESAS_RENTING,2,2,0.0,0.0,0.0,126.0,1
67,A0060701,A006,7,S,Descapotable,EMPRESAS_RENTING,3,3,0.0,0.0,0.0,126.0,1
68,A0060801,A006,8,S,Descapotable,EMPRESAS_RENTING,2,0,0.0,0.0,0.0,312.0,2
69,A0060901,A006,9,S,Descapotable,EMPRESAS_RENTING,0,0,,,,,0
70,A0061001,A006,10,S,Descapotable,EMPRESAS_RENTING,0,0,,,,,0
71,A0061101,A006,11,S,Descapotable,EMPRESAS_RENTING,2,2,0.0,0.0,0.25,126.0,1
72,A0061201,A006,12,S,Descapotable,EMPRESAS_RENTING,3,1,0.0,0.0,0.0,261.0,2
73,A0070101,A007,1,S,Descapotable,EMPRESAS_RENTING,3,3,0.0,0.0,0.2,146.0,1
74,A0070201,A007,2,S,Descapotable,EMPRESAS_RENTING,3,3,0.0,0.0,0.0,134.0,1
75,A0070301,A007,3,S,Descapotable,EMPRESAS_RENTING,0,0,,,,,1
76,A0070401,A007,4,S,Descapotable,EMPRESAS_RENTING,3,3,0.0,0.0,0.0,126.0,1
77,A0070501,A007,5,S,Descapotable,EMPRESAS_RENTING,1,1,0.0,0.0,0.0,152.0,1
78,A0070601,A007,6,S,Descapotable,EMPRESAS_RENTING,0,0,,,,,1
79,A0070701,A007,7,S,Descapotable,EMPRESAS_RENTING,4,4,0.0,0.0,0.0,126.0,1
80,A0070801,A007,8,S,Descapotable,EMPRESAS_RENTING,0,0,,,,,1
81,A0070901,A007,9,S,Descapotable,EMPRESAS_RENTING,0,0,,,,,0
82,A0071001,A007,10,S,Descapotable,EMPRESAS_RENTING,1,1,0.0,0.0,0.0,126.0,1
83,A0071101,A007,11,S,Descapotable,EMPRESAS_RENTING,1,1,0.0,0.0,0.0,126.0,1
84,A0071201,A007,12,S,Descapotable,EMPRESAS_RENTING,0,0,,,,,0
85,A0080101,A008,1,S,Descapotable,EMPRESAS_RENTING,0,0,,,,,0
86,A0080201,A008,2,S,Descapotable,EMPRESAS_RENTING,0,0,,,,,0
87,A0080301,A008,3,S,Descapotable,EMPRESAS_RENTING,0,0,,,,,1
88,A0080401,A008,4,S,Descapotable,EMPRESAS_RENTING,1,0,0.0,0.0,0.0,328.0,1
89,A0080501,A008,5,S,Descapotable,EMPRESAS_RENTING,0,0,,,,,1
90,A0080601,A008,6,S,Descapotable,EMPRESAS_RENTING,0,0,,,,,0
91,A0080701,A008,7,S,Descapotable,EMPRESAS_RENTING,2,1,0.0,0.0,0.0,227.0,2
92,A0080801,A008,8,S,Descapotable,EMPRESAS_RENTING,39,38,0.0,0.0,0.0,137.0,2
93,A0080901,A008,9,S,Descapotable,EMPRESAS_RENTING,19,14,0.0,0.0,0.0,185.0,2
94,A0081001,A008,10,S,Descapotable,EMPRESAS_RENTING,5,2,0.0,0.0,0.0,178.0,3
95,A0081101,A008,11,S,Descapotable,EMPRESAS_RENTING,8,1,0.0,0.0,0.0,270.0,4
96,A0081201,A008,12,S,Descapotable,EMPRESAS_RENTING,15,2,0.0,0.0,0.0,305.0,3
97,A0090101,A009,1,S,Descapotable,EMPRESAS_RENTING,43,40,0.0,0.0,0.022,165.0,2
98,A0090201,A009,2,S,Descapotable,EMPRESAS_RENTING,16,10,0.0,0.0,0.312,238.0,2
99,A0090301,A009,3,S,Descapotable,EMPRESAS_RENTING,10,7,0.0,0.0,0.333,201.0,2
100,A0090401,A009,4,S,Descapotable,EMPRESAS_RENTING,5,0,0.0,0.0,0.0,319.0,3
101,A0090501,A009,5,S,Descapotable,EMPRESAS_RENTING,10,1,0.0,0.0,0.077,293.0,3
102,A0090601,A009,6,S,Descapotable,EMPRESAS_RENTING,9,2,0.0,0.0,0.0,163.0,3
103,A0090701,A009,7,S,Descapotable,EMPRESAS_RENTING,9,1,0.0,0.0,0.059,156.0,3
104,A0090801,A009,8,S,Descapotable,EMPRESAS_RENTING,8,2,0.0,0.0,0.111,179.0,3
105,A0090901,A009,9,S,Descapotable,EMPRESAS_RENTING,15,2,0.0,0.0,0.0,239.0,4
106,A0091001,A009,10,S,Descapotable,EMPRESAS_RENTING,19,2,0.0,0.0,0.04,201.0,4
107,A0091101,A009,11,S,Descapotable,EMPRESAS_RENTING,26,0,0.0,0.0,0.0,187.0,3
108,A0091201,A009,12,S,Descapotable,EMPRESAS_RENTING,16,5,0.0,0.0,0.0,186.0,3
109,A0100101,A010,1,S,Descapotable,EMPRESAS_RENTING,12,1,0.0,0.0,0.0,153.0,2
110,A0100201,A010,2,S,Descapotable,EMPRESAS_RENTING,15,2,0.0,0.0,0.0,202.0,3
111,A0100301,A010,3,S,Descapotable,EMPRESAS_RENTING,16,6,0.0,0.0,0.238,201.0,3
112,A0100401,A010,4,S,Descapotable,EMPRESAS_RENTING,35,3,0.0,0.0,0.083,163.0,3
113,A0100501,A010,5,S,Descapotable,EMPRESAS_RENTING,18,4,0.0,0.0,0.105,212.0,4
114,A0100601,A010,6,S,Descapotable,EMPRESAS_RENTING,19,3,0.0,0.0,0.042,186.0,5
115,A0100701,A010,7,S,Descapotable,EMPRESAS_RENTING,43,37,0.0,0.0,0.0,159.0,4
116,A0100801,A010,8,S,Descapotable,EMPRESAS_RENTING,14,8,0.0,0.0,0.176,187.0,3
117,A0100901,A010,9,S,Descapotable,EMPRESAS_RENTING,25,13,0.0,0.0,0.0,198.0,4
118,A0101001,A010,10,S,Descapotable,EMPRESAS_RENTING,13,3,0.0,0.0,0.071,211.0,4
119,A0101101,A010,11,S,Descapotable,EMPRESAS_RENTING,14,6,0.0,0.0,0.062,202.0,3
120,A0101201,A010,12,S,Descapotable,EMPRESAS_RENTING,8,3,0.0,0.0,0.182,170.0,3
121,A0110101,A011,1,S,Descapotable,EMPRESAS_RENTING,7,3,0.0,0.0,0.071,167.0,3
122,A0110201,A011,2,S,Descapotable,EMPRESAS_RENTING,37,26,0.0,0.0,0.105,169.0,4
123,A0110301,A011,3,S,Descapotable,EMPRESAS_RENTING,13,1,0.0,0.0,0.0,178.0,3
124,A0110401,A011,4,S,Descapotable,EMPRESAS_RENTING,9,6,0.0,0.0,0.0,170.0,3
125,A0110501,A011,5,S,Descapotable,EMPRESAS_RENTING,12,6,0.0,0.0,0.312,173.0,3
126,A0110601,A011,6,S,Descapotable,EMPRESAS_RENTING,14,6,0.0,0.0,0.056,162.0,3
127,A0110701,A011,7,S,Descapotable,EMPRESAS_RENTING,24,10,0.0,0.0,0.08,226.0,4
128,A0110801,A011,8,S,Descapotable,EMPRESAS_RENTING,45,6,0.0,0.0,0.042,199.0,5
129,A0110901,A011,9,S,Descapotable,EMPRESAS_RENTING,10,4,0.0,0.0,0.077,178.0,3
130,A0111001,A011,10,S,Descapotable,EMPRESAS_RENTING,34,29,0.0,0.0,0.033,166.0,4
131,A0111101,A011,11,S,Descapotable,EMPRESAS_RENTING,9,6,0.0,0.0,0.0,242.0,2
132,A0111201,A011,12,S,Descapotable,EMPRESAS_RENTING,13,5,0.0,0.0,0.0,154.0,2
133,A0120101,A012,1,S,Descapotable,EMPRESAS_RENTING,17,9,0.0,0.0,0.1,237.0,4
134,A0120201,A012,2,S,Descapotable,EMPRESAS_RENTING,13,5,0.0,0.0,0.1,212.0,5
135,A0120301,A012,3,S,Descapotable,EMPRESAS_RENTING,12,7,0.0,0.0,0.2,205.0,4
136,A0120401,A012,4,S,Descapotable,EMPRESAS_RENTING,16,13,0.0,0.0,0.0,184.0,3
137,A0120501,A012,5,S,Descapotable,EMPRESAS_RENTING,16,12,0.0,0.0,0.2,213.0,3
138,A0120601,A012,6,S,Descapotable,EMPRESAS_RENTING,26,19,0.0,0.0,0.071,203.0,3
139,A0120701,A012,7,S,Descapotable,EMPRESAS_RENTING,18,14,0.0,0.0,0.125,232.0,2
140,A0120801,A012,8,S,Descapotable,EMPRESAS_RENTING,7,6,0.0,0.0,0.083,167.0,2
141,A0120901,A012,9,S,Descapotable,EMPRESAS_RENTING,13,12,0.0,0.0,0.143,214.0,2
142,A0121001,A012,10,S,Descapotable,EMPRESAS_RENTING,22,22,0.0,0.0,0.0,177.0,1
143,A0121101,A012,11,S,Descapotable,EMPRESAS_RENTING,9,9,0.0,0.0,0.125,163.0,1
144,A0121201,A012,12,S,Descapotable,EMPRESAS_RENTING,38,31,0.0,0.0,0.0,220.0,2
1,A0010101,A001,1,S,Descapotable,PARTICULARES,21,19,0.048,0.0,,139.0,2
2,A0010201,A001,2,S,Descapotable,PARTICULARES,33,32,0.0,0.0,,135.0,2
3,A0010301,A001,3,S,Descapotable,PARTICULARES,19,19,0.0,0.0,,129.0,1
4,A0010401,A001,4,S,Descapotable,PARTICULARES,32,31,0.031,0.0,,130.0,2
5,A0010501,A001,5,S,Descapotable,PARTICULARES,32,31,0.031,0.0,,136.0,2
6,A0010601,A001,6,S,Descapotable,PARTICULARES,34,33,0.029,0.0,,132.0,2
7,A0010701,A001,7,S,Descapotable,PARTICULARES,33,33,0.0,0.0,,131.0,1
8,A0010801,A001,8,S,Descapotable,PARTICULARES,32,32,0.0,0.0,,127.0,1
9,A0010901,A001,9,S,Descapotable,PARTICULARES,16,16,0.0,0.0,,128.0,1
10,A0011001,A001,10,S,Descapotable,PARTICULARES,21,20,0.0,0.0,,136.0,2
11,A0011101,A001,11,S,Descapotable,PARTICULARES,7,7,0.0,0.0,,126.0,1
12,A0011201,A001,12,S,Descapotable,PARTICULARES,5,5,0.0,0.0,,126.0,1
13,A0020101,A002,1,S,Descapotable,PARTICULARES,17,17,0.0,0.0,,130.0,1
14,A0020201,A002,2,S,Descapotable,PARTICULARES,6,6,0.0,0.0,,132.0,1
15,A0020301,A002,3,S,Descapotable,PARTICULARES,29,29,0.0,0.0,,127.0,1
16,A0020401,A002,4,S,Descapotable,PARTICULARES,27,24,0.074,0.0,,136.0,2
17,A0020501,A002,5,S,Descapotable,PARTICULARES,13,13,0.0,0.0,,126.0,1
18,A0020601,A002,6,S,Descapotable,PARTICULARES,10,10,0.0,0.0,,129.0,1
19,A0020701,A002,7,S,Descapotable,PARTICULARES,11,11,0.0,0.0,,138.0,1
20,A0020801,A002,8,S,Descapotable,PARTICULARES,9,7,0.222,0.0,,150.0,2
21,A0020901,A002,9,S,Descapotable,PARTICULARES,10,9,0.1,0.0,,140.0,2
22,A0021001,A002,10,S,Descapotable,PARTICULARES,10,9,0.1,0.0,,135.0,2
23,A0021101,A002,11,S,Descapotable,PARTICULARES,11,10,0.0,0.0,,133.0,2
24,A0021201,A002,12,S,Descapotable,PARTICULARES,10,10,0.0,0.0,,146.0,1
25,A0030101,A003,1,S,Descapotable,PARTICULARES,9,8,0.25,0.0,,144.0,2
26,A0030201,A003,2,S,Descapotable,PARTICULARES,9,8,0.111,0.0,,130.0,2
27,A0030301,A003,3,S,Descapotable,PARTICULARES,8,7,0.0,0.0,,144.0,2
28,A0030401,A003,4,S,Descapotable,PARTICULARES,15,15,0.0,0.0,,133.0,1
29,A0030501,A003,5,S,Descapotable,PARTICULARES,20,19,0.0,0.0,,136.0,2
30,A0030601,A003,6,S,Descapotable,PARTICULARES,12,12,0.0,0.0,,132.0,1
31,A0030701,A003,7,S,Descapotable,PARTICULARES,8,8,0.0,0.0,,132.0,1
32,A0030801,A003,8,S,Descapotable,PARTICULARES,13,13,0.0,0.0,,129.0,1
33,A0030901,A003,9,S,Descapotable,PARTICULARES,6,6,0.0,0.0,,123.0,1
34,A0031001,A003,10,S,Descapotable,PARTICULARES,11,11,0.0,0.0,,130.0,1
35,A0031101,A003,11,S,Descapotable,PARTICULARES,12,12,0.0,0.0,,134.0,1
36,A0031201,A003,12,S,Descapotable,PARTICULARES,12,12,0.0,0.0,,126.0,1
37,A0040101,A004,1,S,Descapotable,PARTICULARES,6,6,0.0,0.0,0.0,126.0,1
38,A0040201,A004,2,S,Descapotable,PARTICULARES,4,4,0.0,0.0,0.0,126.0,1
39,A0040301,A004,3,S,Descapotable,PARTICULARES,8,7,0.0,0.0,0.0,160.0,2
40,A0040401,A004,4,S,Descapotable,PARTICULARES,18,17,0.0,0.0,0.0,152.0,2
41,A0040501,A004,5,S,Descapotable,PARTICULARES,22,22,0.0,0.0,0.0,128.0,1
42,A0040601,A004,6,S,Descapotable,PARTICULARES,16,16,0.0,0.0,0.0,126.0,1
43,A0040701,A004,7,S,Descapotable,PARTICULARES,10,10,0.0,0.0,0.0,126.0,1
44,A0040801,A004,8,S,Descapotable,PARTICULARES,10,10,0.0,0.0,0.0,129.0,1
45,A0040901,A004,9,S,Descapotable,PARTICULARES,8,7,0.0,0.0,0.0,205.0,2
46,A0041001,A004,10,S,Descapotable,PARTICULARES,10,9,0.0,0.0,0.0,148.0,2
47,A0041101,A004,11,S,Descapotable,PARTICULARES,8,8,0.0,0.0,0.0,126.0,1
48,A0041201,A004,12,S,Descapotable,PARTICULARES,4,4,0.0,0.0,0.0,133.0,1
49,A0050101,A005,1,S,Descapotable,PARTICULARES,14,14,0.0,0.0,0.0,137.0,1
50,A0050201,A005,2,S,Descapotable,PARTICULARES,4,4,0.0,0.0,0.0,145.0,1
51,A0050301,A005,3,S,Descapotable,PARTICULARES,13,13,0.0,0.0,0.0,126.0,1
52,A0050401,A005,4,S,Descapotable,PARTICULARES,7,7,0.0,0.0,0.0,126.0,1
53,A0050501,A005,5,S,Descapotable,PARTICULARES,11,9,0.0,0.0,0.0,175.0,2
54,A0050601,A005,6,S,Descapotable,PARTICULARES,12,12,0.0,0.0,0.0,130.0,1
55,A0050701,A005,7,S,Descapotable,PARTICULARES,9,9,0.0,0.0,0.0,126.0,1
56,A0050801,A005,8,S,Descapotable,PARTICULARES,6,6,0.0,0.0,0.0,126.0,1
57,A0050901,A005,9,S,Descapotable,PARTICULARES,5,3,0.0,0.0,0.0,246.0,3
58,A0051001,A005,10,S,Descapotable,PARTICULARES,11,11,0.0,0.0,0.0,126.0,1
59,A0051101,A005,11,S,Descapotable,PARTICULARES,2,2,0.0,0.0,0.0,126.0,1
60,A0051201,A005,12,S,Descapotable,PARTICULARES,7,7,0.0,0.0,0.0,126.0,1
61,A0060101,A006,1,S,Descapotable,PARTICULARES,8,8,0.0,0.0,0.0,126.0,1
62,A0060201,A006,2,S,Descapotable,PARTICULARES,4,4,0.0,0.0,0.0,126.0,1
63,A0060301,A006,3,S,Descapotable,PARTICULARES,6,6,0.0,0.0,0.0,126.0,1
64,A0060401,A006,4,S,Descapotable,PARTICULARES,2,2,0.0,0.0,0.0,126.0,1
65,A0060501,A006,5,S,Descapotable,PARTICULARES,4,2,0.0,0.0,0.0,266.0,2
66,A0060601,A006,6,S,Descapotable,PARTICULARES,11,11,0.0,0.0,0.0,132.0,1
67,A0060701,A006,7,S,Descapotable,PARTICULARES,10,8,0.0,0.0,0.0,225.0,2
68,A0060801,A006,8,S,Descapotable,PARTICULARES,6,5,0.0,0.0,0.0,166.0,2
69,A0060901,A006,9,S,Descapotable,PARTICULARES,2,2,0.0,0.0,0.0,126.0,1
70,A0061001,A006,10,S,Descapotable,PARTICULARES,3,3,0.0,0.0,0.0,134.0,1
71,A0061101,A006,11,S,Descapotable,PARTICULARES,5,5,0.0,0.0,0.0,143.0,1
72,A0061201,A006,12,S,Descapotable,PARTICULARES,1,1,0.0,0.0,0.0,126.0,1
73,A0070101,A007,1,S,Descapotable,PARTICULARES,6,4,0.0,0.0,0.0,266.0,2
74,A0070201,A007,2,S,Descapotable,PARTICULARES,3,3,0.0,0.0,0.0,126.0,1
75,A0070301,A007,3,S,Descapotable,PARTICULARES,7,7,0.0,0.0,0.0,133.0,1
76,A0070401,A007,4,S,Descapotable,PARTICULARES,6,5,0.0,0.0,0.0,204.0,2
77,A0070501,A007,5,S,Descapotable,PARTICULARES,10,10,0.0,0.0,0.0,126.0,1
78,A0070601,A007,6,S,Descapotable,PARTICULARES,8,8,0.0,0.0,0.0,124.0,1
79,A0070701,A007,7,S,Descapotable,PARTICULARES,1,1,0.0,0.0,0.0,160.0,1
80,A0070801,A007,8,S,Descapotable,PARTICULARES,3,3,0.0,0.0,0.0,143.0,1
81,A0070901,A007,9,S,Descapotable,PARTICULARES,5,4,0.0,0.0,0.0,195.0,2
82,A0071001,A007,10,S,Descapotable,PARTICULARES,3,3,0.0,0.0,0.0,126.0,1
83,A0071101,A007,11,S,Descapotable,PARTICULARES,2,2,0.0,0.0,0.0,126.0,1
84,A0071201,A007,12,S,Descapotable,PARTICULARES,4,4,0.0,0.0,0.0,126.0,1
85,A0080101,A008,1,S,Descapotable,PARTICULARES,2,2,0.0,0.0,0.0,126.0,1
86,A0080201,A008,2,S,Descapotable,PARTICULARES,1,1,,,,,0
87,A0080301,A008,3,S,Descapotable,PARTICULARES,8,8,0.0,0.0,0.0,126.0,1
88,A0080401,A008,4,S,Descapotable,PARTICULARES,4,4,0.0,0.0,0.0,137.0,1
89,A0080501,A008,5,S,Descapotable,PARTICULARES,8,8,0.0,0.0,0.0,132.0,1
90,A0080601,A008,6,S,Descapotable,PARTICULARES,2,2,0.0,0.0,0.0,121.0,1
91,A0080701,A008,7,S,Descapotable,PARTICULARES,6,6,0.0,0.0,0.0,126.0,1
92,A0080801,A008,8,S,Descapotable,PARTICULARES,21,20,0.0,0.0,0.0,144.0,2
93,A0080901,A008,9,S,Descapotable,PARTICULARES,31,26,0.0,0.0,0.0,202.0,2
94,A0081001,A008,10,S,Descapotable,PARTICULARES,41,29,0.0,0.0,0.0,246.0,2
95,A0081101,A008,11,S,Descapotable,PARTICULARES,27,20,0.0,0.0,0.0,213.0,3
96,A0081201,A008,12,S,Descapotable,PARTICULARES,23,19,0.0,0.0,0.0,191.0,3
97,A0090101,A009,1,S,Descapotable,PARTICULARES,24,17,0.0,0.0,0.0,222.0,2
98,A0090201,A009,2,S,Descapotable,PARTICULARES,25,17,0.0,0.0,0.0,215.0,3
99,A0090301,A009,3,S,Descapotable,PARTICULARES,25,22,0.0,0.0,0.0,183.0,3
100,A0090401,A009,4,S,Descapotable,PARTICULARES,32,24,0.0,0.0,0.0,205.0,2
101,A0090501,A009,5,S,Descapotable,PARTICULARES,50,37,0.0,0.0,0.0,214.0,2
102,A0090601,A009,6,S,Descapotable,PARTICULARES,30,28,0.0,0.0,0.0,169.0,2
103,A0090701,A009,7,S,Descapotable,PARTICULARES,35,26,0.0,0.0,0.0,193.0,4
104,A0090801,A009,8,S,Descapotable,PARTICULARES,27,18,0.0,0.0,0.0,174.0,3
105,A0090901,A009,9,S,Descapotable,PARTICULARES,25,14,0.0,0.0,0.0,171.0,3
106,A0091001,A009,10,S,Descapotable,PARTICULARES,27,17,0.0,0.0,0.0,200.0,3
107,A0091101,A009,11,S,Descapotable,PARTICULARES,32,21,0.0,0.0,0.0,197.0,4
108,A0091201,A009,12,S,Descapotable,PARTICULARES,25,17,0.0,0.0,0.0,220.0,4
109,A0100101,A010,1,S,Descapotable,PARTICULARES,44,33,0.0,0.0,0.0,199.0,3
110,A0100201,A010,2,S,Descapotable,PARTICULARES,65,53,0.0,0.0,0.0,187.0,3
111,A0100301,A010,3,S,Descapotable,PARTICULARES,79,58,0.0,0.0,0.0,177.0,4
112,A0100401,A010,4,S,Descapotable,PARTICULARES,47,26,0.0,0.0,0.0,219.0,3
113,A0100501,A010,5,S,Descapotable,PARTICULARES,43,34,0.0,0.0,0.0,154.0,4
114,A0100601,A010,6,S,Descapotable,PARTICULARES,40,29,0.0,0.0,0.0,160.0,4
115,A0100701,A010,7,S,Descapotable,PARTICULARES,79,70,0.0,0.0,0.0,162.0,3
116,A0100801,A010,8,S,Descapotable,PARTICULARES,59,51,0.0,0.0,0.0,178.0,3
117,A0100901,A010,9,S,Descapotable,PARTICULARES,38,34,0.0,0.0,0.0,156.0,2
118,A0101001,A010,10,S,Descapotable,PARTICULARES,29,23,0.0,0.0,0.0,176.0,3
119,A0101101,A010,11,S,Descapotable,PARTICULARES,36,26,0.0,0.0,0.0,192.0,3
120,A0101201,A010,12,S,Descapotable,PARTICULARES,24,17,0.0,0.0,0.0,170.0,3
121,A0110101,A011,1,S,Descapotable,PARTICULARES,43,37,0.0,0.0,0.0,164.0,3
122,A0110201,A011,2,S,Descapotable,PARTICULARES,53,44,0.0,0.0,0.0,168.0,3
123,A0110301,A011,3,S,Descapotable,PARTICULARES,42,33,0.0,0.0,0.0,151.0,2
124,A0110401,A011,4,S,Descapotable,PARTICULARES,46,41,0.0,0.0,0.0,157.0,3
125,A0110501,A011,5,S,Descapotable,PARTICULARES,35,26,0.0,0.0,0.0,158.0,3
126,A0110601,A011,6,S,Descapotable,PARTICULARES,56,43,0.0,0.0,0.0,156.0,4
127,A0110701,A011,7,S,Descapotable,PARTICULARES,38,34,0.0,0.0,0.0,161.0,3
128,A0110801,A011,8,S,Descapotable,PARTICULARES,37,27,0.0,0.0,0.0,193.0,4
129,A0110901,A011,9,S,Descapotable,PARTICULARES,36,33,0.0,0.0,0.0,180.0,3
130,A0111001,A011,10,S,Descapotable,PARTICULARES,48,34,0.0,0.0,0.0,227.0,3
131,A0111101,A011,11,S,Descapotable,PARTICULARES,34,24,0.0,0.0,0.0,244.0,3
132,A0111201,A011,12,S,Descapotable,PARTICULARES,31,26,0.0,0.0,0.0,194.0,4
133,A0120101,A012,1,S,Descapotable,PARTICULARES,30,25,0.0,0.0,0.0,190.0,3
134,A0120201,A012,2,S,Descapotable,PARTICULARES,32,28,0.0,0.0,0.0,184.0,3
135,A0120301,A012,3,S,Descapotable,PARTICULARES,37,25,0.0,0.0,0.0,192.0,4
136,A0120401,A012,4,S,Descapotable,PARTICULARES,34,25,0.0,0.0,0.0,164.0,2
137,A0120501,A012,5,S,Descapotable,PARTICULARES,43,36,0.0,0.0,0.0,189.0,3
138,A0120601,A012,6,S,Descapotable,PARTICULARES,63,49,0.0,0.0,0.0,194.0,4
139,A0120701,A012,7,S,Descapotable,PARTICULARES,52,40,0.0,0.0,0.0,202.0,3
140,A0120801,A012,8,S,Descapotable,PARTICULARES,38,30,0.0,0.0,0.0,194.0,3
141,A0120901,A012,9,S,Descapotable,PARTICULARES,29,29,0.0,0.0,0.0,175.0,1
142,A0121001,A012,10,S,Descapotable,PARTICULARES,32,31,0.0,0.0,0.0,179.0,2
143,A0121101,A012,11,S,Descapotable,PARTICULARES,23,23,0.0,0.0,0.0,176.0,1
144,A0121201,A012,12,S,Descapotable,PARTICULARES,42,37,0.0,0.0,0.0,211.0,2
1,A0010101,A001,1,SSUV,SUV pequeño,ALQUILADORES,1,0,1.0,0.0,,120.0,1
2,A0010201,A001,2,SSUV,SUV pequeño,ALQUILADORES,1,0,1.0,0.0,,177.0,1
3,A0010301,A001,3,SSUV,SUV pequeño,ALQUILADORES,14,0,0.929,0.0,,127.0,3
4,A0010401,A001,4,SSUV,SUV pequeño,ALQUILADORES,75,0,0.92,0.0,,156.0,3
5,A0010501,A001,5,SSUV,SUV pequeño,ALQUILADORES,21,0,0.905,0.0,,170.0,3
6,A0010601,A001,6,SSUV,SUV pequeño,ALQUILADORES,4,0,0.25,0.0,,159.0,2
7,A0010701,A001,7,SSUV,SUV pequeño,ALQUILADORES,13,0,0.0,0.0,,105.0,1
8,A0010801,A001,8,SSUV,SUV pequeño,ALQUILADORES,1,0,1.0,0.0,,177.0,1
9,A0010901,A001,9,SSUV,SUV pequeño,ALQUILADORES,20,0,1.0,0.0,,126.0,2
10,A0011001,A001,10,SSUV,SUV pequeño,ALQUILADORES,5,0,1.0,0.0,,120.0,1
11,A0011101,A001,11,SSUV,SUV pequeño,ALQUILADORES,3,0,1.0,0.0,,139.0,2
12,A0011201,A001,12,SSUV,SUV pequeño,ALQUILADORES,5,0,1.0,0.0,,120.0,1
13,A0020101,A002,1,SSUV,SUV pequeño,ALQUILADORES,1,0,1.0,0.0,,120.0,1
14,A0020201,A002,2,SSUV,SUV pequeño,ALQUILADORES,2,0,1.0,0.0,,120.0,1
15,A0020301,A002,3,SSUV,SUV pequeño,ALQUILADORES,22,0,0.955,0.0,,171.0,3
16,A0020401,A002,4,SSUV,SUV pequeño,ALQUILADORES,11,0,1.0,0.0,,172.0,2
17,A0020501,A002,5,SSUV,SUV pequeño,ALQUILADORES,13,0,0.615,0.0,,149.0,2
18,A0020601,A002,6,SSUV,SUV pequeño,ALQUILADORES,6,0,1.0,0.0,,177.0,1
19,A0020701,A002,7,SSUV,SUV pequeño,ALQUILADORES,8,0,0.125,0.0,,107.0,2
20,A0020801,A002,8,SSUV,SUV pequeño,ALQUILADORES,6,0,0.0,0.0,,105.0,1
21,A0020901,A002,9,SSUV,SUV pequeño,ALQUILADORES,1,0,0.0,0.0,,105.0,1
22,A0021001,A002,10,SSUV,SUV pequeño,ALQUILADORES,1,0,0.0,0.0,,105.0,1
23,A0021101,A002,11,SSUV,SUV pequeño,ALQUILADORES,0,0,,,,,0
24,A0021201,A002,12,SSUV,SUV pequeño,ALQUILADORES,4,0,0.75,0.0,,159.0,2
25,A0030101,A003,1,SSUV,SUV pequeño,ALQUILADORES,0,0,,,,,0
26,A0030201,A003,2,SSUV,SUV pequeño,ALQUILADORES,0,0,,,,,0
27,A0030301,A003,3,SSUV,SUV pequeño,ALQUILADORES,28,0,1.0,0.0,,177.0,1
28,A0030401,A003,4,SSUV,SUV pequeño,ALQUILADORES,15,0,1.0,0.0,,174.0,2
29,A0030501,A003,5,SSUV,SUV pequeño,ALQUILADORES,13,0,1.0,0.0,,177.0,1
30,A0030601,A003,6,SSUV,SUV pequeño,ALQUILADORES,17,0,0.824,0.0,,162.0,4
31,A0030701,A003,7,SSUV,SUV pequeño,ALQUILADORES,4,0,1.0,0.0,,177.0,1
32,A0030801,A003,8,SSUV,SUV pequeño,ALQUILADORES,0,0,,,,,0
33,A0030901,A003,9,SSUV,SUV pequeño,ALQUILADORES,6,0,1.0,0.0,,134.0,2
34,A0031001,A003,10,SSUV,SUV pequeño,ALQUILADORES,9,0,0.667,0.0,,137.0,2
35,A0031101,A003,11,SSUV,SUV pequeño,ALQUILADORES,2,0,0.5,0.0,,150.0,1
36,A0031201,A003,12,SSUV,SUV pequeño,ALQUILADORES,2,0,1.0,0.0,,110.0,1
37,A0040101,A004,1,SSUV,SUV pequeño,ALQUILADORES,12,0,0.75,0.0,0.0,134.0,3
38,A0040201,A004,2,SSUV,SUV pequeño,ALQUILADORES,55,0,0.091,0.0,0.909,118.0,2
39,A0040301,A004,3,SSUV,SUV pequeño,ALQUILADORES,10,0,0.9,0.0,0.0,160.0,3
40,A0040401,A004,4,SSUV,SUV pequeño,ALQUILADORES,22,0,1.0,0.0,0.0,162.0,2
41,A0040501,A004,5,SSUV,SUV pequeño,ALQUILADORES,16,0,1.0,0.0,0.0,164.0,2
42,A0040601,A004,6,SSUV,SUV pequeño,ALQUILADORES,2,0,1.0,0.0,0.0,144.0,2
43,A0040701,A004,7,SSUV,SUV pequeño,ALQUILADORES,21,0,0.476,0.0,0.0,123.0,6
44,A0040801,A004,8,SSUV,SUV pequeño,ALQUILADORES,20,0,0.45,0.0,0.0,125.0,1
45,A0040901,A004,9,SSUV,SUV pequeño,ALQUILADORES,9,0,0.444,0.0,0.0,139.0,2
46,A0041001,A004,10,SSUV,SUV pequeño,ALQUILADORES,91,0,0.978,0.0,0.0,111.0,2
47,A0041101,A004,11,SSUV,SUV pequeño,ALQUILADORES,96,0,1.0,0.0,0.0,111.0,2
48,A0041201,A004,12,SSUV,SUV pequeño,ALQUILADORES,239,0,0.996,0.0,0.0,111.0,3
49,A0050101,A005,1,SSUV,SUV pequeño,ALQUILADORES,1,0,1.0,0.0,0.0,110.0,1
50,A0050201,A005,2,SSUV,SUV pequeño,ALQUILADORES,52,0,0.981,0.0,0.0,112.0,1
51,A0050301,A005,3,SSUV,SUV pequeño,ALQUILADORES,262,0,0.977,0.0,0.0,117.0,2
52,A0050401,A005,4,SSUV,SUV pequeño,ALQUILADORES,51,0,1.0,0.0,0.0,115.0,2
53,A0050501,A005,5,SSUV,SUV pequeño,ALQUILADORES,258,0,0.988,0.0,0.0,114.0,2
54,A0050601,A005,6,SSUV,SUV pequeño,ALQUILADORES,179,0,1.0,0.0,0.017,112.0,2
55,A0050701,A005,7,SSUV,SUV pequeño,ALQUILADORES,105,0,0.895,0.0,0.0,117.0,2
56,A0050801,A005,8,SSUV,SUV pequeño,ALQUILADORES,54,0,0.981,0.0,0.0,111.0,2
57,A0050901,A005,9,SSUV,SUV pequeño,ALQUILADORES,49,0,1.0,0.0,0.0,112.0,2
58,A0051001,A005,10,SSUV,SUV pequeño,ALQUILADORES,51,0,0.98,0.0,0.0,112.0,2
59,A0051101,A005,11,SSUV,SUV pequeño,ALQUILADORES,85,0,0.988,0.0,0.0,111.0,2
60,A0051201,A005,12,SSUV,SUV pequeño,ALQUILADORES,15,0,0.933,0.0,0.0,110.0,1
61,A0060101,A006,1,SSUV,SUV pequeño,ALQUILADORES,106,0,0.981,0.0,0.943,110.0,1
62,A0060201,A006,2,SSUV,SUV pequeño,ALQUILADORES,139,0,1.0,0.0,0.0,111.0,2
63,A0060301,A006,3,SSUV,SUV pequeño,ALQUILADORES,359,0,0.866,0.0,0.0,112.0,2
64,A0060401,A006,4,SSUV,SUV pequeño,ALQUILADORES,235,0,1.0,0.0,0.634,113.0,2
65,A0060501,A006,5,SSUV,SUV pequeño,ALQUILADORES,1027,0,0.995,0.0,0.001,111.0,4
66,A0060601,A006,6,SSUV,SUV pequeño,ALQUILADORES,381,0,0.43,0.0,0.853,115.0,4
67,A0060701,A006,7,SSUV,SUV pequeño,ALQUILADORES,167,0,0.695,0.0,0.449,110.0,4
68,A0060801,A006,8,SSUV,SUV pequeño,ALQUILADORES,44,0,0.818,0.0,0.818,111.0,3
69,A0060901,A006,9,SSUV,SUV pequeño,ALQUILADORES,13,0,0.692,0.0,0.0,104.0,3
70,A0061001,A006,10,SSUV,SUV pequeño,ALQUILADORES,7,0,1.0,0.0,0.0,99.0,4
71,A0061101,A006,11,SSUV,SUV pequeño,ALQUILADORES,8,0,0.375,0.0,0.125,109.0,2
72,A0061201,A006,12,SSUV,SUV pequeño,ALQUILADORES,263,0,0.662,0.0,0.373,107.0,4
73,A0070101,A007,1,SSUV,SUV pequeño,ALQUILADORES,257,0,0.965,0.0,0.008,107.0,3
74,A0070201,A007,2,SSUV,SUV pequeño,ALQUILADORES,503,0,0.849,0.0,0.344,107.0,4
75,A0070301,A007,3,SSUV,SUV pequeño,ALQUILADORES,1070,0,0.762,0.0,0.432,106.0,4
76,A0070401,A007,4,SSUV,SUV pequeño,ALQUILADORES,450,0,0.678,0.0,0.12,106.0,4
77,A0070501,A007,5,SSUV,SUV pequeño,ALQUILADORES,701,0,0.569,0.0,0.438,107.0,4
78,A0070601,A007,6,SSUV,SUV pequeño,ALQUILADORES,1025,0,0.744,0.0,0.534,97.0,5
79,A0070701,A007,7,SSUV,SUV pequeño,ALQUILADORES,462,0,0.749,0.0,0.154,101.0,5
80,A0070801,A007,8,SSUV,SUV pequeño,ALQUILADORES,73,0,0.699,0.0,0.0,100.0,5
81,A0070901,A007,9,SSUV,SUV pequeño,ALQUILADORES,160,0,0.306,0.0,0.275,112.0,4
82,A0071001,A007,10,SSUV,SUV pequeño,ALQUILADORES,93,0,0.645,0.0,0.0,103.0,4
83,A0071101,A007,11,SSUV,SUV pequeño,ALQUILADORES,316,0,0.794,0.0,0.158,104.0,2
84,A0071201,A007,12,SSUV,SUV pequeño,ALQUILADORES,437,0,0.851,0.0,0.217,101.0,5
85,A0080101,A008,1,SSUV,SUV pequeño,ALQUILADORES,349,0,0.848,0.0,0.493,104.0,5
86,A0080201,A008,2,SSUV,SUV pequeño,ALQUILADORES,632,0,0.804,0.0,0.285,103.0,5
87,A0080301,A008,3,SSUV,SUV pequeño,ALQUILADORES,2188,0,0.805,0.0,0.378,96.0,5
88,A0080401,A008,4,SSUV,SUV pequeño,ALQUILADORES,1004,0,0.583,0.0,0.072,97.0,5
89,A0080501,A008,5,SSUV,SUV pequeño,ALQUILADORES,1431,0,0.818,0.0,0.318,101.0,6
90,A0080601,A008,6,SSUV,SUV pequeño,ALQUILADORES,2017,0,0.705,0.0,0.497,98.0,7
91,A0080701,A008,7,SSUV,SUV pequeño,ALQUILADORES,808,0,0.73,0.0,0.046,101.0,7
92,A0080801,A008,8,SSUV,SUV pequeño,ALQUILADORES,211,0,0.678,0.0,0.0,93.0,6
93,A0080901,A008,9,SSUV,SUV pequeño,ALQUILADORES,96,0,0.51,0.0,0.0,95.0,6
94,A0081001,A008,10,SSUV,SUV pequeño,ALQUILADORES,208,0,0.407,0.0,0.244,92.0,8
95,A0081101,A008,11,SSUV,SUV pequeño,ALQUILADORES,495,0,0.825,0.0,0.776,108.0,7
96,A0081201,A008,12,SSUV,SUV pequeño,ALQUILADORES,1019,0,0.775,0.0,0.169,105.0,6
97,A0090101,A009,1,SSUV,SUV pequeño,ALQUILADORES,409,0,0.24,0.0,0.269,96.0,6
98,A0090201,A009,2,SSUV,SUV pequeño,ALQUILADORES,1655,45,0.711,0.0,0.412,102.0,8
99,A0090301,A009,3,SSUV,SUV pequeño,ALQUILADORES,2071,42,0.723,0.0,0.081,102.0,9
100,A0090401,A009,4,SSUV,SUV pequeño,ALQUILADORES,863,0,0.644,0.0,0.134,102.0,7
101,A0090501,A009,5,SSUV,SUV pequeño,ALQUILADORES,3025,1,0.701,0.0,0.291,100.0,9
102,A0090601,A009,6,SSUV,SUV pequeño,ALQUILADORES,2046,51,0.681,0.0,0.519,100.0,9
103,A0090701,A009,7,SSUV,SUV pequeño,ALQUILADORES,1080,0,0.586,0.0,0.187,98.0,8
104,A0090801,A009,8,SSUV,SUV pequeño,ALQUILADORES,204,0,0.441,0.0,0.0,104.0,5
105,A0090901,A009,9,SSUV,SUV pequeño,ALQUILADORES,197,0,0.495,0.0,0.48,97.0,7
106,A0091001,A009,10,SSUV,SUV pequeño,ALQUILADORES,243,3,0.336,0.0,0.057,108.0,8
107,A0091101,A009,11,SSUV,SUV pequeño,ALQUILADORES,364,47,0.25,0.0,0.011,103.0,8
108,A0091201,A009,12,SSUV,SUV pequeño,ALQUILADORES,1488,1,0.569,0.0,0.308,100.0,9
109,A0100101,A010,1,SSUV,SUV pequeño,ALQUILADORES,491,12,0.444,0.0,0.002,101.0,9
110,A0100201,A010,2,SSUV,SUV pequeño,ALQUILADORES,1521,2,0.631,0.0,0.176,105.0,9
111,A0100301,A010,3,SSUV,SUV pequeño,ALQUILADORES,2166,0,0.6,0.0,0.444,104.0,9
112,A0100401,A010,4,SSUV,SUV pequeño,ALQUILADORES,1724,33,0.524,0.0,0.447,104.0,8
113,A0100501,A010,5,SSUV,SUV pequeño,ALQUILADORES,3217,8,0.572,0.0,0.298,102.0,8
114,A0100601,A010,6,SSUV,SUV pequeño,ALQUILADORES,2874,30,0.32,0.0,0.26,102.0,9
115,A0100701,A010,7,SSUV,SUV pequeño,ALQUILADORES,817,81,0.248,0.0,0.319,102.0,8
116,A0100801,A010,8,SSUV,SUV pequeño,ALQUILADORES,119,0,0.05,0.0,0.0,93.0,4
117,A0100901,A010,9,SSUV,SUV pequeño,ALQUILADORES,113,0,0.061,0.0,0.0,94.0,5
118,A0101001,A010,10,SSUV,SUV pequeño,ALQUILADORES,474,1,0.263,0.0,0.0,108.0,6
119,A0101101,A010,11,SSUV,SUV pequeño,ALQUILADORES,852,101,0.135,0.0,0.188,99.0,8
120,A0101201,A010,12,SSUV,SUV pequeño,ALQUILADORES,2505,36,0.244,0.0,0.241,99.0,10
121,A0110101,A011,1,SSUV,SUV pequeño,ALQUILADORES,1799,45,0.364,0.0,0.326,103.0,10
122,A0110201,A011,2,SSUV,SUV pequeño,ALQUILADORES,1869,50,0.321,0.0,0.385,104.0,9
123,A0110301,A011,3,SSUV,SUV pequeño,ALQUILADORES,3667,31,0.256,0.0,0.362,105.0,13
124,A0110401,A011,4,SSUV,SUV pequeño,ALQUILADORES,3577,0,0.257,0.0,0.229,102.0,11
125,A0110501,A011,5,SSUV,SUV pequeño,ALQUILADORES,5426,50,0.268,0.0,0.172,105.0,13
126,A0110601,A011,6,SSUV,SUV pequeño,ALQUILADORES,2587,0,0.317,0.0,0.345,103.0,13
127,A0110701,A011,7,SSUV,SUV pequeño,ALQUILADORES,1413,25,0.453,0.0,0.066,110.0,12
128,A0110801,A011,8,SSUV,SUV pequeño,ALQUILADORES,468,1,0.115,0.0,0.03,105.0,11
129,A0110901,A011,9,SSUV,SUV pequeño,ALQUILADORES,247,1,0.41,0.0,0.265,105.0,9
130,A0111001,A011,10,SSUV,SUV pequeño,ALQUILADORES,255,0,0.063,0.0,0.035,95.0,11
131,A0111101,A011,11,SSUV,SUV pequeño,ALQUILADORES,716,0,0.059,0.0,0.172,105.0,11
132,A0111201,A011,12,SSUV,SUV pequeño,ALQUILADORES,807,0,0.097,0.0,0.017,112.0,10
133,A0120101,A012,1,SSUV,SUV pequeño,ALQUILADORES,1991,0,0.221,0.0,0.364,112.0,11
134,A0120201,A012,2,SSUV,SUV pequeño,ALQUILADORES,4127,0,0.161,0.0,0.502,111.0,12
135,A0120301,A012,3,SSUV,SUV pequeño,ALQUILADORES,5065,25,0.098,0.0,0.279,112.0,13
136,A0120401,A012,4,SSUV,SUV pequeño,ALQUILADORES,5730,25,0.152,0.0,0.228,111.0,14
137,A0120501,A012,5,SSUV,SUV pequeño,ALQUILADORES,4037,0,0.107,0.0,0.329,111.0,13
138,A0120601,A012,6,SSUV,SUV pequeño,ALQUILADORES,6447,39,0.128,0.0,0.259,113.0,14
139,A0120701,A012,7,SSUV,SUV pequeño,ALQUILADORES,1845,30,0.083,0.0,0.279,118.0,14
140,A0120801,A012,8,SSUV,SUV pequeño,ALQUILADORES,261,0,0.183,0.0,0.187,119.0,14
141,A0120901,A012,9,SSUV,SUV pequeño,ALQUILADORES,659,1,0.114,0.0,0.264,105.0,12
142,A0121001,A012,10,SSUV,SUV pequeño,ALQUILADORES,555,1,0.132,0.0,0.314,116.0,9
143,A0121101,A012,11,SSUV,SUV pequeño,ALQUILADORES,1265,7,0.017,0.032,0.236,115.0,13
144,A0121201,A012,12,SSUV,SUV pequeño,ALQUILADORES,2044,8,0.111,0.0,0.56,117.0,11
1,A0010101,A001,1,SSUV,SUV pequeño,EMPRESAS_RENTING,35,0,0.914,0.0,,132.0,5
2,A0010201,A001,2,SSUV,SUV pequeño,EMPRESAS_RENTING,51,0,0.941,0.0,,131.0,4
3,A0010301,A001,3,SSUV,SUV pequeño,EMPRESAS_RENTING,34,0,0.853,0.0,,124.0,4
4,A0010401,A001,4,SSUV,SUV pequeño,EMPRESAS_RENTING,47,0,0.83,0.0,,139.0,4
5,A0010501,A001,5,SSUV,SUV pequeño,EMPRESAS_RENTING,42,0,0.881,0.0,,137.0,5
6,A0010601,A001,6,SSUV,SUV pequeño,EMPRESAS_RENTING,61,0,0.951,0.0,,128.0,4
7,A0010701,A001,7,SSUV,SUV pequeño,EMPRESAS_RENTING,127,0,0.906,0.0,,121.0,5
8,A0010801,A001,8,SSUV,SUV pequeño,EMPRESAS_RENTING,31,0,0.968,0.0,,135.0,4
9,A0010901,A001,9,SSUV,SUV pequeño,EMPRESAS_RENTING,34,0,0.912,0.0,,137.0,4
10,A0011001,A001,10,SSUV,SUV pequeño,EMPRESAS_RENTING,64,0,0.844,0.0,,115.0,5
11,A0011101,A001,11,SSUV,SUV pequeño,EMPRESAS_RENTING,26,0,0.962,0.0,,131.0,3
12,A0011201,A001,12,SSUV,SUV pequeño,EMPRESAS_RENTING,65,0,0.769,0.0,,117.0,5
13,A0020101,A002,1,SSUV,SUV pequeño,EMPRESAS_RENTING,154,0,0.857,0.0,,125.0,5
14,A0020201,A002,2,SSUV,SUV pequeño,EMPRESAS_RENTING,27,0,0.63,0.0,,126.0,5
15,A0020301,A002,3,SSUV,SUV pequeño,EMPRESAS_RENTING,18,0,0.889,0.0,,129.0,4
16,A0020401,A002,4,SSUV,SUV pequeño,EMPRESAS_RENTING,29,0,0.69,0.0,,125.0,7
17,A0020501,A002,5,SSUV,SUV pequeño,EMPRESAS_RENTING,54,0,0.926,0.0,,108.0,6
18,A0020601,A002,6,SSUV,SUV pequeño,EMPRESAS_RENTING,67,0,0.761,0.0,,110.0,5
19,A0020701,A002,7,SSUV,SUV pequeño,EMPRESAS_RENTING,39,0,0.692,0.0,,108.0,6
20,A0020801,A002,8,SSUV,SUV pequeño,EMPRESAS_RENTING,20,0,0.7,0.0,,118.0,4
21,A0020901,A002,9,SSUV,SUV pequeño,EMPRESAS_RENTING,59,0,0.712,0.0,,109.0,6
22,A0021001,A002,10,SSUV,SUV pequeño,EMPRESAS_RENTING,35,0,0.686,0.0,,110.0,5
23,A0021101,A002,11,SSUV,SUV pequeño,EMPRESAS_RENTING,37,0,0.784,0.0,,116.0,7
24,A0021201,A002,12,SSUV,SUV pequeño,EMPRESAS_RENTING,57,0,0.877,0.0,,121.0,5
25,A0030101,A003,1,SSUV,SUV pequeño,EMPRESAS_RENTING,33,0,0.758,0.0,,114.0,4
26,A0030201,A003,2,SSUV,SUV pequeño,EMPRESAS_RENTING,39,0,0.692,0.0,,117.0,6
27,A0030301,A003,3,SSUV,SUV pequeño,EMPRESAS_RENTING,30,0,0.767,0.0,,121.0,5
28,A0030401,A003,4,SSUV,SUV pequeño,EMPRESAS_RENTING,30,0,0.8,0.0,,122.0,4
29,A0030501,A003,5,SSUV,SUV pequeño,EMPRESAS_RENTING,43,0,0.837,0.0,,126.0,5
30,A0030601,A003,6,SSUV,SUV pequeño,EMPRESAS_RENTING,54,0,0.796,0.0,,120.0,4
31,A0030701,A003,7,SSUV,SUV pequeño,EMPRESAS_RENTING,35,0,0.943,0.0,,130.0,4
32,A0030801,A003,8,SSUV,SUV pequeño,EMPRESAS_RENTING,48,0,0.875,0.0,,121.0,5
33,A0030901,A003,9,SSUV,SUV pequeño,EMPRESAS_RENTING,60,0,0.45,0.0,,123.0,7
34,A0031001,A003,10,SSUV,SUV pequeño,EMPRESAS_RENTING,184,0,0.179,0.0,,130.0,5
35,A0031101,A003,11,SSUV,SUV pequeño,EMPRESAS_RENTING,176,0,0.523,0.0,,124.0,6
36,A0031201,A003,12,SSUV,SUV pequeño,EMPRESAS_RENTING,158,0,0.633,0.0,,125.0,7
37,A0040101,A004,1,SSUV,SUV pequeño,EMPRESAS_RENTING,136,0,0.625,0.0,0.037,122.0,6
38,A0040201,A004,2,SSUV,SUV pequeño,EMPRESAS_RENTING,116,0,0.767,0.0,0.026,124.0,5
39,A0040301,A004,3,SSUV,SUV pequeño,EMPRESAS_RENTING,156,0,0.724,0.0,0.064,123.0,6
40,A0040401,A004,4,SSUV,SUV pequeño,EMPRESAS_RENTING,95,0,0.8,0.0,0.084,123.0,5
41,A0040501,A004,5,SSUV,SUV pequeño,EMPRESAS_RENTING,155,0,0.781,0.0,0.077,123.0,6
42,A0040601,A004,6,SSUV,SUV pequeño,EMPRESAS_RENTING,192,0,0.75,0.0,0.031,120.0,5
43,A0040701,A004,7,SSUV,SUV pequeño,EMPRESAS_RENTING,156,0,0.712,0.0,0.103,126.0,6
44,A0040801,A004,8,SSUV,SUV pequeño,EMPRESAS_RENTING,94,0,0.66,0.0,0.074,127.0,6
45,A0040901,A004,9,SSUV,SUV pequeño,EMPRESAS_RENTING,151,0,0.762,0.0,0.073,126.0,6
46,A0041001,A004,10,SSUV,SUV pequeño,EMPRESAS_RENTING,143,0,0.818,0.0,0.021,124.0,5
47,A0041101,A004,11,SSUV,SUV pequeño,EMPRESAS_RENTING,135,0,0.785,0.0,0.052,124.0,5
48,A0041201,A004,12,SSUV,SUV pequeño,EMPRESAS_RENTING,183,0,0.809,0.0,0.027,128.0,5
49,A0050101,A005,1,SSUV,SUV pequeño,EMPRESAS_RENTING,96,0,0.594,0.0,0.094,127.0,3
50,A0050201,A005,2,SSUV,SUV pequeño,EMPRESAS_RENTING,109,0,0.615,0.0,0.055,128.0,4
51,A0050301,A005,3,SSUV,SUV pequeño,EMPRESAS_RENTING,160,0,0.719,0.0,0.112,122.0,4
52,A0050401,A005,4,SSUV,SUV pequeño,EMPRESAS_RENTING,129,0,0.729,0.0,0.109,118.0,4
53,A0050501,A005,5,SSUV,SUV pequeño,EMPRESAS_RENTING,168,0,0.667,0.0,0.089,128.0,4
54,A0050601,A005,6,SSUV,SUV pequeño,EMPRESAS_RENTING,235,0,0.655,0.0,0.102,129.0,4
55,A0050701,A005,7,SSUV,SUV pequeño,EMPRESAS_RENTING,199,0,0.729,0.0,0.03,125.0,3
56,A0050801,A005,8,SSUV,SUV pequeño,EMPRESAS_RENTING,167,0,0.695,0.0,0.03,130.0,3
57,A0050901,A005,9,SSUV,SUV pequeño,EMPRESAS_RENTING,123,0,0.659,0.0,0.049,120.0,3
58,A0051001,A005,10,SSUV,SUV pequeño,EMPRESAS_RENTING,137,0,0.737,0.0,0.036,119.0,3
59,A0051101,A005,11,SSUV,SUV pequeño,EMPRESAS_RENTING,113,0,0.726,0.0,0.018,117.0,4
60,A0051201,A005,12,SSUV,SUV pequeño,EMPRESAS_RENTING,106,0,0.792,0.0,0.085,129.0,6
61,A0060101,A006,1,SSUV,SUV pequeño,EMPRESAS_RENTING,162,0,0.648,0.0,0.08,128.0,3
62,A0060201,A006,2,SSUV,SUV pequeño,EMPRESAS_RENTING,88,0,0.659,0.0,0.125,136.0,4
63,A0060301,A006,3,SSUV,SUV pequeño,EMPRESAS_RENTING,169,0,0.781,0.0,0.047,127.0,4
64,A0060401,A006,4,SSUV,SUV pequeño,EMPRESAS_RENTING,413,0,0.731,0.0,0.058,100.0,7
65,A0060501,A006,5,SSUV,SUV pequeño,EMPRESAS_RENTING,461,0,0.792,0.0,0.05,110.0,6
66,A0060601,A006,6,SSUV,SUV pequeño,EMPRESAS_RENTING,319,0,0.768,0.0,0.069,112.0,6
67,A0060701,A006,7,SSUV,SUV pequeño,EMPRESAS_RENTING,293,0,0.788,0.0,0.061,115.0,7
68,A0060801,A006,8,SSUV,SUV pequeño,EMPRESAS_RENTING,141,0,0.78,0.0,0.106,115.0,6
69,A0060901,A006,9,SSUV,SUV pequeño,EMPRESAS_RENTING,241,0,0.826,0.0,0.129,108.0,6
70,A0061001,A006,10,SSUV,SUV pequeño,EMPRESAS_RENTING,333,0,0.796,0.0,0.108,106.0,6
71,A0061101,A006,11,SSUV,SUV pequeño,EMPRESAS_RENTING,316,0,0.829,0.0,0.203,107.0,5
72,A0061201,A006,12,SSUV,SUV pequeño,EMPRESAS_RENTING,263,0,0.817,0.0,0.091,107.0,5
73,A0070101,A007,1,SSUV,SUV pequeño,EMPRESAS_RENTING,305,0,0.83,0.0,0.18,105.0,5
74,A0070201,A007,2,SSUV,SUV pequeño,EMPRESAS_RENTING,312,0,0.651,0.0,0.099,107.0,5
75,A0070301,A007,3,SSUV,SUV pequeño,EMPRESAS_RENTING,264,0,0.735,0.0,0.144,105.0,6
76,A0070401,A007,4,SSUV,SUV pequeño,EMPRESAS_RENTING,213,0,0.803,0.0,0.094,105.0,6
77,A0070501,A007,5,SSUV,SUV pequeño,EMPRESAS_RENTING,295,0,0.759,0.0,0.085,107.0,7
78,A0070601,A007,6,SSUV,SUV pequeño,EMPRESAS_RENTING,827,0,0.671,0.0,0.126,95.0,7
79,A0070701,A007,7,SSUV,SUV pequeño,EMPRESAS_RENTING,652,0,0.722,0.0,0.163,101.0,8
80,A0070801,A007,8,SSUV,SUV pequeño,EMPRESAS_RENTING,336,0,0.827,0.0,0.092,103.0,8
81,A0070901,A007,9,SSUV,SUV pequeño,EMPRESAS_RENTING,480,0,0.744,0.0,0.146,102.0,7
82,A0071001,A007,10,SSUV,SUV pequeño,EMPRESAS_RENTING,702,0,0.813,0.0,0.087,98.0,7
83,A0071101,A007,11,SSUV,SUV pequeño,EMPRESAS_RENTING,769,0,0.863,0.0,0.091,98.0,7
84,A0071201,A007,12,SSUV,SUV pequeño,EMPRESAS_RENTING,733,0,0.859,0.0,0.21,100.0,8
85,A0080101,A008,1,SSUV,SUV pequeño,EMPRESAS_RENTING,1008,0,0.813,0.0,0.116,101.0,7
86,A0080201,A008,2,SSUV,SUV pequeño,EMPRESAS_RENTING,851,0,0.811,0.0,0.193,103.0,8
87,A0080301,A008,3,SSUV,SUV pequeño,EMPRESAS_RENTING,1525,0,0.875,0.0,0.22,103.0,8
88,A0080401,A008,4,SSUV,SUV pequeño,EMPRESAS_RENTING,1312,0,0.812,0.0,0.23,104.0,10
89,A0080501,A008,5,SSUV,SUV pequeño,EMPRESAS_RENTING,1453,25,0.829,0.0,0.178,101.0,10
90,A0080601,A008,6,SSUV,SUV pequeño,EMPRESAS_RENTING,1421,43,0.776,0.0,0.184,102.0,10
91,A0080701,A008,7,SSUV,SUV pequeño,EMPRESAS_RENTING,1798,15,0.824,0.0,0.237,103.0,10
92,A0080801,A008,8,SSUV,SUV pequeño,EMPRESAS_RENTING,801,4,0.749,0.0,0.132,105.0,10
93,A0080901,A008,9,SSUV,SUV pequeño,EMPRESAS_RENTING,1258,10,0.759,0.0,0.275,105.0,10
94,A0081001,A008,10,SSUV,SUV pequeño,EMPRESAS_RENTING,1455,21,0.756,0.0,0.147,104.0,10
95,A0081101,A008,11,SSUV,SUV pequeño,EMPRESAS_RENTING,1305,83,0.684,0.0,0.145,106.0,10
96,A0081201,A008,12,SSUV,SUV pequeño,EMPRESAS_RENTING,1124,45,0.743,0.0,0.348,107.0,10
97,A0090101,A009,1,SSUV,SUV pequeño,EMPRESAS_RENTING,1121,28,0.748,0.0,0.174,106.0,10
98,A0090201,A009,2,SSUV,SUV pequeño,EMPRESAS_RENTING,1081,56,0.711,0.0,0.313,109.0,10
99,A0090301,A009,3,SSUV,SUV pequeño,EMPRESAS_RENTING,1515,121,0.739,0.0,0.289,109.0,10
100,A0090401,A009,4,SSUV,SUV pequeño,EMPRESAS_RENTING,1463,62,0.759,0.0,0.255,107.0,10
101,A0090501,A009,5,SSUV,SUV pequeño,EMPRESAS_RENTING,1344,54,0.653,0.0,0.268,107.0,10
102,A0090601,A009,6,SSUV,SUV pequeño,EMPRESAS_RENTING,1741,110,0.635,0.0,0.348,107.0,10
103,A0090701,A009,7,SSUV,SUV pequeño,EMPRESAS_RENTING,1677,76,0.678,0.0,0.307,102.0,10
104,A0090801,A009,8,SSUV,SUV pequeño,EMPRESAS_RENTING,1035,48,0.67,0.0,0.317,108.0,10
105,A0090901,A009,9,SSUV,SUV pequeño,EMPRESAS_RENTING,1367,50,0.73,0.0,0.42,108.0,10
106,A0091001,A009,10,SSUV,SUV pequeño,EMPRESAS_RENTING,1313,71,0.685,0.0,0.309,105.0,10
107,A0091101,A009,11,SSUV,SUV pequeño,EMPRESAS_RENTING,1458,74,0.682,0.0,0.321,104.0,10
108,A0091201,A009,12,SSUV,SUV pequeño,EMPRESAS_RENTING,1683,59,0.692,0.0,0.339,104.0,10
109,A0100101,A010,1,SSUV,SUV pequeño,EMPRESAS_RENTING,1283,31,0.622,0.0,0.144,109.0,10
110,A0100201,A010,2,SSUV,SUV pequeño,EMPRESAS_RENTING,1238,19,0.618,0.003,0.167,107.0,10
111,A0100301,A010,3,SSUV,SUV pequeño,EMPRESAS_RENTING,1529,49,0.631,0.001,0.201,108.0,11
112,A0100401,A010,4,SSUV,SUV pequeño,EMPRESAS_RENTING,1486,88,0.689,0.003,0.18,108.0,11
113,A0100501,A010,5,SSUV,SUV pequeño,EMPRESAS_RENTING,1239,42,0.606,0.001,0.215,108.0,12
114,A0100601,A010,6,SSUV,SUV pequeño,EMPRESAS_RENTING,1613,72,0.522,0.0,0.197,109.0,11
115,A0100701,A010,7,SSUV,SUV pequeño,EMPRESAS_RENTING,1408,52,0.506,0.001,0.224,108.0,12
116,A0100801,A010,8,SSUV,SUV pequeño,EMPRESAS_RENTING,1219,49,0.58,0.001,0.119,106.0,12
117,A0100901,A010,9,SSUV,SUV pequeño,EMPRESAS_RENTING,1974,134,0.635,0.0,0.181,107.0,12
118,A0101001,A010,10,SSUV,SUV pequeño,EMPRESAS_RENTING,2136,42,0.514,0.0,0.154,109.0,13
119,A0101101,A010,11,SSUV,SUV pequeño,EMPRESAS_RENTING,2164,51,0.412,0.0,0.429,103.0,13
120,A0101201,A010,12,SSUV,SUV pequeño,EMPRESAS_RENTING,2175,56,0.504,0.0,0.393,105.0,13
121,A0110101,A011,1,SSUV,SUV pequeño,EMPRESAS_RENTING,2828,92,0.466,0.0,0.247,106.0,13
122,A0110201,A011,2,SSUV,SUV pequeño,EMPRESAS_RENTING,2082,49,0.503,0.0,0.268,107.0,13
123,A0110301,A011,3,SSUV,SUV pequeño,EMPRESAS_RENTING,2659,31,0.532,0.0,0.27,108.0,13
124,A0110401,A011,4,SSUV,SUV pequeño,EMPRESAS_RENTING,2175,78,0.529,0.0,0.258,109.0,13
125,A0110501,A011,5,SSUV,SUV pequeño,EMPRESAS_RENTING,2631,67,0.549,0.001,0.352,110.0,13
126,A0110601,A011,6,SSUV,SUV pequeño,EMPRESAS_RENTING,3252,127,0.446,0.001,0.268,110.0,13
127,A0110701,A011,7,SSUV,SUV pequeño,EMPRESAS_RENTING,3762,86,0.397,0.0,0.218,111.0,13
128,A0110801,A011,8,SSUV,SUV pequeño,EMPRESAS_RENTING,2613,57,0.377,0.002,0.16,113.0,13
129,A0110901,A011,9,SSUV,SUV pequeño,EMPRESAS_RENTING,1998,55,0.358,0.001,0.252,110.0,13
130,A0111001,A011,10,SSUV,SUV pequeño,EMPRESAS_RENTING,2291,61,0.368,0.0,0.331,109.0,13
131,A0111101,A011,11,SSUV,SUV pequeño,EMPRESAS_RENTING,2288,95,0.337,0.0,0.44,108.0,13
132,A0111201,A011,12,SSUV,SUV pequeño,EMPRESAS_RENTING,2766,95,0.269,0.001,0.431,109.0,14
133,A0120101,A012,1,SSUV,SUV pequeño,EMPRESAS_RENTING,2209,187,0.357,0.0,0.328,112.0,13
134,A0120201,A012,2,SSUV,SUV pequeño,EMPRESAS_RENTING,2390,81,0.351,0.001,0.389,111.0,13
135,A0120301,A012,3,SSUV,SUV pequeño,EMPRESAS_RENTING,2555,71,0.357,0.0,0.36,111.0,14
136,A0120401,A012,4,SSUV,SUV pequeño,EMPRESAS_RENTING,2852,201,0.268,0.0,0.295,113.0,14
137,A0120501,A012,5,SSUV,SUV pequeño,EMPRESAS_RENTING,2800,93,0.343,0.0,0.342,111.0,14
138,A0120601,A012,6,SSUV,SUV pequeño,EMPRESAS_RENTING,3564,85,0.215,0.0,0.446,110.0,14
139,A0120701,A012,7,SSUV,SUV pequeño,EMPRESAS_RENTING,4191,112,0.163,0.0,0.591,105.0,15
140,A0120801,A012,8,SSUV,SUV pequeño,EMPRESAS_RENTING,2174,77,0.264,0.01,0.314,111.0,15
141,A0120901,A012,9,SSUV,SUV pequeño,EMPRESAS_RENTING,3157,58,0.209,0.06,0.302,109.0,16
142,A0121001,A012,10,SSUV,SUV pequeño,EMPRESAS_RENTING,3042,72,0.246,0.021,0.341,111.0,15
143,A0121101,A012,11,SSUV,SUV pequeño,EMPRESAS_RENTING,2311,56,0.205,0.037,0.326,112.0,15
144,A0121201,A012,12,SSUV,SUV pequeño,EMPRESAS_RENTING,3482,93,0.168,0.038,0.227,118.0,16
1,A0010101,A001,1,SSUV,SUV pequeño,PARTICULARES,68,0,0.559,0.0,,119.0,6
2,A0010201,A001,2,SSUV,SUV pequeño,PARTICULARES,94,0,0.617,0.0,,128.0,5
3,A0010301,A001,3,SSUV,SUV pequeño,PARTICULARES,74,0,0.554,0.0,,116.0,5
4,A0010401,A001,4,SSUV,SUV pequeño,PARTICULARES,79,0,0.481,0.0,,131.0,5
5,A0010501,A001,5,SSUV,SUV pequeño,PARTICULARES,63,0,0.508,0.0,,127.0,5
6,A0010601,A001,6,SSUV,SUV pequeño,PARTICULARES,52,0,0.5,0.0,,119.0,5
7,A0010701,A001,7,SSUV,SUV pequeño,PARTICULARES,68,0,0.618,0.0,,124.0,5
8,A0010801,A001,8,SSUV,SUV pequeño,PARTICULARES,44,0,0.705,0.0,,140.0,5
9,A0010901,A001,9,SSUV,SUV pequeño,PARTICULARES,42,0,0.714,0.0,,135.0,5
10,A0011001,A001,10,SSUV,SUV pequeño,PARTICULARES,35,0,0.571,0.0,,115.0,5
11,A0011101,A001,11,SSUV,SUV pequeño,PARTICULARES,55,0,0.745,0.0,,107.0,5
12,A0011201,A001,12,SSUV,SUV pequeño,PARTICULARES,50,0,0.82,0.0,,103.0,5
13,A0020101,A002,1,SSUV,SUV pequeño,PARTICULARES,49,0,0.776,0.0,,111.0,5
14,A0020201,A002,2,SSUV,SUV pequeño,PARTICULARES,63,0,0.667,0.0,,122.0,6
15,A0020301,A002,3,SSUV,SUV pequeño,PARTICULARES,171,0,0.585,0.0,,123.0,6
16,A0020401,A002,4,SSUV,SUV pequeño,PARTICULARES,154,0,0.675,0.0,,124.0,6
17,A0020501,A002,5,SSUV,SUV pequeño,PARTICULARES,138,0,0.768,0.0,,126.0,6
18,A0020601,A002,6,SSUV,SUV pequeño,PARTICULARES,224,0,0.625,0.0,,120.0,7
19,A0020701,A002,7,SSUV,SUV pequeño,PARTICULARES,287,0,0.474,0.0,,112.0,7
20,A0020801,A002,8,SSUV,SUV pequeño,PARTICULARES,187,0,0.529,0.0,,109.0,7
21,A0020901,A002,9,SSUV,SUV pequeño,PARTICULARES,223,0,0.543,0.0,,106.0,6
22,A0021001,A002,10,SSUV,SUV pequeño,PARTICULARES,178,0,0.466,0.0,,107.0,6
23,A0021101,A002,11,SSUV,SUV pequeño,PARTICULARES,163,0,0.491,0.0,,109.0,5
24,A0021201,A002,12,SSUV,SUV pequeño,PARTICULARES,183,0,0.612,0.0,,113.0,6
25,A0030101,A003,1,SSUV,SUV pequeño,PARTICULARES,174,0,0.638,0.0,,114.0,5
26,A0030201,A003,2,SSUV,SUV pequeño,PARTICULARES,199,0,0.643,0.0,,116.0,5
27,A0030301,A003,3,SSUV,SUV pequeño,PARTICULARES,207,0,0.623,0.0,,115.0,5
28,A0030401,A003,4,SSUV,SUV pequeño,PARTICULARES,169,0,0.627,0.0,,112.0,5
29,A0030501,A003,5,SSUV,SUV pequeño,PARTICULARES,163,0,0.638,0.0,,114.0,6
30,A0030601,A003,6,SSUV,SUV pequeño,PARTICULARES,165,0,0.624,0.0,,114.0,6
31,A0030701,A003,7,SSUV,SUV pequeño,PARTICULARES,86,0,0.547,0.0,,122.0,4
32,A0030801,A003,8,SSUV,SUV pequeño,PARTICULARES,63,0,0.619,0.0,,117.0,5
33,A0030901,A003,9,SSUV,SUV pequeño,PARTICULARES,89,0,0.483,0.0,,115.0,6
34,A0031001,A003,10,SSUV,SUV pequeño,PARTICULARES,338,0,0.092,0.0,,123.0,6
35,A0031101,A003,11,SSUV,SUV pequeño,PARTICULARES,560,0,0.352,0.0,,119.0,6
36,A0031201,A003,12,SSUV,SUV pequeño,PARTICULARES,580,0,0.438,0.0,,118.0,5
37,A0040101,A004,1,SSUV,SUV pequeño,PARTICULARES,549,0,0.437,0.0,0.0,117.0,6
38,A0040201,A004,2,SSUV,SUV pequeño,PARTICULARES,509,0,0.417,0.0,0.0,121.0,5
39,A0040301,A004,3,SSUV,SUV pequeño,PARTICULARES,686,0,0.367,0.0,0.0,122.0,6
40,A0040401,A004,4,SSUV,SUV pequeño,PARTICULARES,441,0,0.395,0.0,0.0,121.0,5
41,A0040501,A004,5,SSUV,SUV pequeño,PARTICULARES,514,0,0.362,0.0,0.0,120.0,5
42,A0040601,A004,6,SSUV,SUV pequeño,PARTICULARES,570,0,0.428,0.0,0.0,118.0,5
43,A0040701,A004,7,SSUV,SUV pequeño,PARTICULARES,530,0,0.404,0.0,0.0,124.0,5
44,A0040801,A004,8,SSUV,SUV pequeño,PARTICULARES,490,0,0.484,0.0,0.0,123.0,5
45,A0040901,A004,9,SSUV,SUV pequeño,PARTICULARES,439,0,0.49,0.0,0.0,122.0,5
46,A0041001,A004,10,SSUV,SUV pequeño,PARTICULARES,350,0,0.543,0.0,0.0,121.0,5
47,A0041101,A004,11,SSUV,SUV pequeño,PARTICULARES,416,0,0.502,0.0,0.0,121.0,6
48,A0041201,A004,12,SSUV,SUV pequeño,PARTICULARES,415,0,0.455,0.0,0.0,120.0,5
49,A0050101,A005,1,SSUV,SUV pequeño,PARTICULARES,439,0,0.419,0.0,0.0,121.0,3
50,A0050201,A005,2,SSUV,SUV pequeño,PARTICULARES,473,0,0.414,0.0,0.0,121.0,4
51,A0050301,A005,3,SSUV,SUV pequeño,PARTICULARES,444,0,0.419,0.0,0.0,120.0,4
52,A0050401,A005,4,SSUV,SUV pequeño,PARTICULARES,344,0,0.433,0.0,0.0,122.0,5
53,A0050501,A005,5,SSUV,SUV pequeño,PARTICULARES,393,0,0.438,0.0,0.0,120.0,4
54,A0050601,A005,6,SSUV,SUV pequeño,PARTICULARES,441,0,0.388,0.0,0.0,120.0,4
55,A0050701,A005,7,SSUV,SUV pequeño,PARTICULARES,437,0,0.403,0.0,0.0,122.0,4
56,A0050801,A005,8,SSUV,SUV pequeño,PARTICULARES,418,0,0.435,0.0,0.0,124.0,5
57,A0050901,A005,9,SSUV,SUV pequeño,PARTICULARES,298,0,0.413,0.0,0.0,119.0,4
58,A0051001,A005,10,SSUV,SUV pequeño,PARTICULARES,479,0,0.382,0.0,0.0,118.0,5
59,A0051101,A005,11,SSUV,SUV pequeño,PARTICULARES,455,0,0.316,0.0,0.0,117.0,5
60,A0051201,A005,12,SSUV,SUV pequeño,PARTICULARES,487,0,0.324,0.0,0.0,116.0,4
61,A0060101,A006,1,SSUV,SUV pequeño,PARTICULARES,494,0,0.316,0.0,0.0,117.0,3
62,A0060201,A006,2,SSUV,SUV pequeño,PARTICULARES,412,0,0.279,0.0,0.0,118.0,4
63,A0060301,A006,3,SSUV,SUV pequeño,PARTICULARES,466,0,0.251,0.0,0.0,119.0,4
64,A0060401,A006,4,SSUV,SUV pequeño,PARTICULARES,354,0,0.35,0.0,0.0,115.0,4
65,A0060501,A006,5,SSUV,SUV pequeño,PARTICULARES,596,0,0.371,0.0,0.0,111.0,7
66,A0060601,A006,6,SSUV,SUV pequeño,PARTICULARES,1197,0,0.53,0.0,0.0,107.0,6
67,A0060701,A006,7,SSUV,SUV pequeño,PARTICULARES,1745,0,0.584,0.0,0.0,104.0,7
68,A0060801,A006,8,SSUV,SUV pequeño,PARTICULARES,1044,0,0.566,0.0,0.0,107.0,6
69,A0060901,A006,9,SSUV,SUV pequeño,PARTICULARES,1507,0,0.58,0.0,0.0,104.0,6
70,A0061001,A006,10,SSUV,SUV pequeño,PARTICULARES,2091,0,0.597,0.0,0.0,103.0,6
71,A0061101,A006,11,SSUV,SUV pequeño,PARTICULARES,1833,0,0.577,0.0,0.0,105.0,7
72,A0061201,A006,12,SSUV,SUV pequeño,PARTICULARES,1724,0,0.613,0.0,0.0,104.0,7
73,A0070101,A007,1,SSUV,SUV pequeño,PARTICULARES,1553,0,0.619,0.0,0.0,106.0,5
74,A0070201,A007,2,SSUV,SUV pequeño,PARTICULARES,1871,0,0.599,0.0,0.0,102.0,6
75,A0070301,A007,3,SSUV,SUV pequeño,PARTICULARES,1692,0,0.584,0.0,0.0,102.0,6
76,A0070401,A007,4,SSUV,SUV pequeño,PARTICULARES,1422,0,0.545,0.0,0.0,102.0,6
77,A0070501,A007,5,SSUV,SUV pequeño,PARTICULARES,1463,0,0.573,0.0,0.0,104.0,6
78,A0070601,A007,6,SSUV,SUV pequeño,PARTICULARES,1979,0,0.593,0.0,0.0,99.0,7
79,A0070701,A007,7,SSUV,SUV pequeño,PARTICULARES,2930,0,0.595,0.0,0.0,98.0,8
80,A0070801,A007,8,SSUV,SUV pequeño,PARTICULARES,1571,0,0.629,0.0,0.0,100.0,8
81,A0070901,A007,9,SSUV,SUV pequeño,PARTICULARES,2073,0,0.675,0.0,0.0,99.0,8
82,A0071001,A007,10,SSUV,SUV pequeño,PARTICULARES,2993,0,0.669,0.0,0.0,98.0,8
83,A0071101,A007,11,SSUV,SUV pequeño,PARTICULARES,2188,0,0.633,0.0,0.0,99.0,8
84,A0071201,A007,12,SSUV,SUV pequeño,PARTICULARES,2689,0,0.629,0.0,0.0,99.0,8
85,A0080101,A008,1,SSUV,SUV pequeño,PARTICULARES,2106,0,0.594,0.0,0.0,99.0,7
86,A0080201,A008,2,SSUV,SUV pequeño,PARTICULARES,2688,0,0.61,0.0,0.0,99.0,8
87,A0080301,A008,3,SSUV,SUV pequeño,PARTICULARES,3128,0,0.566,0.0,0.0,100.0,9
88,A0080401,A008,4,SSUV,SUV pequeño,PARTICULARES,2533,9,0.525,0.0,0.0,101.0,8
89,A0080501,A008,5,SSUV,SUV pequeño,PARTICULARES,2668,12,0.511,0.0,0.0,102.0,9
90,A0080601,A008,6,SSUV,SUV pequeño,PARTICULARES,3389,92,0.509,0.0,0.0,101.0,10
91,A0080701,A008,7,SSUV,SUV pequeño,PARTICULARES,3797,120,0.511,0.0,0.0,102.0,10
92,A0080801,A008,8,SSUV,SUV pequeño,PARTICULARES,2228,153,0.518,0.0,0.0,104.0,10
93,A0080901,A008,9,SSUV,SUV pequeño,PARTICULARES,3076,235,0.534,0.0,0.0,103.0,10
94,A0081001,A008,10,SSUV,SUV pequeño,PARTICULARES,3589,286,0.476,0.0,0.0,105.0,10
95,A0081101,A008,11,SSUV,SUV pequeño,PARTICULARES,3802,294,0.458,0.0,0.0,107.0,10
96,A0081201,A008,12,SSUV,SUV pequeño,PARTICULARES,4061,337,0.453,0.0,0.0,106.0,10
97,A0090101,A009,1,SSUV,SUV pequeño,PARTICULARES,3133,260,0.452,0.0,0.0,106.0,10
98,A0090201,A009,2,SSUV,SUV pequeño,PARTICULARES,3539,289,0.454,0.0,0.0,106.0,10
99,A0090301,A009,3,SSUV,SUV pequeño,PARTICULARES,3861,272,0.395,0.0,0.0,106.0,10
100,A0090401,A009,4,SSUV,SUV pequeño,PARTICULARES,3970,278,0.422,0.0,0.0,107.0,10
101,A0090501,A009,5,SSUV,SUV pequeño,PARTICULARES,3666,282,0.421,0.0,0.0,106.0,10
102,A0090601,A009,6,SSUV,SUV pequeño,PARTICULARES,4116,332,0.409,0.0,0.0,107.0,10
103,A0090701,A009,7,SSUV,SUV pequeño,PARTICULARES,4441,278,0.415,0.0,0.0,106.0,10
104,A0090801,A009,8,SSUV,SUV pequeño,PARTICULARES,2569,193,0.419,0.0,0.0,108.0,10
105,A0090901,A009,9,SSUV,SUV pequeño,PARTICULARES,3861,335,0.396,0.0,0.0,108.0,10
106,A0091001,A009,10,SSUV,SUV pequeño,PARTICULARES,3528,319,0.39,0.0,0.0,108.0,10
107,A0091101,A009,11,SSUV,SUV pequeño,PARTICULARES,3584,290,0.36,0.0,0.0,108.0,10
108,A0091201,A009,12,SSUV,SUV pequeño,PARTICULARES,4387,350,0.368,0.0,0.0,108.0,10
109,A0100101,A010,1,SSUV,SUV pequeño,PARTICULARES,3104,256,0.337,0.0,0.0,108.0,10
110,A0100201,A010,2,SSUV,SUV pequeño,PARTICULARES,3567,204,0.336,0.0,0.0,109.0,10
111,A0100301,A010,3,SSUV,SUV pequeño,PARTICULARES,4668,311,0.304,0.0,0.0,108.0,10
112,A0100401,A010,4,SSUV,SUV pequeño,PARTICULARES,3365,351,0.306,0.0,0.0,108.0,10
113,A0100501,A010,5,SSUV,SUV pequeño,PARTICULARES,3622,318,0.33,0.0,0.0,109.0,11
114,A0100601,A010,6,SSUV,SUV pequeño,PARTICULARES,4843,307,0.289,0.0,0.0,109.0,11
115,A0100701,A010,7,SSUV,SUV pequeño,PARTICULARES,4672,315,0.295,0.001,0.0,109.0,11
116,A0100801,A010,8,SSUV,SUV pequeño,PARTICULARES,3242,291,0.359,0.002,0.0,108.0,11
117,A0100901,A010,9,SSUV,SUV pequeño,PARTICULARES,3911,299,0.289,0.001,0.0,109.0,11
118,A0101001,A010,10,SSUV,SUV pequeño,PARTICULARES,4708,262,0.274,0.0,0.0,109.0,13
119,A0101101,A010,11,SSUV,SUV pequeño,PARTICULARES,6072,303,0.259,0.0,0.0,110.0,13
120,A0101201,A010,12,SSUV,SUV pequeño,PARTICULARES,7079,372,0.232,0.001,0.0,110.0,13
121,A0110101,A011,1,SSUV,SUV pequeño,PARTICULARES,5350,309,0.256,0.001,0.0,111.0,13
122,A0110201,A011,2,SSUV,SUV pequeño,PARTICULARES,6201,356,0.226,0.0,0.0,111.0,13
123,A0110301,A011,3,SSUV,SUV pequeño,PARTICULARES,6723,398,0.203,0.0,0.0,112.0,13
124,A0110401,A011,4,SSUV,SUV pequeño,PARTICULARES,6004,325,0.195,0.001,0.0,113.0,13
125,A0110501,A011,5,SSUV,SUV pequeño,PARTICULARES,6801,321,0.177,0.001,0.0,113.0,13
126,A0110601,A011,6,SSUV,SUV pequeño,PARTICULARES,7305,374,0.165,0.001,0.0,112.0,13
127,A0110701,A011,7,SSUV,SUV pequeño,PARTICULARES,8020,318,0.132,0.0,0.0,112.0,13
128,A0110801,A011,8,SSUV,SUV pequeño,PARTICULARES,7211,427,0.137,0.001,0.0,112.0,13
129,A0110901,A011,9,SSUV,SUV pequeño,PARTICULARES,5247,265,0.157,0.001,0.0,111.0,12
130,A0111001,A011,10,SSUV,SUV pequeño,PARTICULARES,7013,364,0.152,0.001,0.0,111.0,13
131,A0111101,A011,11,SSUV,SUV pequeño,PARTICULARES,7025,449,0.173,0.001,0.0,112.0,13
132,A0111201,A011,12,SSUV,SUV pequeño,PARTICULARES,6652,524,0.183,0.002,0.0,112.0,13
133,A0120101,A012,1,SSUV,SUV pequeño,PARTICULARES,5880,434,0.189,0.002,0.0,111.0,14
134,A0120201,A012,2,SSUV,SUV pequeño,PARTICULARES,5969,395,0.194,0.002,0.0,113.0,14
135,A0120301,A012,3,SSUV,SUV pequeño,PARTICULARES,6522,411,0.215,0.0,0.0,113.0,14
136,A0120401,A012,4,SSUV,SUV pequeño,PARTICULARES,6205,416,0.194,0.002,0.0,112.0,15
137,A0120501,A012,5,SSUV,SUV pequeño,PARTICULARES,7042,476,0.188,0.002,0.0,113.0,14
138,A0120601,A012,6,SSUV,SUV pequeño,PARTICULARES,6755,391,0.16,0.001,0.0,113.0,14
139,A0120701,A012,7,SSUV,SUV pequeño,PARTICULARES,8266,374,0.148,0.001,0.0,112.0,14
140,A0120801,A012,8,SSUV,SUV pequeño,PARTICULARES,5928,322,0.176,0.001,0.0,111.0,14
141,A0120901,A012,9,SSUV,SUV pequeño,PARTICULARES,6066,382,0.152,0.016,0.0,111.0,14
142,A0121001,A012,10,SSUV,SUV pequeño,PARTICULARES,7238,379,0.139,0.029,0.0,111.0,15
143,A0121101,A012,11,SSUV,SUV pequeño,PARTICULARES,7571,489,0.142,0.028,0.0,112.0,16
144,A0121201,A012,12,SSUV,SUV pequeño,PARTICULARES,7137,439,0.128,0.047,0.0,114.0,16
