t,periodo,anio,mes,segmento,descripcion,canal,unidades,u_automatriculacion,u_venta_especial,u_0_90,u_91_180,u_mas_180,pvp_medio,pff_medio,vm_medio,dias_0_90_medio,dias_91_180_medio,dias_mas_180_medio,renovacion_gama,meses_desde_renovacion
25,A0030101,A003,1,B,Pequeño,ALQUILADORES,0,0,0,,,,,,,,,,0,
26,A0030201,A003,2,B,Pequeño,ALQUILADORES,0,0,0,,,,,,,,,,0,
27,A0030301,A003,3,B,Pequeño,ALQUILADORES,67,0,0,,,,13396.0,10353.0,2092.0,,,,0,
28,A0030401,A003,4,B,Pequeño,ALQUILADORES,1,0,1,,,,15350.0,11907.0,953.0,,,,0,
29,A0030501,A003,5,B,Pequeño,ALQUILADORES,24,0,4,,,,15155.0,11752.0,2204.0,,,,0,
30,A0030601,A003,6,B,Pequeño,ALQUILADORES,15,0,15,,,,13254.0,10240.0,1338.0,,,,0,
31,A0030701,A003,7,B,Pequeño,ALQUILADORES,0,0,0,,,,,,,,,,0,
32,A0030801,A003,8,B,Pequeño,ALQUILADORES,11,0,11,,,,12959.0,10006.0,1301.0,,,,0,
33,A0030901,A003,9,B,Pequeño,ALQUILADORES,0,0,0,,,,,,,,,,0,
34,A0031001,A003,10,B,Pequeño,ALQUILADORES,4,0,4,,,,13727.0,10616.0,1380.0,,,,0,
35,A0031101,A003,11,B,Pequeño,ALQUILADORES,0,0,0,,,,,,,,,,0,
36,A0031201,A003,12,B,Pequeño,ALQUILADORES,0,0,0,,,,,,,,,,1,0.0
37,A0040101,A004,1,B,Pequeño,ALQUILADORES,2,0,2,,,,13801.0,10675.0,1708.0,,,,1,0.0
38,A0040201,A004,2,B,Pequeño,ALQUILADORES,0,0,0,,,,,,,,,,0,1.0
39,A0040301,A004,3,B,Pequeño,ALQUILADORES,0,0,0,,,,,,,,,,0,2.0
40,A0040401,A004,4,B,Pequeño,ALQUILADORES,0,0,0,,,,,,,,,,0,3.0
41,A0040501,A004,5,B,Pequeño,ALQUILADORES,0,0,0,,,,,,,,,,0,4.0
42,A0040601,A004,6,B,Pequeño,ALQUILADORES,0,0,0,,,,,,,,,,0,5.0
43,A0040701,A004,7,B,Pequeño,ALQUILADORES,0,0,0,,,,,,,,,,0,6.0
44,A0040801,A004,8,B,Pequeño,ALQUILADORES,0,0,0,,,,,,,,,,0,7.0
45,A0040901,A004,9,B,Pequeño,ALQUILADORES,0,0,0,,,,,,,,,,0,8.0
46,A0041001,A004,10,B,Pequeño,ALQUILADORES,0,0,0,,,,,,,,,,0,9.0
47,A0041101,A004,11,B,Pequeño,ALQUILADORES,0,0,0,,,,,,,,,,0,10.0
48,A0041201,A004,12,B,Pequeño,ALQUILADORES,0,0,0,,,,,,,,,,0,11.0
49,A0050101,A005,1,B,Pequeño,ALQUILADORES,0,0,0,,,,,,,,,,0,12.0
50,A0050201,A005,2,B,Pequeño,ALQUILADORES,0,0,0,,,,,,,,,,0,13.0
51,A0050301,A005,3,B,Pequeño,ALQUILADORES,0,0,0,,,,,,,,,,0,14.0
52,A0050401,A005,4,B,Pequeño,ALQUILADORES,0,0,0,,,,,,,,,,0,15.0
53,A0050501,A005,5,B,Pequeño,ALQUILADORES,0,0,0,,,,,,,,,,0,16.0
54,A0050601,A005,6,B,Pequeño,ALQUILADORES,0,0,0,,,,,,,,,,0,17.0
55,A0050701,A005,7,B,Pequeño,ALQUILADORES,0,0,0,,,,,,,,,,0,18.0
56,A0050801,A005,8,B,Pequeño,ALQUILADORES,0,0,0,,,,,,,,,,0,19.0
57,A0050901,A005,9,B,Pequeño,ALQUILADORES,0,0,0,,,,,,,,,,0,20.0
58,A0051001,A005,10,B,Pequeño,ALQUILADORES,0,0,0,,,,,,,,,,0,21.0
59,A0051101,A005,11,B,Pequeño,ALQUILADORES,9,0,9,,,,13822.0,10692.0,1839.0,,,,0,22.0
60,A0051201,A005,12,B,Pequeño,ALQUILADORES,0,0,0,,,,,,,,,,0,23.0
61,A0060101,A006,1,B,Pequeño,ALQUILADORES,9,0,9,,,,13822.0,10692.0,1840.0,,,,0,24.0
62,A0060201,A006,2,B,Pequeño,ALQUILADORES,9,0,9,,,,13822.0,10692.0,1840.0,,,,0,25.0
63,A0060301,A006,3,B,Pequeño,ALQUILADORES,2,0,2,,,,13822.0,10692.0,1840.0,,,,0,26.0
64,A0060401,A006,4,B,Pequeño,ALQUILADORES,0,0,0,,,,,,,,,,0,27.0
65,A0060501,A006,5,B,Pequeño,ALQUILADORES,0,0,0,,,,,,,,,,0,28.0
66,A0060601,A006,6,B,Pequeño,ALQUILADORES,0,0,0,,,,,,,,,,0,29.0
67,A0060701,A006,7,B,Pequeño,ALQUILADORES,0,0,0,,,,,,,,,,0,30.0
68,A0060801,A006,8,B,Pequeño,ALQUILADORES,0,0,0,,,,,,,,,,0,31.0
69,A0060901,A006,9,B,Pequeño,ALQUILADORES,0,0,0,,,,,,,,,,0,32.0
70,A0061001,A006,10,B,Pequeño,ALQUILADORES,43,0,0,,,,13822.0,10692.0,1963.0,,,,0,33.0
71,A0061101,A006,11,B,Pequeño,ALQUILADORES,0,0,0,,,,,,,,,,0,34.0
72,A0061201,A006,12,B,Pequeño,ALQUILADORES,0,0,0,,,,,,,,,,0,35.0
73,A0070101,A007,1,B,Pequeño,ALQUILADORES,0,0,0,,,,,,,,,,0,36.0
74,A0070201,A007,2,B,Pequeño,ALQUILADORES,0,0,0,,,,,,,,,,0,37.0
75,A0070301,A007,3,B,Pequeño,ALQUILADORES,0,0,0,,,,,,,,,,0,38.0
76,A0070401,A007,4,B,Pequeño,ALQUILADORES,0,0,0,,,,,,,,,,0,39.0
77,A0070501,A007,5,B,Pequeño,ALQUILADORES,0,0,0,,,,,,,,,,0,40.0
78,A0070601,A007,6,B,Pequeño,ALQUILADORES,0,0,0,,,,,,,,,,0,41.0
79,A0070701,A007,7,B,Pequeño,ALQUILADORES,0,0,0,,,,,,,,,,0,42.0
80,A0070801,A007,8,B,Pequeño,ALQUILADORES,0,0,0,,,,,,,,,,0,43.0
81,A0070901,A007,9,B,Pequeño,ALQUILADORES,40,0,0,,,,13822.0,10692.0,2371.0,,,,0,44.0
82,A0071001,A007,10,B,Pequeño,ALQUILADORES,0,0,0,,,,,,,,,,0,45.0
83,A0071101,A007,11,B,Pequeño,ALQUILADORES,0,0,0,,,,,,,,,,0,46.0
84,A0071201,A007,12,B,Pequeño,ALQUILADORES,0,0,0,,,,,,,,,,0,47.0
85,A0080101,A008,1,B,Pequeño,ALQUILADORES,0,0,0,,,,,,,,,,0,48.0
86,A0080201,A008,2,B,Pequeño,ALQUILADORES,0,0,0,,,,,,,,,,1,0.0
87,A0080301,A008,3,B,Pequeño,ALQUILADORES,0,0,0,,,,,,,,,,0,1.0
88,A0080401,A008,4,B,Pequeño,ALQUILADORES,0,0,0,,,,,,,,,,0,2.0
89,A0080501,A008,5,B,Pequeño,ALQUILADORES,0,0,0,,,,,,,,,,0,3.0
90,A0080601,A008,6,B,Pequeño,ALQUILADORES,0,0,0,,,,,,,,,,0,4.0
91,A0080701,A008,7,B,Pequeño,ALQUILADORES,0,0,0,,,,,,,,,,1,0.0
92,A0080801,A008,8,B,Pequeño,ALQUILADORES,0,0,0,,,,,,,,,,0,1.0
93,A0080901,A008,9,B,Pequeño,ALQUILADORES,0,0,0,,,,,,,,,,0,2.0
94,A0081001,A008,10,B,Pequeño,ALQUILADORES,0,0,0,,,,,,,,,,0,3.0
95,A0081101,A008,11,B,Pequeño,ALQUILADORES,0,0,0,,,,,,,,,,0,4.0
96,A0081201,A008,12,B,Pequeño,ALQUILADORES,0,0,0,,,,,,,,,,0,5.0
97,A0090101,A009,1,B,Pequeño,ALQUILADORES,0,0,0,,,,,,,,,,0,6.0
98,A0090201,A009,2,B,Pequeño,ALQUILADORES,0,0,0,0.0,0.0,0.0,,,,,,,0,7.0
99,A0090301,A009,3,B,Pequeño,ALQUILADORES,0,0,0,0.0,0.0,0.0,,,,,,,0,8.0
100,A0090401,A009,4,B,Pequeño,ALQUILADORES,0,0,0,0.0,0.0,0.0,,,,,,,0,9.0
101,A0090501,A009,5,B,Pequeño,ALQUILADORES,0,0,0,0.0,0.0,0.0,,,,,,,0,10.0
102,A0090601,A009,6,B,Pequeño,ALQUILADORES,2,0,2,2.0,0.0,0.0,16784.0,13047.0,1174.0,52.0,,,0,11.0
103,A0090701,A009,7,B,Pequeño,ALQUILADORES,0,0,0,0.0,0.0,0.0,,,,,,,0,12.0
104,A0090801,A009,8,B,Pequeño,ALQUILADORES,0,0,0,0.0,0.0,0.0,,,,,,,0,13.0
105,A0090901,A009,9,B,Pequeño,ALQUILADORES,0,0,0,0.0,0.0,0.0,,,,,,,0,14.0
106,A0091001,A009,10,B,Pequeño,ALQUILADORES,4,0,4,2.0,2.0,0.0,18940.0,14762.0,1329.0,72.0,100.0,,0,15.0
107,A0091101,A009,11,B,Pequeño,ALQUILADORES,0,0,0,0.0,0.0,0.0,,,,,,,0,16.0
108,A0091201,A009,12,B,Pequeño,ALQUILADORES,0,0,0,0.0,0.0,0.0,,,,,,,0,17.0
109,A0100101,A010,1,B,Pequeño,ALQUILADORES,0,0,0,0.0,0.0,0.0,,,,,,,0,18.0
110,A0100201,A010,2,B,Pequeño,ALQUILADORES,0,0,0,0.0,0.0,0.0,,,,,,,0,19.0
111,A0100301,A010,3,B,Pequeño,ALQUILADORES,0,0,0,0.0,0.0,0.0,,,,,,,0,20.0
112,A0100401,A010,4,B,Pequeño,ALQUILADORES,0,0,0,0.0,0.0,0.0,,,,,,,1,0.0
113,A0100501,A010,5,B,Pequeño,ALQUILADORES,5,0,5,0.0,2.0,3.0,16576.0,12882.0,1159.0,,144.0,181.0,0,1.0
114,A0100601,A010,6,B,Pequeño,ALQUILADORES,0,0,0,0.0,0.0,0.0,,,,,,,0,2.0
115,A0100701,A010,7,B,Pequeño,ALQUILADORES,0,0,0,0.0,0.0,0.0,,,,,,,0,3.0
116,A0100801,A010,8,B,Pequeño,ALQUILADORES,5,0,5,5.0,0.0,0.0,17605.0,13700.0,1233.0,40.0,,,0,4.0
117,A0100901,A010,9,B,Pequeño,ALQUILADORES,0,0,0,0.0,0.0,0.0,,,,,,,0,5.0
118,A0101001,A010,10,B,Pequeño,ALQUILADORES,0,0,0,0.0,0.0,0.0,,,,,,,1,0.0
119,A0101101,A010,11,B,Pequeño,ALQUILADORES,0,0,0,0.0,0.0,0.0,,,,,,,0,1.0
120,A0101201,A010,12,B,Pequeño,ALQUILADORES,8,0,0,8.0,0.0,0.0,14602.0,11312.0,1045.0,21.0,,,0,2.0
121,A0110101,A011,1,B,Pequeño,ALQUILADORES,20,0,0,20.0,0.0,0.0,18083.0,14080.0,2472.0,15.0,,,0,3.0
122,A0110201,A011,2,B,Pequeño,ALQUILADORES,0,0,0,0.0,0.0,0.0,,,,,,,0,4.0
123,A0110301,A011,3,B,Pequeño,ALQUILADORES,9,0,0,9.0,0.0,0.0,18239.0,14204.0,1296.0,30.0,,,0,5.0
124,A0110401,A011,4,B,Pequeño,ALQUILADORES,0,0,0,0.0,0.0,0.0,,,,,,,0,6.0
125,A0110501,A011,5,B,Pequeño,ALQUILADORES,83,0,0,0.0,31.0,52.0,16837.0,13089.0,1198.0,,99.0,182.0,0,7.0
126,A0110601,A011,6,B,Pequeño,ALQUILADORES,22,0,0,22.0,0.0,0.0,16680.0,12964.0,2271.0,15.0,,,1,0.0
127,A0110701,A011,7,B,Pequeño,ALQUILADORES,0,0,0,0.0,0.0,0.0,,,,,,,0,1.0
128,A0110801,A011,8,B,Pequeño,ALQUILADORES,0,0,0,0.0,0.0,0.0,,,,,,,0,2.0
129,A0110901,A011,9,B,Pequeño,ALQUILADORES,0,0,0,0.0,0.0,0.0,,,,,,,1,0.0
130,A0111001,A011,10,B,Pequeño,ALQUILADORES,0,0,0,0.0,0.0,0.0,,,,,,,0,1.0
131,A0111101,A011,11,B,Pequeño,ALQUILADORES,0,0,0,0.0,0.0,0.0,,,,,,,0,2.0
132,A0111201,A011,12,B,Pequeño,ALQUILADORES,0,0,0,0.0,0.0,0.0,,,,,,,0,3.0
133,A0120101,A012,1,B,Pequeño,ALQUILADORES,0,0,0,0.0,0.0,0.0,,,,,,,0,4.0
134,A0120201,A012,2,B,Pequeño,ALQUILADORES,0,0,0,0.0,0.0,0.0,,,,,,,0,5.0
135,A0120301,A012,3,B,Pequeño,ALQUILADORES,0,0,0,0.0,0.0,0.0,,,,,,,0,6.0
136,A0120401,A012,4,B,Pequeño,ALQUILADORES,0,0,0,0.0,0.0,0.0,,,,,,,0,7.0
137,A0120501,A012,5,B,Pequeño,ALQUILADORES,25,0,0,25.0,0.0,0.0,18344.0,14288.0,2505.0,78.0,,,0,8.0
138,A0120601,A012,6,B,Pequeño,ALQUILADORES,65,0,10,59.0,6.0,0.0,17349.0,13496.0,2360.0,28.0,116.0,,0,9.0
139,A0120701,A012,7,B,Pequeño,ALQUILADORES,0,0,0,0.0,0.0,0.0,,,,,,,0,10.0
140,A0120801,A012,8,B,Pequeño,ALQUILADORES,0,0,0,0.0,0.0,0.0,,,,,,,0,11.0
141,A0120901,A012,9,B,Pequeño,ALQUILADORES,0,0,0,0.0,0.0,0.0,,,,,,,0,12.0
142,A0121001,A012,10,B,Pequeño,ALQUILADORES,0,0,0,0.0,0.0,0.0,,,,,,,0,13.0
143,A0121101,A012,11,B,Pequeño,ALQUILADORES,0,0,0,0.0,0.0,0.0,,,,,,,0,14.0
144,A0121201,A012,12,B,Pequeño,ALQUILADORES,0,0,0,0.0,0.0,0.0,,,,,,,0,15.0
25,A0030101,A003,1,B,Pequeño,EMPRESAS_RENTING,15,15,0,,,,15060.0,11676.0,972.0,,,,0,
26,A0030201,A003,2,B,Pequeño,EMPRESAS_RENTING,18,17,1,,,,14640.0,11342.0,958.0,,,,0,
27,A0030301,A003,3,B,Pequeño,EMPRESAS_RENTING,16,14,2,,,,15166.0,11760.0,975.0,,,,0,
28,A0030401,A003,4,B,Pequeño,EMPRESAS_RENTING,13,8,5,,,,15649.0,12145.0,964.0,,,,0,
29,A0030501,A003,5,B,Pequeño,EMPRESAS_RENTING,3,3,0,,,,14285.0,11060.0,946.0,,,,0,
30,A0030601,A003,6,B,Pequeño,EMPRESAS_RENTING,17,16,1,,,,15596.0,12102.0,1020.0,,,,0,
31,A0030701,A003,7,B,Pequeño,EMPRESAS_RENTING,9,7,2,,,,15309.0,11874.0,1240.0,,,,0,
32,A0030801,A003,8,B,Pequeño,EMPRESAS_RENTING,5,5,0,,,,15744.0,12220.0,1283.0,,,,0,
33,A0030901,A003,9,B,Pequeño,EMPRESAS_RENTING,6,6,0,,,,14976.0,11609.0,1295.0,,,,0,
34,A0031001,A003,10,B,Pequeño,EMPRESAS_RENTING,2,0,2,,,,15399.0,11946.0,956.0,,,,0,
35,A0031101,A003,11,B,Pequeño,EMPRESAS_RENTING,0,0,0,,,,,,,,,,0,
36,A0031201,A003,12,B,Pequeño,EMPRESAS_RENTING,3,3,0,,,,15291.0,11860.0,1237.0,,,,1,0.0
37,A0040101,A004,1,B,Pequeño,EMPRESAS_RENTING,1,1,0,,,,15399.0,11946.0,478.0,,,,1,0.0
38,A0040201,A004,2,B,Pequeño,EMPRESAS_RENTING,3,2,1,,,,15982.0,12409.0,836.0,,,,0,1.0
39,A0040301,A004,3,B,Pequeño,EMPRESAS_RENTING,35,35,0,,,,14482.0,11216.0,449.0,,,,0,2.0
40,A0040401,A004,4,B,Pequeño,EMPRESAS_RENTING,7,6,1,,,,14692.0,11383.0,713.0,,,,0,3.0
41,A0040501,A004,5,B,Pequeño,EMPRESAS_RENTING,4,4,0,,,,15039.0,11660.0,466.0,,,,0,4.0
42,A0040601,A004,6,B,Pequeño,EMPRESAS_RENTING,4,4,0,,,,14467.0,11204.0,1254.0,,,,0,5.0
43,A0040701,A004,7,B,Pequeño,EMPRESAS_RENTING,5,4,1,,,,15134.0,11735.0,1281.0,,,,0,6.0
44,A0040801,A004,8,B,Pequeño,EMPRESAS_RENTING,1,1,0,,,,17690.0,13768.0,1161.0,,,,0,7.0
45,A0040901,A004,9,B,Pequeño,EMPRESAS_RENTING,1,1,0,,,,13801.0,10675.0,1342.0,,,,0,8.0
46,A0041001,A004,10,B,Pequeño,EMPRESAS_RENTING,2,2,0,,,,14932.0,11574.0,921.0,,,,0,9.0
47,A0041101,A004,11,B,Pequeño,EMPRESAS_RENTING,1,1,0,,,,14653.0,11353.0,1369.0,,,,0,10.0
48,A0041201,A004,12,B,Pequeño,EMPRESAS_RENTING,2,2,0,,,,13982.0,10819.0,1348.0,,,,0,11.0
49,A0050101,A005,1,B,Pequeño,EMPRESAS_RENTING,1,1,0,,,,14120.0,10929.0,1352.0,,,,0,12.0
50,A0050201,A005,2,B,Pequeño,EMPRESAS_RENTING,0,0,0,,,,,,,,,,0,13.0
51,A0050301,A005,3,B,Pequeño,EMPRESAS_RENTING,3,3,0,,,,14580.0,11294.0,1355.0,,,,0,14.0
52,A0050401,A005,4,B,Pequeño,EMPRESAS_RENTING,1,1,0,,,,13843.0,10708.0,1344.0,,,,0,15.0
53,A0050501,A005,5,B,Pequeño,EMPRESAS_RENTING,5,1,0,,,,17125.0,13319.0,3212.0,,,,0,16.0
54,A0050601,A005,6,B,Pequeño,EMPRESAS_RENTING,3,1,2,,,,15033.0,11655.0,923.0,,,,0,17.0
55,A0050701,A005,7,B,Pequeño,EMPRESAS_RENTING,2,0,2,,,,16225.0,12603.0,764.0,,,,0,18.0
56,A0050801,A005,8,B,Pequeño,EMPRESAS_RENTING,2,2,0,,,,15959.0,12391.0,1411.0,,,,0,19.0
57,A0050901,A005,9,B,Pequeño,EMPRESAS_RENTING,1,1,0,,,,17252.0,13419.0,1429.0,,,,0,20.0
58,A0051001,A005,10,B,Pequeño,EMPRESAS_RENTING,1,1,0,,,,13822.0,10692.0,1320.0,,,,0,21.0
59,A0051101,A005,11,B,Pequeño,EMPRESAS_RENTING,2,2,0,,,,16786.0,13048.0,1522.0,,,,0,22.0
60,A0051201,A005,12,B,Pequeño,EMPRESAS_RENTING,3,3,0,,,,16507.0,12827.0,3420.0,,,,0,23.0
61,A0060101,A006,1,B,Pequeño,EMPRESAS_RENTING,15,15,0,,,,14978.0,11611.0,2362.0,,,,0,24.0
62,A0060201,A006,2,B,Pequeño,EMPRESAS_RENTING,17,17,0,,,,14577.0,11292.0,2337.0,,,,0,25.0
63,A0060301,A006,3,B,Pequeño,EMPRESAS_RENTING,2,2,0,,,,13978.0,10816.0,2082.0,,,,0,26.0
64,A0060401,A006,4,B,Pequeño,EMPRESAS_RENTING,2,2,0,,,,14238.0,11022.0,1681.0,,,,0,27.0
65,A0060501,A006,5,B,Pequeño,EMPRESAS_RENTING,0,0,0,,,,,,,,,,0,28.0
66,A0060601,A006,6,B,Pequeño,EMPRESAS_RENTING,30,30,0,,,,15213.0,11798.0,2225.0,,,,0,29.0
67,A0060701,A006,7,B,Pequeño,EMPRESAS_RENTING,1,1,0,,,,14654.0,11353.0,2165.0,,,,0,30.0
68,A0060801,A006,8,B,Pequeño,EMPRESAS_RENTING,2,2,0,,,,14654.0,11353.0,2165.0,,,,0,31.0
69,A0060901,A006,9,B,Pequeño,EMPRESAS_RENTING,2,2,0,,,,14654.0,11353.0,2165.0,,,,0,32.0
70,A0061001,A006,10,B,Pequeño,EMPRESAS_RENTING,4,4,0,,,,15521.0,12043.0,2224.0,,,,0,33.0
71,A0061101,A006,11,B,Pequeño,EMPRESAS_RENTING,1,1,0,,,,15984.0,12411.0,2207.0,,,,0,34.0
72,A0061201,A006,12,B,Pequeño,EMPRESAS_RENTING,0,0,0,,,,,,,,,,0,35.0
73,A0070101,A007,1,B,Pequeño,EMPRESAS_RENTING,1,1,0,,,,14134.0,10940.0,2274.0,,,,0,36.0
74,A0070201,A007,2,B,Pequeño,EMPRESAS_RENTING,2,2,0,,,,14654.0,11353.0,2165.0,,,,0,37.0
75,A0070301,A007,3,B,Pequeño,EMPRESAS_RENTING,2,2,0,,,,14394.0,11146.0,2219.0,,,,0,38.0
76,A0070401,A007,4,B,Pequeño,EMPRESAS_RENTING,3,3,0,,,,14480.0,11215.0,2201.0,,,,0,39.0
77,A0070501,A007,5,B,Pequeño,EMPRESAS_RENTING,2,2,0,,,,15132.0,11733.0,2288.0,,,,0,40.0
78,A0070601,A007,6,B,Pequeño,EMPRESAS_RENTING,1,1,0,,,,14134.0,10940.0,2364.0,,,,0,41.0
79,A0070701,A007,7,B,Pequeño,EMPRESAS_RENTING,1,1,0,,,,15984.0,12411.0,3207.0,,,,0,42.0
80,A0070801,A007,8,B,Pequeño,EMPRESAS_RENTING,1,1,0,,,,14654.0,11353.0,2165.0,,,,0,43.0
81,A0070901,A007,9,B,Pequeño,EMPRESAS_RENTING,3,3,0,,,,16129.0,12526.0,2212.0,,,,0,44.0
82,A0071001,A007,10,B,Pequeño,EMPRESAS_RENTING,3,3,0,,,,15637.0,12135.0,2196.0,,,,0,45.0
83,A0071101,A007,11,B,Pequeño,EMPRESAS_RENTING,0,0,0,,,,,,,,,,0,46.0
84,A0071201,A007,12,B,Pequeño,EMPRESAS_RENTING,1,1,0,,,,16129.0,12526.0,2212.0,,,,0,47.0
85,A0080101,A008,1,B,Pequeño,EMPRESAS_RENTING,1,1,0,,,,16129.0,12526.0,2212.0,,,,0,48.0
86,A0080201,A008,2,B,Pequeño,EMPRESAS_RENTING,0,0,0,,,,,,,,,,1,0.0
87,A0080301,A008,3,B,Pequeño,EMPRESAS_RENTING,52,52,0,,,,17085.0,13286.0,1577.0,,,,0,1.0
88,A0080401,A008,4,B,Pequeño,EMPRESAS_RENTING,19,18,1,,,,17047.0,13256.0,1574.0,,,,0,2.0
89,A0080501,A008,5,B,Pequeño,EMPRESAS_RENTING,7,3,4,,,,17823.0,13874.0,1582.0,,,,0,3.0
90,A0080601,A008,6,B,Pequeño,EMPRESAS_RENTING,11,5,6,,,,17516.0,13629.0,1339.0,,,,0,4.0
91,A0080701,A008,7,B,Pequeño,EMPRESAS_RENTING,25,13,4,,,,17206.0,13383.0,1563.0,,,,1,0.0
92,A0080801,A008,8,B,Pequeño,EMPRESAS_RENTING,16,3,5,,,,17229.0,13401.0,1468.0,,,,0,1.0
93,A0080901,A008,9,B,Pequeño,EMPRESAS_RENTING,10,5,5,,,,17501.0,13617.0,1445.0,,,,0,2.0
94,A0081001,A008,10,B,Pequeño,EMPRESAS_RENTING,44,39,5,,,,17434.0,13564.0,1568.0,,,,0,3.0
95,A0081101,A008,11,B,Pequeño,EMPRESAS_RENTING,16,11,5,,,,17255.0,13422.0,1434.0,,,,0,4.0
96,A0081201,A008,12,B,Pequeño,EMPRESAS_RENTING,6,5,1,,,,18447.0,14369.0,1659.0,,,,0,5.0
97,A0090101,A009,1,B,Pequeño,EMPRESAS_RENTING,12,7,5,,,,17351.0,13498.0,1530.0,,,,0,6.0
98,A0090201,A009,2,B,Pequeño,EMPRESAS_RENTING,38,31,7,15.0,8.0,15.0,17531.0,13641.0,1706.0,33.0,124.0,247.0,0,7.0
99,A0090301,A009,3,B,Pequeño,EMPRESAS_RENTING,50,38,12,19.0,11.0,20.0,17707.0,13781.0,2152.0,25.0,138.0,256.0,0,8.0
100,A0090401,A009,4,B,Pequeño,EMPRESAS_RENTING,9,6,3,5.0,0.0,4.0,17494.0,13612.0,1634.0,20.0,,272.0,0,9.0
101,A0090501,A009,5,B,Pequeño,EMPRESAS_RENTING,17,9,8,11.0,2.0,4.0,17187.0,13368.0,1537.0,41.0,140.0,297.0,0,10.0
102,A0090601,A009,6,B,Pequeño,EMPRESAS_RENTING,38,31,7,24.0,5.0,9.0,17338.0,13488.0,1625.0,41.0,101.0,313.0,0,11.0
103,A0090701,A009,7,B,Pequeño,EMPRESAS_RENTING,22,20,2,12.0,3.0,7.0,17204.0,13381.0,1681.0,26.0,137.0,327.0,0,12.0
104,A0090801,A009,8,B,Pequeño,EMPRESAS_RENTING,12,6,6,9.0,1.0,2.0,16645.0,12937.0,1490.0,19.0,91.0,254.0,0,13.0
105,A0090901,A009,9,B,Pequeño,EMPRESAS_RENTING,10,8,2,5.0,2.0,3.0,17511.0,13626.0,1594.0,36.0,132.0,362.0,0,14.0
106,A0091001,A009,10,B,Pequeño,EMPRESAS_RENTING,21,15,6,14.0,5.0,2.0,17227.0,13399.0,1561.0,43.0,120.0,198.0,0,15.0
107,A0091101,A009,11,B,Pequeño,EMPRESAS_RENTING,27,23,4,10.0,12.0,5.0,16975.0,13199.0,1624.0,35.0,132.0,263.0,0,16.0
108,A0091201,A009,12,B,Pequeño,EMPRESAS_RENTING,11,8,3,7.0,3.0,1.0,16775.0,13040.0,1642.0,38.0,139.0,615.0,0,17.0
109,A0100101,A010,1,B,Pequeño,EMPRESAS_RENTING,9,6,3,5.0,2.0,2.0,17384.0,13525.0,1536.0,50.0,137.0,280.0,0,18.0
110,A0100201,A010,2,B,Pequeño,EMPRESAS_RENTING,30,24,6,16.0,7.0,7.0,17288.0,13448.0,1590.0,39.0,138.0,231.0,0,19.0
111,A0100301,A010,3,B,Pequeño,EMPRESAS_RENTING,2,1,1,1.0,1.0,0.0,16784.0,13047.0,1428.0,15.0,143.0,,0,20.0
112,A0100401,A010,4,B,Pequeño,EMPRESAS_RENTING,4,4,0,2.0,0.0,2.0,16758.0,13026.0,1645.0,39.0,,248.0,1,0.0
113,A0100501,A010,5,B,Pequeño,EMPRESAS_RENTING,17,14,3,11.0,3.0,3.0,18251.0,14214.0,1635.0,14.0,121.0,415.0,0,1.0
114,A0100601,A010,6,B,Pequeño,EMPRESAS_RENTING,40,38,2,34.0,3.0,3.0,18601.0,14492.0,1732.0,28.0,144.0,222.0,0,2.0
115,A0100701,A010,7,B,Pequeño,EMPRESAS_RENTING,9,5,4,7.0,1.0,1.0,17812.0,13864.0,1595.0,45.0,138.0,203.0,0,3.0
116,A0100801,A010,8,B,Pequeño,EMPRESAS_RENTING,4,2,2,2.0,1.0,1.0,17966.0,13987.0,1712.0,17.0,107.0,289.0,0,4.0
117,A0100901,A010,9,B,Pequeño,EMPRESAS_RENTING,25,20,5,15.0,8.0,2.0,17813.0,13865.0,1685.0,43.0,118.0,546.0,0,5.0
118,A0101001,A010,10,B,Pequeño,EMPRESAS_RENTING,26,22,4,16.0,7.0,3.0,17657.0,13742.0,1696.0,42.0,134.0,351.0,1,0.0
119,A0101101,A010,11,B,Pequeño,EMPRESAS_RENTING,7,5,2,3.0,4.0,0.0,17846.0,13891.0,1689.0,63.0,127.0,,0,1.0
120,A0101201,A010,12,B,Pequeño,EMPRESAS_RENTING,13,9,4,6.0,2.0,5.0,17456.0,13581.0,1633.0,27.0,156.0,248.0,0,2.0
121,A0110101,A011,1,B,Pequeño,EMPRESAS_RENTING,21,14,7,13.0,3.0,5.0,17875.0,13915.0,1612.0,41.0,147.0,207.0,0,3.0
122,A0110201,A011,2,B,Pequeño,EMPRESAS_RENTING,36,29,7,18.0,10.0,8.0,17548.0,13654.0,1632.0,38.0,127.0,209.0,0,4.0
123,A0110301,A011,3,B,Pequeño,EMPRESAS_RENTING,13,2,11,12.0,0.0,1.0,17983.0,14001.0,1695.0,27.0,,251.0,0,5.0
124,A0110401,A011,4,B,Pequeño,EMPRESAS_RENTING,89,80,9,84.0,5.0,0.0,19436.0,15156.0,2717.0,19.0,118.0,,0,6.0
125,A0110501,A011,5,B,Pequeño,EMPRESAS_RENTING,18,10,8,14.0,3.0,1.0,18043.0,14048.0,2019.0,22.0,123.0,311.0,0,7.0
126,A0110601,A011,6,B,Pequeño,EMPRESAS_RENTING,11,8,3,10.0,0.0,1.0,17974.0,13994.0,1606.0,36.0,,377.0,1,0.0
127,A0110701,A011,7,B,Pequeño,EMPRESAS_RENTING,40,35,5,11.0,18.0,11.0,17547.0,13654.0,1682.0,40.0,118.0,265.0,0,1.0
128,A0110801,A011,8,B,Pequeño,EMPRESAS_RENTING,7,2,5,4.0,2.0,1.0,19321.0,15065.0,1749.0,20.0,140.0,398.0,0,2.0
129,A0110901,A011,9,B,Pequeño,EMPRESAS_RENTING,50,20,30,45.0,3.0,2.0,17286.0,13446.0,2264.0,31.0,104.0,215.0,1,0.0
130,A0111001,A011,10,B,Pequeño,EMPRESAS_RENTING,50,11,39,46.0,4.0,0.0,17443.0,13571.0,2862.0,28.0,130.0,,0,1.0
131,A0111101,A011,11,B,Pequeño,EMPRESAS_RENTING,63,19,44,55.0,8.0,0.0,17561.0,13665.0,2645.0,38.0,118.0,,0,2.0
132,A0111201,A011,12,B,Pequeño,EMPRESAS_RENTING,33,8,25,27.0,6.0,0.0,17583.0,13682.0,2653.0,36.0,109.0,,0,3.0
133,A0120101,A012,1,B,Pequeño,EMPRESAS_RENTING,32,8,24,25.0,7.0,0.0,17321.0,13474.0,2915.0,36.0,122.0,,0,4.0
134,A0120201,A012,2,B,Pequeño,EMPRESAS_RENTING,39,11,28,26.0,11.0,2.0,17401.0,13538.0,2768.0,40.0,126.0,240.0,0,5.0
135,A0120301,A012,3,B,Pequeño,EMPRESAS_RENTING,36,6,30,35.0,1.0,0.0,17541.0,13649.0,3047.0,29.0,164.0,,0,6.0
136,A0120401,A012,4,B,Pequeño,EMPRESAS_RENTING,47,18,29,44.0,1.0,2.0,17323.0,13476.0,2624.0,33.0,175.0,197.0,0,7.0
137,A0120501,A012,5,B,Pequeño,EMPRESAS_RENTING,45,8,37,42.0,3.0,0.0,17456.0,13582.0,2792.0,30.0,116.0,,0,8.0
138,A0120601,A012,6,B,Pequeño,EMPRESAS_RENTING,71,26,45,67.0,3.0,1.0,17363.0,13507.0,2404.0,30.0,127.0,263.0,0,9.0
139,A0120701,A012,7,B,Pequeño,EMPRESAS_RENTING,38,5,33,34.0,3.0,1.0,17113.0,13308.0,2791.0,40.0,113.0,260.0,0,10.0
140,A0120801,A012,8,B,Pequeño,EMPRESAS_RENTING,31,13,18,26.0,5.0,0.0,17535.0,13644.0,2476.0,40.0,117.0,,0,11.0
141,A0120901,A012,9,B,Pequeño,EMPRESAS_RENTING,50,6,42,42.0,8.0,0.0,17221.0,13395.0,2815.0,34.0,121.0,,0,12.0
142,A0121001,A012,10,B,Pequeño,EMPRESAS_RENTING,48,2,46,39.0,8.0,1.0,17401.0,13537.0,2830.0,32.0,131.0,190.0,0,13.0
143,A0121101,A012,11,B,Pequeño,EMPRESAS_RENTING,52,3,49,37.0,10.0,5.0,17169.0,13353.0,2467.0,44.0,135.0,191.0,0,14.0
144,A0121201,A012,12,B,Pequeño,EMPRESAS_RENTING,21,2,19,15.0,6.0,0.0,17065.0,13271.0,2531.0,58.0,114.0,,0,15.0
25,A0030101,A003,1,B,Pequeño,PARTICULARES,110,16,0,,,,14504.0,11234.0,1303.0,,,,0,
26,A0030201,A003,2,B,Pequeño,PARTICULARES,134,10,2,,,,14332.0,11097.0,1252.0,,,,0,
27,A0030301,A003,3,B,Pequeño,PARTICULARES,210,38,1,,,,14278.0,11055.0,1374.0,,,,0,
28,A0030401,A003,4,B,Pequeño,PARTICULARES,140,21,1,,,,14432.0,11177.0,1348.0,,,,0,
29,A0030501,A003,5,B,Pequeño,PARTICULARES,162,36,3,,,,14372.0,11129.0,1693.0,,,,0,
30,A0030601,A003,6,B,Pequeño,PARTICULARES,128,24,48,,,,14248.0,11030.0,1313.0,,,,0,
31,A0030701,A003,7,B,Pequeño,PARTICULARES,76,8,31,,,,14467.0,11205.0,1575.0,,,,0,
32,A0030801,A003,8,B,Pequeño,PARTICULARES,40,7,9,,,,14383.0,11138.0,1688.0,,,,0,
33,A0030901,A003,9,B,Pequeño,PARTICULARES,85,15,5,,,,14598.0,11308.0,1848.0,,,,0,
34,A0031001,A003,10,B,Pequeño,PARTICULARES,86,19,33,,,,15069.0,11684.0,1895.0,,,,0,
35,A0031101,A003,11,B,Pequeño,PARTICULARES,80,8,44,,,,15093.0,11702.0,1892.0,,,,0,
36,A0031201,A003,12,B,Pequeño,PARTICULARES,69,13,25,,,,15465.0,11999.0,1876.0,,,,1,0.0
37,A0040101,A004,1,B,Pequeño,PARTICULARES,48,13,27,,,,15417.0,11960.0,1468.0,,,,1,0.0
38,A0040201,A004,2,B,Pequeño,PARTICULARES,67,7,34,,,,15009.0,11636.0,1492.0,,,,0,1.0
39,A0040301,A004,3,B,Pequeño,PARTICULARES,94,29,46,,,,15183.0,11774.0,1681.0,,,,0,2.0
40,A0040401,A004,4,B,Pequeño,PARTICULARES,50,2,35,,,,15259.0,11835.0,2352.0,,,,0,3.0
41,A0040501,A004,5,B,Pequeño,PARTICULARES,51,3,33,,,,15355.0,11911.0,2494.0,,,,0,4.0
42,A0040601,A004,6,B,Pequeño,PARTICULARES,81,14,22,,,,15011.0,11637.0,2065.0,,,,0,5.0
43,A0040701,A004,7,B,Pequeño,PARTICULARES,33,2,2,,,,14752.0,11431.0,1812.0,,,,0,6.0
44,A0040801,A004,8,B,Pequeño,PARTICULARES,31,7,0,,,,14527.0,11252.0,1457.0,,,,0,7.0
45,A0040901,A004,9,B,Pequeño,PARTICULARES,33,4,0,,,,14790.0,11462.0,1384.0,,,,0,8.0
46,A0041001,A004,10,B,Pequeño,PARTICULARES,44,3,0,,,,14685.0,11378.0,1722.0,,,,0,9.0
47,A0041101,A004,11,B,Pequeño,PARTICULARES,63,7,0,,,,14722.0,11407.0,1950.0,,,,0,10.0
48,A0041201,A004,12,B,Pequeño,PARTICULARES,49,7,7,,,,14658.0,11357.0,1674.0,,,,0,11.0
49,A0050101,A005,1,B,Pequeño,PARTICULARES,20,2,0,,,,15075.0,11688.0,1434.0,,,,0,12.0
50,A0050201,A005,2,B,Pequeño,PARTICULARES,22,4,0,,,,15030.0,11652.0,1668.0,,,,0,13.0
51,A0050301,A005,3,B,Pequeño,PARTICULARES,60,9,8,,,,14682.0,11375.0,1594.0,,,,0,14.0
52,A0050401,A005,4,B,Pequeño,PARTICULARES,30,2,0,,,,14746.0,11426.0,1712.0,,,,0,15.0
53,A0050501,A005,5,B,Pequeño,PARTICULARES,13,0,0,,,,14884.0,11536.0,1614.0,,,,0,16.0
54,A0050601,A005,6,B,Pequeño,PARTICULARES,34,9,4,,,,14774.0,11449.0,1625.0,,,,0,17.0
55,A0050701,A005,7,B,Pequeño,PARTICULARES,26,0,9,,,,14975.0,11608.0,1722.0,,,,0,18.0
56,A0050801,A005,8,B,Pequeño,PARTICULARES,26,1,13,,,,14949.0,11588.0,1920.0,,,,0,19.0
57,A0050901,A005,9,B,Pequeño,PARTICULARES,30,11,11,,,,14959.0,11596.0,1527.0,,,,0,20.0
58,A0051001,A005,10,B,Pequeño,PARTICULARES,23,3,9,,,,14713.0,11400.0,1647.0,,,,0,21.0
59,A0051101,A005,11,B,Pequeño,PARTICULARES,22,2,7,,,,14517.0,11244.0,1506.0,,,,0,22.0
60,A0051201,A005,12,B,Pequeño,PARTICULARES,13,3,5,,,,14781.0,11455.0,1527.0,,,,0,23.0
61,A0060101,A006,1,B,Pequeño,PARTICULARES,10,4,3,,,,15219.0,11802.0,1239.0,,,,0,24.0
62,A0060201,A006,2,B,Pequeño,PARTICULARES,14,2,4,,,,15244.0,11823.0,1393.0,,,,0,25.0
63,A0060301,A006,3,B,Pequeño,PARTICULARES,8,1,4,,,,14742.0,11423.0,1780.0,,,,0,26.0
64,A0060401,A006,4,B,Pequeño,PARTICULARES,12,4,0,,,,14863.0,11520.0,1911.0,,,,0,27.0
65,A0060501,A006,5,B,Pequeño,PARTICULARES,17,0,8,,,,15025.0,11649.0,1852.0,,,,0,28.0
66,A0060601,A006,6,B,Pequeño,PARTICULARES,18,0,18,,,,15390.0,11939.0,2467.0,,,,0,29.0
67,A0060701,A006,7,B,Pequeño,PARTICULARES,40,1,32,,,,15000.0,11628.0,2452.0,,,,0,30.0
68,A0060801,A006,8,B,Pequeño,PARTICULARES,31,0,0,,,,14930.0,11573.0,2595.0,,,,0,31.0
69,A0060901,A006,9,B,Pequeño,PARTICULARES,29,5,0,,,,15172.0,11765.0,2572.0,,,,0,32.0
70,A0061001,A006,10,B,Pequeño,PARTICULARES,28,1,0,,,,14873.0,11528.0,2531.0,,,,0,33.0
71,A0061101,A006,11,B,Pequeño,PARTICULARES,34,0,0,,,,15137.0,11737.0,2529.0,,,,0,34.0
72,A0061201,A006,12,B,Pequeño,PARTICULARES,30,3,0,,,,15068.0,11682.0,2607.0,,,,0,35.0
73,A0070101,A007,1,B,Pequeño,PARTICULARES,20,0,1,,,,15391.0,11939.0,2538.0,,,,0,36.0
74,A0070201,A007,2,B,Pequeño,PARTICULARES,36,0,1,,,,15291.0,11860.0,2615.0,,,,0,37.0
75,A0070301,A007,3,B,Pequeño,PARTICULARES,36,0,0,,,,15100.0,11708.0,2574.0,,,,0,38.0
76,A0070401,A007,4,B,Pequeño,PARTICULARES,27,0,0,,,,15145.0,11743.0,2368.0,,,,0,39.0
77,A0070501,A007,5,B,Pequeño,PARTICULARES,33,0,1,,,,15255.0,11831.0,2373.0,,,,0,40.0
78,A0070601,A007,6,B,Pequeño,PARTICULARES,32,1,1,,,,15231.0,11812.0,2289.0,,,,0,41.0
79,A0070701,A007,7,B,Pequeño,PARTICULARES,24,0,1,,,,15433.0,11973.0,2344.0,,,,0,42.0
80,A0070801,A007,8,B,Pequeño,PARTICULARES,33,0,0,,,,15383.0,11933.0,2432.0,,,,0,43.0
81,A0070901,A007,9,B,Pequeño,PARTICULARES,31,2,1,,,,15091.0,11701.0,2302.0,,,,0,44.0
82,A0071001,A007,10,B,Pequeño,PARTICULARES,28,0,0,,,,15328.0,11889.0,2377.0,,,,0,45.0
83,A0071101,A007,11,B,Pequeño,PARTICULARES,32,0,1,,,,15455.0,11990.0,2392.0,,,,0,46.0
84,A0071201,A007,12,B,Pequeño,PARTICULARES,34,0,2,,,,15129.0,11731.0,2385.0,,,,0,47.0
85,A0080101,A008,1,B,Pequeño,PARTICULARES,13,0,0,,,,15635.0,12134.0,2496.0,,,,0,48.0
86,A0080201,A008,2,B,Pequeño,PARTICULARES,22,8,0,,,,16519.0,12836.0,1505.0,,,,1,0.0
87,A0080301,A008,3,B,Pequeño,PARTICULARES,27,8,1,,,,17321.0,13474.0,1208.0,,,,0,1.0
88,A0080401,A008,4,B,Pequeño,PARTICULARES,53,0,3,,,,17265.0,13430.0,1349.0,,,,0,2.0
89,A0080501,A008,5,B,Pequeño,PARTICULARES,64,1,0,,,,17736.0,13804.0,1462.0,,,,0,3.0
90,A0080601,A008,6,B,Pequeño,PARTICULARES,139,1,3,,,,17636.0,13724.0,1346.0,,,,0,4.0
91,A0080701,A008,7,B,Pequeño,PARTICULARES,130,2,2,,,,17667.0,13749.0,1400.0,,,,1,0.0
92,A0080801,A008,8,B,Pequeño,PARTICULARES,96,0,0,,,,17837.0,13885.0,1364.0,,,,0,1.0
93,A0080901,A008,9,B,Pequeño,PARTICULARES,100,4,2,,,,17724.0,13795.0,1403.0,,,,0,2.0
94,A0081001,A008,10,B,Pequeño,PARTICULARES,115,0,0,,,,17260.0,13425.0,1456.0,,,,0,3.0
95,A0081101,A008,11,B,Pequeño,PARTICULARES,107,0,0,,,,17548.0,13655.0,1476.0,,,,0,4.0
96,A0081201,A008,12,B,Pequeño,PARTICULARES,140,3,2,,,,17378.0,13520.0,1398.0,,,,0,5.0
97,A0090101,A009,1,B,Pequeño,PARTICULARES,122,0,2,,,,17494.0,13612.0,1393.0,,,,0,6.0
98,A0090201,A009,2,B,Pequeño,PARTICULARES,106,0,1,75.0,11.0,20.0,17531.0,13641.0,1359.0,27.0,139.0,245.0,0,7.0
99,A0090301,A009,3,B,Pequeño,PARTICULARES,100,3,3,87.0,8.0,5.0,17466.0,13590.0,1306.0,22.0,143.0,242.0,0,8.0
100,A0090401,A009,4,B,Pequeño,PARTICULARES,97,2,1,75.0,10.0,12.0,17465.0,13589.0,1322.0,23.0,124.0,275.0,0,9.0
101,A0090501,A009,5,B,Pequeño,PARTICULARES,111,1,0,95.0,9.0,7.0,17210.0,13386.0,1388.0,27.0,122.0,254.0,0,10.0
102,A0090601,A009,6,B,Pequeño,PARTICULARES,110,0,0,93.0,10.0,7.0,17164.0,13349.0,1401.0,30.0,120.0,242.0,0,11.0
103,A0090701,A009,7,B,Pequeño,PARTICULARES,125,1,0,106.0,16.0,3.0,17145.0,13334.0,1379.0,23.0,119.0,259.0,0,12.0
104,A0090801,A009,8,B,Pequeño,PARTICULARES,87,3,0,78.0,7.0,2.0,17210.0,13386.0,1285.0,29.0,136.0,302.0,0,13.0
105,A0090901,A009,9,B,Pequeño,PARTICULARES,98,3,0,87.0,7.0,4.0,17274.0,13437.0,1366.0,28.0,143.0,298.0,0,14.0
106,A0091001,A009,10,B,Pequeño,PARTICULARES,99,0,0,76.0,21.0,2.0,17172.0,13356.0,1402.0,30.0,123.0,204.0,0,15.0
107,A0091101,A009,11,B,Pequeño,PARTICULARES,94,2,0,75.0,14.0,5.0,16829.0,13083.0,1391.0,29.0,127.0,242.0,0,16.0
108,A0091201,A009,12,B,Pequeño,PARTICULARES,94,3,0,76.0,14.0,4.0,17230.0,13401.0,1310.0,34.0,129.0,299.0,0,17.0
109,A0100101,A010,1,B,Pequeño,PARTICULARES,78,1,1,57.0,11.0,10.0,17379.0,13520.0,1341.0,30.0,124.0,229.0,0,18.0
110,A0100201,A010,2,B,Pequeño,PARTICULARES,90,0,1,67.0,13.0,10.0,17200.0,13378.0,1411.0,36.0,125.0,229.0,0,19.0
111,A0100301,A010,3,B,Pequeño,PARTICULARES,99,2,2,81.0,14.0,4.0,17235.0,13406.0,1374.0,33.0,129.0,238.0,0,20.0
112,A0100401,A010,4,B,Pequeño,PARTICULARES,66,1,0,43.0,20.0,3.0,17041.0,13252.0,1432.0,41.0,124.0,343.0,1,0.0
113,A0100501,A010,5,B,Pequeño,PARTICULARES,83,4,0,61.0,14.0,8.0,17535.0,13644.0,1409.0,32.0,135.0,278.0,0,1.0
114,A0100601,A010,6,B,Pequeño,PARTICULARES,81,8,0,61.0,11.0,9.0,17540.0,13649.0,1443.0,22.0,131.0,267.0,0,2.0
115,A0100701,A010,7,B,Pequeño,PARTICULARES,112,0,1,79.0,22.0,11.0,17568.0,13670.0,1536.0,33.0,139.0,245.0,0,3.0
116,A0100801,A010,8,B,Pequeño,PARTICULARES,97,2,0,78.0,14.0,5.0,17549.0,13655.0,1489.0,34.0,117.0,285.0,0,4.0
117,A0100901,A010,9,B,Pequeño,PARTICULARES,112,6,0,78.0,24.0,10.0,17477.0,13598.0,1458.0,30.0,124.0,275.0,0,5.0
118,A0101001,A010,10,B,Pequeño,PARTICULARES,78,1,0,70.0,6.0,2.0,17781.0,13840.0,1466.0,31.0,116.0,285.0,1,0.0
119,A0101101,A010,11,B,Pequeño,PARTICULARES,96,2,0,70.0,20.0,6.0,17616.0,13709.0,1470.0,34.0,135.0,244.0,0,1.0
120,A0101201,A010,12,B,Pequeño,PARTICULARES,74,3,0,63.0,7.0,4.0,17596.0,13693.0,1453.0,31.0,127.0,238.0,0,2.0
121,A0110101,A011,1,B,Pequeño,PARTICULARES,85,1,2,68.0,13.0,4.0,17339.0,13489.0,1517.0,28.0,151.0,250.0,0,3.0
122,A0110201,A011,2,B,Pequeño,PARTICULARES,100,1,1,86.0,10.0,4.0,17529.0,13640.0,1669.0,36.0,113.0,214.0,0,4.0
123,A0110301,A011,3,B,Pequeño,PARTICULARES,127,8,0,112.0,13.0,2.0,17739.0,13807.0,1677.0,28.0,116.0,201.0,0,5.0
124,A0110401,A011,4,B,Pequeño,PARTICULARES,91,1,0,83.0,6.0,2.0,17561.0,13665.0,1637.0,30.0,135.0,236.0,0,6.0
125,A0110501,A011,5,B,Pequeño,PARTICULARES,95,2,0,83.0,9.0,3.0,17401.0,13538.0,1702.0,31.0,114.0,195.0,0,7.0
126,A0110601,A011,6,B,Pequeño,PARTICULARES,65,8,0,44.0,15.0,6.0,17592.0,13689.0,1561.0,38.0,128.0,259.0,1,0.0
127,A0110701,A011,7,B,Pequeño,PARTICULARES,85,0,0,55.0,27.0,3.0,17465.0,13588.0,1836.0,30.0,126.0,233.0,0,1.0
128,A0110801,A011,8,B,Pequeño,PARTICULARES,121,1,1,114.0,5.0,2.0,17501.0,13617.0,1673.0,32.0,134.0,234.0,0,2.0
129,A0110901,A011,9,B,Pequeño,PARTICULARES,145,10,0,139.0,5.0,1.0,17514.0,13628.0,1666.0,30.0,103.0,309.0,1,0.0
130,A0111001,A011,10,B,Pequeño,PARTICULARES,121,1,0,116.0,5.0,0.0,17565.0,13668.0,1595.0,27.0,108.0,,0,1.0
131,A0111101,A011,11,B,Pequeño,PARTICULARES,105,4,0,98.0,7.0,0.0,17793.0,13849.0,1560.0,28.0,111.0,,0,2.0
132,A0111201,A011,12,B,Pequeño,PARTICULARES,88,1,0,83.0,5.0,0.0,17605.0,13700.0,1656.0,42.0,100.0,,0,3.0
133,A0120101,A012,1,B,Pequeño,PARTICULARES,71,1,0,59.0,11.0,1.0,17583.0,13683.0,1610.0,37.0,107.0,181.0,0,4.0
134,A0120201,A012,2,B,Pequeño,PARTICULARES,68,1,0,51.0,15.0,2.0,17508.0,13623.0,1689.0,34.0,119.0,229.0,0,5.0
135,A0120301,A012,3,B,Pequeño,PARTICULARES,91,1,0,76.0,14.0,1.0,17548.0,13654.0,1793.0,26.0,149.0,191.0,0,6.0
136,A0120401,A012,4,B,Pequeño,PARTICULARES,75,1,0,71.0,4.0,0.0,17550.0,13656.0,1675.0,27.0,132.0,,0,7.0
137,A0120501,A012,5,B,Pequeño,PARTICULARES,108,3,0,107.0,1.0,0.0,17563.0,13667.0,1772.0,29.0,119.0,,0,8.0
138,A0120601,A012,6,B,Pequeño,PARTICULARES,135,4,0,131.0,3.0,1.0,17502.0,13618.0,1691.0,27.0,108.0,213.0,0,9.0
139,A0120701,A012,7,B,Pequeño,PARTICULARES,72,1,0,66.0,6.0,0.0,17459.0,13584.0,1585.0,38.0,117.0,,0,10.0
140,A0120801,A012,8,B,Pequeño,PARTICULARES,82,0,0,73.0,9.0,0.0,17434.0,13564.0,1641.0,32.0,109.0,,0,11.0
141,A0120901,A012,9,B,Pequeño,PARTICULARES,94,1,0,77.0,15.0,2.0,17648.0,13734.0,1634.0,28.0,123.0,204.0,0,12.0
142,A0121001,A012,10,B,Pequeño,PARTICULARES,125,3,0,109.0,16.0,0.0,17494.0,13612.0,1506.0,30.0,140.0,,0,13.0
143,A0121101,A012,11,B,Pequeño,PARTICULARES,152,1,1,126.0,17.0,9.0,17339.0,13489.0,1935.0,43.0,125.0,189.0,0,14.0
144,A0121201,A012,12,B,Pequeño,PARTICULARES,91,16,0,62.0,25.0,4.0,17186.0,13366.0,1657.0,60.0,120.0,205.0,0,15.0
25,A0030101,A003,1,C,Compacto,ALQUILADORES,0,0,0,,,,,,,,,,0,
26,A0030201,A003,2,C,Compacto,ALQUILADORES,0,0,0,,,,,,,,,,0,
27,A0030301,A003,3,C,Compacto,ALQUILADORES,169,0,0,,,,21806.0,17041.0,4186.0,,,,0,
28,A0030401,A003,4,C,Compacto,ALQUILADORES,3,0,3,,,,21982.0,17181.0,687.0,,,,0,
29,A0030501,A003,5,C,Compacto,ALQUILADORES,31,0,1,,,,20717.0,16175.0,3821.0,,,,0,
30,A0030601,A003,6,C,Compacto,ALQUILADORES,0,0,0,,,,,,,,,,0,
31,A0030701,A003,7,C,Compacto,ALQUILADORES,0,0,0,,,,,,,,,,0,
32,A0030801,A003,8,C,Compacto,ALQUILADORES,0,0,0,,,,,,,,,,0,
33,A0030901,A003,9,C,Compacto,ALQUILADORES,0,0,0,,,,,,,,,,0,
34,A0031001,A003,10,C,Compacto,ALQUILADORES,0,0,0,,,,,,,,,,0,
35,A0031101,A003,11,C,Compacto,ALQUILADORES,0,0,0,,,,,,,,,,0,
36,A0031201,A003,12,C,Compacto,ALQUILADORES,0,0,0,,,,,,,,,,0,
37,A0040101,A004,1,C,Compacto,ALQUILADORES,0,0,0,,,,,,,,,,1,0.0
38,A0040201,A004,2,C,Compacto,ALQUILADORES,0,0,0,,,,,,,,,,0,1.0
39,A0040301,A004,3,C,Compacto,ALQUILADORES,102,0,0,,,,19858.0,15492.0,2810.0,,,,0,2.0
40,A0040401,A004,4,C,Compacto,ALQUILADORES,0,0,0,,,,,,,,,,0,3.0
41,A0040501,A004,5,C,Compacto,ALQUILADORES,5,0,0,,,,20160.0,15731.0,2982.0,,,,0,4.0
42,A0040601,A004,6,C,Compacto,ALQUILADORES,40,0,0,,,,19695.0,15362.0,3523.0,,,,0,5.0
43,A0040701,A004,7,C,Compacto,ALQUILADORES,0,0,0,,,,,,,,,,0,6.0
44,A0040801,A004,8,C,Compacto,ALQUILADORES,0,0,0,,,,,,,,,,0,7.0
45,A0040901,A004,9,C,Compacto,ALQUILADORES,0,0,0,,,,,,,,,,1,0.0
46,A0041001,A004,10,C,Compacto,ALQUILADORES,0,0,0,,,,,,,,,,0,1.0
47,A0041101,A004,11,C,Compacto,ALQUILADORES,0,0,0,,,,,,,,,,0,2.0
48,A0041201,A004,12,C,Compacto,ALQUILADORES,0,0,0,,,,,,,,,,0,3.0
49,A0050101,A005,1,C,Compacto,ALQUILADORES,0,0,0,,,,,,,,,,0,4.0
50,A0050201,A005,2,C,Compacto,ALQUILADORES,0,0,0,,,,,,,,,,0,5.0
51,A0050301,A005,3,C,Compacto,ALQUILADORES,75,0,0,,,,20103.0,15686.0,2529.0,,,,0,6.0
52,A0050401,A005,4,C,Compacto,ALQUILADORES,0,0,0,,,,,,,,,,0,7.0
53,A0050501,A005,5,C,Compacto,ALQUILADORES,0,0,0,,,,,,,,,,0,8.0
54,A0050601,A005,6,C,Compacto,ALQUILADORES,0,0,0,,,,,,,,,,0,9.0
55,A0050701,A005,7,C,Compacto,ALQUILADORES,0,0,0,,,,,,,,,,0,10.0
56,A0050801,A005,8,C,Compacto,ALQUILADORES,0,0,0,,,,,,,,,,0,11.0
57,A0050901,A005,9,C,Compacto,ALQUILADORES,0,0,0,,,,,,,,,,0,12.0
58,A0051001,A005,10,C,Compacto,ALQUILADORES,0,0,0,,,,,,,,,,0,13.0
59,A0051101,A005,11,C,Compacto,ALQUILADORES,0,0,0,,,,,,,,,,0,14.0
60,A0051201,A005,12,C,Compacto,ALQUILADORES,0,0,0,,,,,,,,,,0,15.0
61,A0060101,A006,1,C,Compacto,ALQUILADORES,0,0,0,,,,,,,,,,0,16.0
62,A0060201,A006,2,C,Compacto,ALQUILADORES,0,0,0,,,,,,,,,,0,17.0
63,A0060301,A006,3,C,Compacto,ALQUILADORES,46,0,0,,,,19300.0,15048.0,3984.0,,,,0,18.0
64,A0060401,A006,4,C,Compacto,ALQUILADORES,0,0,0,,,,,,,,,,0,19.0
65,A0060501,A006,5,C,Compacto,ALQUILADORES,0,0,0,,,,,,,,,,0,20.0
66,A0060601,A006,6,C,Compacto,ALQUILADORES,0,0,0,,,,,,,,,,0,21.0
67,A0060701,A006,7,C,Compacto,ALQUILADORES,0,0,0,,,,,,,,,,0,22.0
68,A0060801,A006,8,C,Compacto,ALQUILADORES,0,0,0,,,,,,,,,,0,23.0
69,A0060901,A006,9,C,Compacto,ALQUILADORES,0,0,0,,,,,,,,,,0,24.0
70,A0061001,A006,10,C,Compacto,ALQUILADORES,0,0,0,,,,,,,,,,1,0.0
71,A0061101,A006,11,C,Compacto,ALQUILADORES,0,0,0,,,,,,,,,,0,1.0
72,A0061201,A006,12,C,Compacto,ALQUILADORES,0,0,0,,,,,,,,,,0,2.0
73,A0070101,A007,1,C,Compacto,ALQUILADORES,0,0,0,,,,,,,,,,0,3.0
74,A0070201,A007,2,C,Compacto,ALQUILADORES,0,0,0,,,,,,,,,,0,4.0
75,A0070301,A007,3,C,Compacto,ALQUILADORES,0,0,0,,,,,,,,,,0,5.0
76,A0070401,A007,4,C,Compacto,ALQUILADORES,0,0,0,,,,,,,,,,0,6.0
77,A0070501,A007,5,C,Compacto,ALQUILADORES,0,0,0,,,,,,,,,,0,7.0
78,A0070601,A007,6,C,Compacto,ALQUILADORES,0,0,0,,,,,,,,,,0,8.0
79,A0070701,A007,7,C,Compacto,ALQUILADORES,0,0,0,,,,,,,,,,0,9.0
80,A0070801,A007,8,C,Compacto,ALQUILADORES,0,0,0,,,,,,,,,,0,10.0
81,A0070901,A007,9,C,Compacto,ALQUILADORES,0,0,0,,,,,,,,,,0,11.0
82,A0071001,A007,10,C,Compacto,ALQUILADORES,0,0,0,,,,,,,,,,0,12.0
83,A0071101,A007,11,C,Compacto,ALQUILADORES,12,0,0,,,,18447.0,14369.0,2911.0,,,,0,13.0
84,A0071201,A007,12,C,Compacto,ALQUILADORES,0,0,0,,,,,,,,,,0,14.0
85,A0080101,A008,1,C,Compacto,ALQUILADORES,0,0,0,,,,,,,,,,0,15.0
86,A0080201,A008,2,C,Compacto,ALQUILADORES,0,0,0,,,,,,,,,,0,16.0
87,A0080301,A008,3,C,Compacto,ALQUILADORES,11,0,0,,,,18447.0,14369.0,2921.0,,,,0,17.0
88,A0080401,A008,4,C,Compacto,ALQUILADORES,0,0,0,,,,,,,,,,0,18.0
89,A0080501,A008,5,C,Compacto,ALQUILADORES,0,0,0,,,,,,,,,,1,0.0
90,A0080601,A008,6,C,Compacto,ALQUILADORES,2,0,0,,,,18447.0,14369.0,2911.0,,,,1,0.0
91,A0080701,A008,7,C,Compacto,ALQUILADORES,14,0,0,,,,18447.0,14369.0,2948.0,,,,0,1.0
92,A0080801,A008,8,C,Compacto,ALQUILADORES,36,0,0,,,,18447.0,14369.0,2948.0,,,,0,2.0
93,A0080901,A008,9,C,Compacto,ALQUILADORES,0,0,0,,,,,,,,,,0,3.0
94,A0081001,A008,10,C,Compacto,ALQUILADORES,0,0,0,,,,,,,,,,0,4.0
95,A0081101,A008,11,C,Compacto,ALQUILADORES,0,0,0,,,,,,,,,,0,5.0
96,A0081201,A008,12,C,Compacto,ALQUILADORES,0,0,0,,,,,,,,,,0,6.0
97,A0090101,A009,1,C,Compacto,ALQUILADORES,0,0,0,,,,,,,,,,0,7.0
98,A0090201,A009,2,C,Compacto,ALQUILADORES,0,0,0,0.0,0.0,0.0,,,,,,,0,8.0
99,A0090301,A009,3,C,Compacto,ALQUILADORES,15,0,0,15.0,0.0,0.0,25796.0,20214.0,4121.0,20.0,,,0,9.0
100,A0090401,A009,4,C,Compacto,ALQUILADORES,0,0,0,0.0,0.0,0.0,,,,,,,0,10.0
101,A0090501,A009,5,C,Compacto,ALQUILADORES,20,0,0,20.0,0.0,0.0,21954.0,17159.0,3499.0,15.0,,,0,11.0
102,A0090601,A009,6,C,Compacto,ALQUILADORES,0,0,0,0.0,0.0,0.0,,,,,,,0,12.0
103,A0090701,A009,7,C,Compacto,ALQUILADORES,20,0,0,20.0,0.0,0.0,23929.0,18729.0,3290.0,15.0,,,0,13.0
104,A0090801,A009,8,C,Compacto,ALQUILADORES,0,0,0,0.0,0.0,0.0,,,,,,,0,14.0
105,A0090901,A009,9,C,Compacto,ALQUILADORES,0,0,0,0.0,0.0,0.0,,,,,,,1,0.0
106,A0091001,A009,10,C,Compacto,ALQUILADORES,0,0,0,0.0,0.0,0.0,,,,,,,0,1.0
107,A0091101,A009,11,C,Compacto,ALQUILADORES,0,0,0,0.0,0.0,0.0,,,,,,,0,2.0
108,A0091201,A009,12,C,Compacto,ALQUILADORES,30,0,0,30.0,0.0,0.0,23929.0,18729.0,3032.0,63.0,,,0,3.0
109,A0100101,A010,1,C,Compacto,ALQUILADORES,0,0,0,0.0,0.0,0.0,,,,,,,0,4.0
110,A0100201,A010,2,C,Compacto,ALQUILADORES,22,0,0,0.0,10.0,12.0,24781.0,19407.0,3294.0,,152.0,224.0,0,5.0
111,A0100301,A010,3,C,Compacto,ALQUILADORES,0,0,0,0.0,0.0,0.0,,,,,,,0,6.0
112,A0100401,A010,4,C,Compacto,ALQUILADORES,15,0,2,15.0,0.0,0.0,24249.0,18984.0,3216.0,40.0,,,0,7.0
113,A0100501,A010,5,C,Compacto,ALQUILADORES,9,0,9,9.0,0.0,0.0,22884.0,17898.0,3215.0,16.0,,,0,8.0
114,A0100601,A010,6,C,Compacto,ALQUILADORES,2,0,2,2.0,0.0,0.0,22474.0,17572.0,3421.0,15.0,,,0,9.0
115,A0100701,A010,7,C,Compacto,ALQUILADORES,0,0,0,0.0,0.0,0.0,,,,,,,0,10.0
116,A0100801,A010,8,C,Compacto,ALQUILADORES,5,0,5,5.0,0.0,0.0,22474.0,17572.0,3419.0,15.0,,,0,11.0
117,A0100901,A010,9,C,Compacto,ALQUILADORES,0,0,0,0.0,0.0,0.0,,,,,,,0,12.0
118,A0101001,A010,10,C,Compacto,ALQUILADORES,0,0,0,0.0,0.0,0.0,,,,,,,0,13.0
119,A0101101,A010,11,C,Compacto,ALQUILADORES,0,0,0,0.0,0.0,0.0,,,,,,,0,14.0
120,A0101201,A010,12,C,Compacto,ALQUILADORES,0,0,0,0.0,0.0,0.0,,,,,,,0,15.0
121,A0110101,A011,1,C,Compacto,ALQUILADORES,35,0,0,35.0,0.0,0.0,25093.0,19655.0,3823.0,19.0,,,0,16.0
122,A0110201,A011,2,C,Compacto,ALQUILADORES,51,0,1,51.0,0.0,0.0,26118.0,20470.0,3975.0,16.0,,,0,17.0
123,A0110301,A011,3,C,Compacto,ALQUILADORES,69,0,0,40.0,29.0,0.0,24622.0,19280.0,3727.0,19.0,114.0,,0,18.0
124,A0110401,A011,4,C,Compacto,ALQUILADORES,0,0,0,0.0,0.0,0.0,,,,,,,0,19.0
125,A0110501,A011,5,C,Compacto,ALQUILADORES,0,0,0,0.0,0.0,0.0,,,,,,,0,20.0
126,A0110601,A011,6,C,Compacto,ALQUILADORES,0,0,0,0.0,0.0,0.0,,,,,,,0,21.0
127,A0110701,A011,7,C,Compacto,ALQUILADORES,0,0,0,0.0,0.0,0.0,,,,,,,0,22.0
128,A0110801,A011,8,C,Compacto,ALQUILADORES,0,0,0,0.0,0.0,0.0,,,,,,,0,23.0
129,A0110901,A011,9,C,Compacto,ALQUILADORES,0,0,0,0.0,0.0,0.0,,,,,,,0,24.0
130,A0111001,A011,10,C,Compacto,ALQUILADORES,0,0,0,0.0,0.0,0.0,,,,,,,0,25.0
131,A0111101,A011,11,C,Compacto,ALQUILADORES,0,0,0,0.0,0.0,0.0,,,,,,,0,26.0
132,A0111201,A011,12,C,Compacto,ALQUILADORES,0,0,0,0.0,0.0,0.0,,,,,,,0,27.0
133,A0120101,A012,1,C,Compacto,ALQUILADORES,0,0,0,0.0,0.0,0.0,,,,,,,1,0.0
134,A0120201,A012,2,C,Compacto,ALQUILADORES,0,0,0,0.0,0.0,0.0,,,,,,,0,1.0
135,A0120301,A012,3,C,Compacto,ALQUILADORES,0,0,0,0.0,0.0,0.0,,,,,,,0,2.0
136,A0120401,A012,4,C,Compacto,ALQUILADORES,0,0,0,0.0,0.0,0.0,,,,,,,0,3.0
137,A0120501,A012,5,C,Compacto,ALQUILADORES,0,0,0,0.0,0.0,0.0,,,,,,,0,4.0
138,A0120601,A012,6,C,Compacto,ALQUILADORES,5,0,5,3.0,2.0,0.0,24675.0,20093.0,2447.0,43.0,102.0,,0,5.0
139,A0120701,A012,7,C,Compacto,ALQUILADORES,0,0,0,0.0,0.0,0.0,,,,,,,0,6.0
140,A0120801,A012,8,C,Compacto,ALQUILADORES,0,0,0,0.0,0.0,0.0,,,,,,,0,7.0
141,A0120901,A012,9,C,Compacto,ALQUILADORES,0,0,0,0.0,0.0,0.0,,,,,,,0,8.0
142,A0121001,A012,10,C,Compacto,ALQUILADORES,0,0,0,0.0,0.0,0.0,,,,,,,0,9.0
143,A0121101,A012,11,C,Compacto,ALQUILADORES,0,0,0,0.0,0.0,0.0,,,,,,,0,10.0
144,A0121201,A012,12,C,Compacto,ALQUILADORES,1,0,0,0.0,0.0,1.0,26465.0,20746.0,3594.0,,,244.0,0,11.0
25,A0030101,A003,1,C,Compacto,EMPRESAS_RENTING,25,22,3,,,,23207.0,18243.0,2095.0,,,,0,
26,A0030201,A003,2,C,Compacto,EMPRESAS_RENTING,31,25,6,,,,23265.0,18346.0,2152.0,,,,0,
27,A0030301,A003,3,C,Compacto,EMPRESAS_RENTING,75,68,6,,,,22202.0,17395.0,1999.0,,,,0,
28,A0030401,A003,4,C,Compacto,EMPRESAS_RENTING,30,25,5,,,,22455.0,17581.0,1854.0,,,,0,
29,A0030501,A003,5,C,Compacto,EMPRESAS_RENTING,29,26,3,,,,22959.0,17984.0,2067.0,,,,0,
30,A0030601,A003,6,C,Compacto,EMPRESAS_RENTING,39,34,5,,,,22441.0,17640.0,1762.0,,,,0,
31,A0030701,A003,7,C,Compacto,EMPRESAS_RENTING,16,13,3,,,,22566.0,17788.0,1690.0,,,,0,
32,A0030801,A003,8,C,Compacto,EMPRESAS_RENTING,10,9,1,,,,22388.0,17584.0,1748.0,,,,0,
33,A0030901,A003,9,C,Compacto,EMPRESAS_RENTING,23,21,2,,,,22465.0,17596.0,1782.0,,,,0,
34,A0031001,A003,10,C,Compacto,EMPRESAS_RENTING,3,2,1,,,,22521.0,17610.0,1741.0,,,,0,
35,A0031101,A003,11,C,Compacto,EMPRESAS_RENTING,3,2,1,,,,22095.0,17271.0,1654.0,,,,0,
36,A0031201,A003,12,C,Compacto,EMPRESAS_RENTING,9,8,1,,,,22031.0,17466.0,1732.0,,,,0,
37,A0040101,A004,1,C,Compacto,EMPRESAS_RENTING,16,8,8,,,,22069.0,17342.0,1558.0,,,,1,0.0
38,A0040201,A004,2,C,Compacto,EMPRESAS_RENTING,25,22,3,,,,22405.0,17517.0,1855.0,,,,0,1.0
39,A0040301,A004,3,C,Compacto,EMPRESAS_RENTING,10,10,0,,,,22429.0,17610.0,1944.0,,,,0,2.0
40,A0040401,A004,4,C,Compacto,EMPRESAS_RENTING,5,4,1,,,,22559.0,17639.0,1739.0,,,,0,3.0
41,A0040501,A004,5,C,Compacto,EMPRESAS_RENTING,16,16,0,,,,21601.0,17019.0,1943.0,,,,0,4.0
42,A0040601,A004,6,C,Compacto,EMPRESAS_RENTING,22,17,5,,,,21879.0,17200.0,1861.0,,,,0,5.0
43,A0040701,A004,7,C,Compacto,EMPRESAS_RENTING,19,18,1,,,,22592.0,17908.0,2038.0,,,,0,6.0
44,A0040801,A004,8,C,Compacto,EMPRESAS_RENTING,10,9,1,,,,21428.0,16814.0,2058.0,,,,0,7.0
45,A0040901,A004,9,C,Compacto,EMPRESAS_RENTING,31,30,1,,,,21533.0,16824.0,2105.0,,,,1,0.0
46,A0041001,A004,10,C,Compacto,EMPRESAS_RENTING,33,33,0,,,,22182.0,17386.0,2143.0,,,,0,1.0
47,A0041101,A004,11,C,Compacto,EMPRESAS_RENTING,16,14,2,,,,21847.0,17169.0,2040.0,,,,0,2.0
48,A0041201,A004,12,C,Compacto,EMPRESAS_RENTING,18,18,0,,,,21480.0,16822.0,2457.0,,,,0,3.0
49,A0050101,A005,1,C,Compacto,EMPRESAS_RENTING,10,8,2,,,,21334.0,16665.0,2472.0,,,,0,4.0
50,A0050201,A005,2,C,Compacto,EMPRESAS_RENTING,9,8,1,,,,21600.0,16877.0,2201.0,,,,0,5.0
51,A0050301,A005,3,C,Compacto,EMPRESAS_RENTING,26,23,3,,,,21703.0,16959.0,2529.0,,,,0,6.0
52,A0050401,A005,4,C,Compacto,EMPRESAS_RENTING,9,9,0,,,,21687.0,16946.0,2592.0,,,,0,7.0
53,A0050501,A005,5,C,Compacto,EMPRESAS_RENTING,35,5,0,,,,21715.0,16968.0,4886.0,,,,0,8.0
54,A0050601,A005,6,C,Compacto,EMPRESAS_RENTING,14,8,1,,,,21262.0,16608.0,3710.0,,,,0,9.0
55,A0050701,A005,7,C,Compacto,EMPRESAS_RENTING,9,9,0,,,,20937.0,16350.0,3031.0,,,,0,10.0
56,A0050801,A005,8,C,Compacto,EMPRESAS_RENTING,7,5,2,,,,21198.0,16557.0,2820.0,,,,0,11.0
57,A0050901,A005,9,C,Compacto,EMPRESAS_RENTING,10,8,2,,,,21751.0,16997.0,2635.0,,,,0,12.0
58,A0051001,A005,10,C,Compacto,EMPRESAS_RENTING,8,8,0,,,,22937.0,17940.0,3121.0,,,,0,13.0
59,A0051101,A005,11,C,Compacto,EMPRESAS_RENTING,11,10,1,,,,22508.0,17599.0,3165.0,,,,0,14.0
60,A0051201,A005,12,C,Compacto,EMPRESAS_RENTING,38,37,1,,,,22685.0,17739.0,5750.0,,,,0,15.0
61,A0060101,A006,1,C,Compacto,EMPRESAS_RENTING,7,2,5,,,,22399.0,17512.0,2477.0,,,,0,16.0
62,A0060201,A006,2,C,Compacto,EMPRESAS_RENTING,8,8,0,,,,22088.0,17265.0,2927.0,,,,0,17.0
63,A0060301,A006,3,C,Compacto,EMPRESAS_RENTING,4,4,0,,,,21531.0,16822.0,2394.0,,,,0,18.0
64,A0060401,A006,4,C,Compacto,EMPRESAS_RENTING,2,2,0,,,,22292.0,17427.0,3277.0,,,,0,19.0
65,A0060501,A006,5,C,Compacto,EMPRESAS_RENTING,3,1,2,,,,21676.0,16937.0,2337.0,,,,0,20.0
66,A0060601,A006,6,C,Compacto,EMPRESAS_RENTING,6,6,0,,,,22576.0,17653.0,3671.0,,,,0,21.0
67,A0060701,A006,7,C,Compacto,EMPRESAS_RENTING,3,2,1,,,,23927.0,18727.0,2962.0,,,,0,22.0
68,A0060801,A006,8,C,Compacto,EMPRESAS_RENTING,1,1,0,,,,20410.0,15931.0,3501.0,,,,0,23.0
69,A0060901,A006,9,C,Compacto,EMPRESAS_RENTING,0,0,0,,,,,,,,,,0,24.0
70,A0061001,A006,10,C,Compacto,EMPRESAS_RENTING,104,104,0,,,,24772.0,19399.0,2724.0,,,,1,0.0
71,A0061101,A006,11,C,Compacto,EMPRESAS_RENTING,22,17,5,,,,25528.0,20001.0,2581.0,,,,0,1.0
72,A0061201,A006,12,C,Compacto,EMPRESAS_RENTING,6,2,4,,,,24941.0,19534.0,1900.0,,,,0,2.0
73,A0070101,A007,1,C,Compacto,EMPRESAS_RENTING,10,7,3,,,,25160.0,19708.0,2155.0,,,,0,3.0
74,A0070201,A007,2,C,Compacto,EMPRESAS_RENTING,10,5,5,,,,25364.0,19870.0,2035.0,,,,0,4.0
75,A0070301,A007,3,C,Compacto,EMPRESAS_RENTING,10,3,7,,,,25886.0,20285.0,2223.0,,,,0,5.0
76,A0070401,A007,4,C,Compacto,EMPRESAS_RENTING,26,20,6,,,,25851.0,20258.0,2273.0,,,,0,6.0
77,A0070501,A007,5,C,Compacto,EMPRESAS_RENTING,34,24,10,,,,26272.0,20592.0,2423.0,,,,0,7.0
78,A0070601,A007,6,C,Compacto,EMPRESAS_RENTING,22,15,7,,,,25280.0,19804.0,2235.0,,,,0,8.0
79,A0070701,A007,7,C,Compacto,EMPRESAS_RENTING,20,12,8,,,,26140.0,20487.0,2275.0,,,,0,9.0
80,A0070801,A007,8,C,Compacto,EMPRESAS_RENTING,28,18,10,,,,25741.0,20170.0,2167.0,,,,0,10.0
81,A0070901,A007,9,C,Compacto,EMPRESAS_RENTING,29,15,14,,,,26073.0,20434.0,2113.0,,,,0,11.0
82,A0071001,A007,10,C,Compacto,EMPRESAS_RENTING,20,9,11,,,,26015.0,20388.0,2180.0,,,,0,12.0
83,A0071101,A007,11,C,Compacto,EMPRESAS_RENTING,29,15,14,,,,25534.0,20006.0,2130.0,,,,0,13.0
84,A0071201,A007,12,C,Compacto,EMPRESAS_RENTING,32,18,14,,,,25968.0,20350.0,2132.0,,,,0,14.0
85,A0080101,A008,1,C,Compacto,EMPRESAS_RENTING,27,14,13,,,,25940.0,20329.0,2161.0,,,,0,15.0
86,A0080201,A008,2,C,Compacto,EMPRESAS_RENTING,111,90,21,,,,24290.0,19016.0,3429.0,,,,0,16.0
87,A0080301,A008,3,C,Compacto,EMPRESAS_RENTING,68,54,14,,,,25161.0,19709.0,3331.0,,,,0,17.0
88,A0080401,A008,4,C,Compacto,EMPRESAS_RENTING,22,13,7,,,,26038.0,20406.0,2350.0,,,,0,18.0
89,A0080501,A008,5,C,Compacto,EMPRESAS_RENTING,36,22,13,,,,26687.0,20922.0,2502.0,,,,1,0.0
90,A0080601,A008,6,C,Compacto,EMPRESAS_RENTING,47,27,16,,,,25587.0,20047.0,2512.0,,,,1,0.0
91,A0080701,A008,7,C,Compacto,EMPRESAS_RENTING,33,9,15,,,,26547.0,20811.0,2479.0,,,,0,1.0
92,A0080801,A008,8,C,Compacto,EMPRESAS_RENTING,26,11,9,,,,25345.0,19855.0,2511.0,,,,0,2.0
93,A0080901,A008,9,C,Compacto,EMPRESAS_RENTING,42,30,8,,,,25913.0,20306.0,2485.0,,,,0,3.0
94,A0081001,A008,10,C,Compacto,EMPRESAS_RENTING,38,21,13,,,,25774.0,20196.0,2433.0,,,,0,4.0
95,A0081101,A008,11,C,Compacto,EMPRESAS_RENTING,32,13,18,,,,25763.0,20188.0,2060.0,,,,0,5.0
96,A0081201,A008,12,C,Compacto,EMPRESAS_RENTING,158,140,13,,,,24157.0,18910.0,3837.0,,,,0,6.0
97,A0090101,A009,1,C,Compacto,EMPRESAS_RENTING,23,14,9,,,,26239.0,20566.0,2536.0,,,,0,7.0
98,A0090201,A009,2,C,Compacto,EMPRESAS_RENTING,33,22,11,15.0,8.0,10.0,25667.0,20111.0,2531.0,31.0,136.0,232.0,0,8.0
99,A0090301,A009,3,C,Compacto,EMPRESAS_RENTING,101,89,12,49.0,17.0,35.0,24889.0,19493.0,4148.0,30.0,142.0,264.0,0,9.0
100,A0090401,A009,4,C,Compacto,EMPRESAS_RENTING,43,29,14,41.0,1.0,1.0,26073.0,20434.0,2098.0,19.0,130.0,261.0,0,10.0
101,A0090501,A009,5,C,Compacto,EMPRESAS_RENTING,57,34,23,55.0,2.0,0.0,26390.0,20686.0,2096.0,27.0,108.0,,0,11.0
102,A0090601,A009,6,C,Compacto,EMPRESAS_RENTING,42,19,22,36.0,3.0,3.0,25555.0,20022.0,2225.0,40.0,135.0,318.0,0,12.0
103,A0090701,A009,7,C,Compacto,EMPRESAS_RENTING,34,14,20,22.0,8.0,4.0,25343.0,19853.0,2152.0,27.0,113.0,270.0,0,13.0
104,A0090801,A009,8,C,Compacto,EMPRESAS_RENTING,32,20,12,15.0,11.0,6.0,26372.0,20671.0,2410.0,32.0,139.0,255.0,0,14.0
105,A0090901,A009,9,C,Compacto,EMPRESAS_RENTING,123,117,6,71.0,49.0,3.0,25283.0,19805.0,3608.0,48.0,130.0,269.0,1,0.0
106,A0091001,A009,10,C,Compacto,EMPRESAS_RENTING,37,28,9,29.0,5.0,3.0,26747.0,20970.0,2494.0,29.0,144.0,251.0,0,1.0
107,A0091101,A009,11,C,Compacto,EMPRESAS_RENTING,28,17,11,22.0,3.0,3.0,26502.0,20775.0,2346.0,31.0,149.0,288.0,0,2.0
108,A0091201,A009,12,C,Compacto,EMPRESAS_RENTING,121,109,12,40.0,55.0,26.0,26104.0,20459.0,3412.0,41.0,141.0,232.0,0,3.0
109,A0100101,A010,1,C,Compacto,EMPRESAS_RENTING,46,21,24,39.0,3.0,4.0,24956.0,19546.0,1944.0,27.0,148.0,300.0,0,4.0
110,A0100201,A010,2,C,Compacto,EMPRESAS_RENTING,58,45,12,44.0,11.0,3.0,25458.0,19945.0,2301.0,38.0,136.0,240.0,0,5.0
111,A0100301,A010,3,C,Compacto,EMPRESAS_RENTING,38,16,22,29.0,4.0,5.0,25421.0,19916.0,2076.0,25.0,106.0,309.0,0,6.0
112,A0100401,A010,4,C,Compacto,EMPRESAS_RENTING,40,23,17,25.0,5.0,10.0,25751.0,20178.0,2355.0,30.0,137.0,293.0,0,7.0
113,A0100501,A010,5,C,Compacto,EMPRESAS_RENTING,55,20,35,40.0,6.0,9.0,25091.0,19653.0,2349.0,28.0,129.0,249.0,0,8.0
114,A0100601,A010,6,C,Compacto,EMPRESAS_RENTING,170,146,24,70.0,40.0,60.0,25655.0,20102.0,3665.0,34.0,134.0,290.0,0,9.0
115,A0100701,A010,7,C,Compacto,EMPRESAS_RENTING,22,8,14,14.0,7.0,1.0,25442.0,19932.0,2350.0,39.0,121.0,280.0,0,10.0
116,A0100801,A010,8,C,Compacto,EMPRESAS_RENTING,24,10,14,15.0,7.0,2.0,26021.0,20393.0,2306.0,28.0,132.0,266.0,0,11.0
117,A0100901,A010,9,C,Compacto,EMPRESAS_RENTING,77,39,38,47.0,5.0,25.0,25669.0,20113.0,2874.0,38.0,120.0,324.0,0,12.0
118,A0101001,A010,10,C,Compacto,EMPRESAS_RENTING,38,24,14,24.0,9.0,5.0,24710.0,19350.0,2390.0,29.0,140.0,209.0,0,13.0
119,A0101101,A010,11,C,Compacto,EMPRESAS_RENTING,36,17,19,18.0,6.0,12.0,25314.0,19830.0,2307.0,23.0,159.0,272.0,0,14.0
120,A0101201,A010,12,C,Compacto,EMPRESAS_RENTING,31,18,13,22.0,0.0,9.0,25547.0,20016.0,2782.0,26.0,,321.0,0,15.0
121,A0110101,A011,1,C,Compacto,EMPRESAS_RENTING,24,15,9,15.0,6.0,3.0,25645.0,20093.0,2535.0,31.0,124.0,237.0,0,16.0
122,A0110201,A011,2,C,Compacto,EMPRESAS_RENTING,41,20,11,32.0,4.0,5.0,24771.0,19398.0,2877.0,33.0,146.0,304.0,0,17.0
123,A0110301,A011,3,C,Compacto,EMPRESAS_RENTING,39,5,16,36.0,1.0,2.0,24279.0,19008.0,3419.0,24.0,128.0,287.0,0,18.0
124,A0110401,A011,4,C,Compacto,EMPRESAS_RENTING,73,18,20,63.0,1.0,9.0,23898.0,18704.0,3456.0,22.0,94.0,315.0,0,19.0
125,A0110501,A011,5,C,Compacto,EMPRESAS_RENTING,53,30,17,35.0,10.0,8.0,25407.0,19904.0,2815.0,32.0,125.0,296.0,0,20.0
126,A0110601,A011,6,C,Compacto,EMPRESAS_RENTING,95,74,16,59.0,17.0,19.0,25799.0,20216.0,3355.0,41.0,140.0,306.0,0,21.0
127,A0110701,A011,7,C,Compacto,EMPRESAS_RENTING,48,29,19,37.0,7.0,4.0,24890.0,19493.0,2487.0,34.0,120.0,241.0,0,22.0
128,A0110801,A011,8,C,Compacto,EMPRESAS_RENTING,31,11,20,25.0,3.0,3.0,24977.0,19563.0,3320.0,38.0,99.0,254.0,0,23.0
129,A0110901,A011,9,C,Compacto,EMPRESAS_RENTING,27,7,20,20.0,5.0,2.0,25220.0,19756.0,3131.0,45.0,130.0,372.0,0,24.0
130,A0111001,A011,10,C,Compacto,EMPRESAS_RENTING,22,2,20,13.0,7.0,2.0,25736.0,20166.0,3652.0,40.0,117.0,274.0,0,25.0
131,A0111101,A011,11,C,Compacto,EMPRESAS_RENTING,24,2,19,17.0,3.0,4.0,25146.0,19697.0,3737.0,55.0,115.0,264.0,0,26.0
132,A0111201,A011,12,C,Compacto,EMPRESAS_RENTING,15,0,15,3.0,6.0,6.0,26339.0,20645.0,4056.0,75.0,148.0,238.0,0,27.0
133,A0120101,A012,1,C,Compacto,EMPRESAS_RENTING,60,49,11,2.0,40.0,18.0,26120.0,20471.0,4115.0,72.0,135.0,240.0,1,0.0
134,A0120201,A012,2,C,Compacto,EMPRESAS_RENTING,81,74,7,74.0,5.0,2.0,27011.0,21864.0,2557.0,17.0,148.0,246.0,0,1.0
135,A0120301,A012,3,C,Compacto,EMPRESAS_RENTING,31,15,16,30.0,0.0,1.0,26850.0,21576.0,2095.0,24.0,,183.0,0,2.0
136,A0120401,A012,4,C,Compacto,EMPRESAS_RENTING,25,16,9,23.0,1.0,1.0,27089.0,21728.0,2166.0,46.0,98.0,238.0,0,3.0
137,A0120501,A012,5,C,Compacto,EMPRESAS_RENTING,25,4,21,21.0,2.0,2.0,26745.0,21357.0,2170.0,42.0,96.0,294.0,0,4.0
138,A0120601,A012,6,C,Compacto,EMPRESAS_RENTING,81,60,20,46.0,35.0,0.0,26368.0,21368.0,2140.0,37.0,121.0,,0,5.0
139,A0120701,A012,7,C,Compacto,EMPRESAS_RENTING,40,23,17,26.0,13.0,1.0,26282.0,21139.0,1999.0,43.0,135.0,190.0,0,6.0
140,A0120801,A012,8,C,Compacto,EMPRESAS_RENTING,28,17,11,15.0,8.0,5.0,26779.0,21636.0,2104.0,36.0,129.0,199.0,0,7.0
141,A0120901,A012,9,C,Compacto,EMPRESAS_RENTING,109,87,22,97.0,5.0,7.0,30775.0,25073.0,2519.0,19.0,121.0,207.0,0,8.0
142,A0121001,A012,10,C,Compacto,EMPRESAS_RENTING,84,35,21,52.0,19.0,13.0,26725.0,21648.0,2535.0,22.0,139.0,217.0,0,9.0
143,A0121101,A012,11,C,Compacto,EMPRESAS_RENTING,40,16,24,21.0,11.0,8.0,28175.0,22854.0,2228.0,32.0,146.0,236.0,0,10.0
144,A0121201,A012,12,C,Compacto,EMPRESAS_RENTING,47,16,29,24.0,9.0,14.0,27499.0,22293.0,2143.0,33.0,139.0,244.0,0,11.0
25,A0030101,A003,1,C,Compacto,PARTICULARES,200,2,7,,,,22756.0,17885.0,1427.0,,,,0,
26,A0030201,A003,2,C,Compacto,PARTICULARES,318,8,14,,,,22666.0,17788.0,1569.0,,,,0,
27,A0030301,A003,3,C,Compacto,PARTICULARES,280,7,25,,,,22164.0,17376.0,1334.0,,,,0,
28,A0030401,A003,4,C,Compacto,PARTICULARES,284,7,5,,,,22304.0,17535.0,1251.0,,,,0,
29,A0030501,A003,5,C,Compacto,PARTICULARES,264,5,9,,,,22346.0,17561.0,1213.0,,,,0,
30,A0030601,A003,6,C,Compacto,PARTICULARES,273,19,99,,,,22158.0,17414.0,1559.0,,,,0,
31,A0030701,A003,7,C,Compacto,PARTICULARES,103,6,43,,,,22039.0,17271.0,1451.0,,,,0,
32,A0030801,A003,8,C,Compacto,PARTICULARES,95,5,25,,,,22200.0,17427.0,1643.0,,,,0,
33,A0030901,A003,9,C,Compacto,PARTICULARES,135,10,13,,,,22048.0,17289.0,1798.0,,,,0,
34,A0031001,A003,10,C,Compacto,PARTICULARES,156,26,50,,,,22450.0,17587.0,1919.0,,,,0,
35,A0031101,A003,11,C,Compacto,PARTICULARES,168,20,66,,,,22040.0,17281.0,1902.0,,,,0,
36,A0031201,A003,12,C,Compacto,PARTICULARES,174,34,91,,,,22569.0,17696.0,1813.0,,,,0,
37,A0040101,A004,1,C,Compacto,PARTICULARES,124,12,31,,,,21965.0,17193.0,1705.0,,,,1,0.0
38,A0040201,A004,2,C,Compacto,PARTICULARES,105,16,33,,,,22019.0,17269.0,1847.0,,,,0,1.0
39,A0040301,A004,3,C,Compacto,PARTICULARES,153,34,49,,,,21772.0,17074.0,2209.0,,,,0,2.0
40,A0040401,A004,4,C,Compacto,PARTICULARES,101,12,40,,,,21338.0,16693.0,2250.0,,,,0,3.0
41,A0040501,A004,5,C,Compacto,PARTICULARES,108,12,51,,,,21812.0,17073.0,2172.0,,,,0,4.0
42,A0040601,A004,6,C,Compacto,PARTICULARES,134,31,45,,,,21881.0,17152.0,2030.0,,,,0,5.0
43,A0040701,A004,7,C,Compacto,PARTICULARES,125,26,33,,,,21644.0,16943.0,2270.0,,,,0,6.0
44,A0040801,A004,8,C,Compacto,PARTICULARES,55,8,17,,,,22298.0,17487.0,2276.0,,,,0,7.0
45,A0040901,A004,9,C,Compacto,PARTICULARES,109,10,15,,,,21083.0,16515.0,2436.0,,,,1,0.0
46,A0041001,A004,10,C,Compacto,PARTICULARES,108,11,86,,,,21367.0,16769.0,2332.0,,,,0,1.0
47,A0041101,A004,11,C,Compacto,PARTICULARES,89,4,57,,,,20980.0,16444.0,2311.0,,,,0,2.0
48,A0041201,A004,12,C,Compacto,PARTICULARES,126,6,53,,,,21612.0,16952.0,2336.0,,,,0,3.0
49,A0050101,A005,1,C,Compacto,PARTICULARES,80,10,15,,,,21761.0,17062.0,1929.0,,,,0,4.0
50,A0050201,A005,2,C,Compacto,PARTICULARES,86,3,7,,,,21179.0,16569.0,2018.0,,,,0,5.0
51,A0050301,A005,3,C,Compacto,PARTICULARES,117,20,14,,,,21946.0,17184.0,1883.0,,,,0,6.0
52,A0050401,A005,4,C,Compacto,PARTICULARES,48,3,2,,,,21450.0,16790.0,2553.0,,,,0,7.0
53,A0050501,A005,5,C,Compacto,PARTICULARES,49,4,2,,,,21702.0,16958.0,2293.0,,,,0,8.0
54,A0050601,A005,6,C,Compacto,PARTICULARES,106,15,5,,,,21617.0,16897.0,2686.0,,,,0,9.0
55,A0050701,A005,7,C,Compacto,PARTICULARES,82,4,1,,,,21337.0,16677.0,2758.0,,,,0,10.0
56,A0050801,A005,8,C,Compacto,PARTICULARES,102,1,1,,,,20591.0,16074.0,3150.0,,,,0,11.0
57,A0050901,A005,9,C,Compacto,PARTICULARES,75,23,1,,,,21970.0,17171.0,2388.0,,,,0,12.0
58,A0051001,A005,10,C,Compacto,PARTICULARES,67,5,0,,,,21460.0,16765.0,2849.0,,,,0,13.0
59,A0051101,A005,11,C,Compacto,PARTICULARES,67,3,0,,,,21302.0,16640.0,2973.0,,,,0,14.0
60,A0051201,A005,12,C,Compacto,PARTICULARES,67,1,1,,,,21675.0,16937.0,2962.0,,,,0,15.0
61,A0060101,A006,1,C,Compacto,PARTICULARES,59,13,0,,,,21807.0,17054.0,2395.0,,,,0,16.0
62,A0060201,A006,2,C,Compacto,PARTICULARES,52,9,4,,,,21856.0,17080.0,3255.0,,,,0,17.0
63,A0060301,A006,3,C,Compacto,PARTICULARES,74,10,55,,,,21897.0,17123.0,3628.0,,,,0,18.0
64,A0060401,A006,4,C,Compacto,PARTICULARES,30,4,26,,,,21257.0,16605.0,2947.0,,,,0,19.0
65,A0060501,A006,5,C,Compacto,PARTICULARES,73,9,62,,,,21952.0,17157.0,2990.0,,,,0,20.0
66,A0060601,A006,6,C,Compacto,PARTICULARES,54,2,49,,,,21417.0,16731.0,3550.0,,,,0,21.0
67,A0060701,A006,7,C,Compacto,PARTICULARES,102,1,97,,,,21623.0,16895.0,3601.0,,,,0,22.0
68,A0060801,A006,8,C,Compacto,PARTICULARES,71,0,71,,,,22002.0,17197.0,3668.0,,,,0,23.0
69,A0060901,A006,9,C,Compacto,PARTICULARES,83,4,76,,,,21631.0,16902.0,3649.0,,,,0,24.0
70,A0061001,A006,10,C,Compacto,PARTICULARES,94,39,25,,,,23574.0,18447.0,1658.0,,,,1,0.0
71,A0061101,A006,11,C,Compacto,PARTICULARES,157,19,4,,,,24104.0,18869.0,1734.0,,,,0,1.0
72,A0061201,A006,12,C,Compacto,PARTICULARES,138,8,0,,,,24054.0,18829.0,1767.0,,,,0,2.0
73,A0070101,A007,1,C,Compacto,PARTICULARES,84,1,0,,,,23457.0,18353.0,1788.0,,,,0,3.0
74,A0070201,A007,2,C,Compacto,PARTICULARES,158,2,3,,,,24126.0,18885.0,1909.0,,,,0,4.0
75,A0070301,A007,3,C,Compacto,PARTICULARES,162,4,0,,,,24661.0,19311.0,2132.0,,,,0,5.0
76,A0070401,A007,4,C,Compacto,PARTICULARES,138,1,0,,,,25441.0,19931.0,1907.0,,,,0,6.0
77,A0070501,A007,5,C,Compacto,PARTICULARES,173,2,0,,,,25212.0,19749.0,1802.0,,,,0,7.0
78,A0070601,A007,6,C,Compacto,PARTICULARES,215,3,1,,,,25022.0,19598.0,1775.0,,,,0,8.0
79,A0070701,A007,7,C,Compacto,PARTICULARES,218,6,2,,,,25316.0,19832.0,1743.0,,,,0,9.0
80,A0070801,A007,8,C,Compacto,PARTICULARES,238,14,2,,,,25198.0,19738.0,1661.0,,,,0,10.0
81,A0070901,A007,9,C,Compacto,PARTICULARES,198,6,2,,,,24929.0,19524.0,1730.0,,,,0,11.0
82,A0071001,A007,10,C,Compacto,PARTICULARES,243,1,1,,,,24601.0,19264.0,1818.0,,,,0,12.0
83,A0071101,A007,11,C,Compacto,PARTICULARES,195,2,1,,,,24892.0,19495.0,1816.0,,,,0,13.0
84,A0071201,A007,12,C,Compacto,PARTICULARES,227,3,3,,,,24861.0,19471.0,1751.0,,,,0,14.0
85,A0080101,A008,1,C,Compacto,PARTICULARES,273,3,0,,,,25029.0,19604.0,1776.0,,,,0,15.0
86,A0080201,A008,2,C,Compacto,PARTICULARES,261,2,1,,,,24816.0,19435.0,1919.0,,,,0,16.0
87,A0080301,A008,3,C,Compacto,PARTICULARES,217,2,1,,,,24740.0,19374.0,1920.0,,,,0,17.0
88,A0080401,A008,4,C,Compacto,PARTICULARES,160,12,1,,,,24955.0,19545.0,1587.0,,,,0,18.0
89,A0080501,A008,5,C,Compacto,PARTICULARES,146,1,1,,,,25477.0,19960.0,1794.0,,,,1,0.0
90,A0080601,A008,6,C,Compacto,PARTICULARES,224,3,3,,,,25065.0,19632.0,1688.0,,,,1,0.0
91,A0080701,A008,7,C,Compacto,PARTICULARES,231,4,3,,,,25154.0,19703.0,1770.0,,,,0,1.0
92,A0080801,A008,8,C,Compacto,PARTICULARES,218,0,2,,,,24453.0,19146.0,1701.0,,,,0,2.0
93,A0080901,A008,9,C,Compacto,PARTICULARES,208,3,1,,,,24946.0,19538.0,1739.0,,,,0,3.0
94,A0081001,A008,10,C,Compacto,PARTICULARES,217,3,2,,,,24508.0,19189.0,1673.0,,,,0,4.0
95,A0081101,A008,11,C,Compacto,PARTICULARES,158,1,0,,,,25215.0,19752.0,1693.0,,,,0,5.0
96,A0081201,A008,12,C,Compacto,PARTICULARES,243,9,0,,,,24934.0,19528.0,1641.0,,,,0,6.0
97,A0090101,A009,1,C,Compacto,PARTICULARES,223,1,1,,,,24705.0,19346.0,2111.0,,,,0,7.0
98,A0090201,A009,2,C,Compacto,PARTICULARES,249,3,0,207.0,30.0,12.0,24816.0,19434.0,2063.0,24.0,133.0,228.0,0,8.0
99,A0090301,A009,3,C,Compacto,PARTICULARES,268,5,1,223.0,18.0,27.0,24668.0,19317.0,1984.0,24.0,136.0,237.0,0,9.0
100,A0090401,A009,4,C,Compacto,PARTICULARES,213,8,2,182.0,20.0,11.0,24827.0,19443.0,2109.0,24.0,121.0,233.0,0,10.0
101,A0090501,A009,5,C,Compacto,PARTICULARES,253,3,0,214.0,26.0,13.0,24683.0,19329.0,2222.0,34.0,124.0,262.0,0,11.0
102,A0090601,A009,6,C,Compacto,PARTICULARES,270,3,1,226.0,36.0,8.0,24606.0,19267.0,2184.0,32.0,121.0,225.0,0,12.0
103,A0090701,A009,7,C,Compacto,PARTICULARES,286,1,1,224.0,54.0,8.0,24811.0,19430.0,2125.0,24.0,118.0,209.0,0,13.0
104,A0090801,A009,8,C,Compacto,PARTICULARES,183,5,1,142.0,35.0,6.0,24894.0,19496.0,2012.0,28.0,131.0,276.0,0,14.0
105,A0090901,A009,9,C,Compacto,PARTICULARES,168,4,0,130.0,28.0,10.0,24664.0,19314.0,2087.0,30.0,140.0,230.0,1,0.0
106,A0091001,A009,10,C,Compacto,PARTICULARES,200,5,1,159.0,28.0,13.0,24839.0,19453.0,2082.0,26.0,125.0,205.0,0,1.0
107,A0091101,A009,11,C,Compacto,PARTICULARES,195,2,0,141.0,31.0,23.0,24463.0,19154.0,2114.0,27.0,130.0,260.0,0,2.0
108,A0091201,A009,12,C,Compacto,PARTICULARES,183,4,2,114.0,39.0,30.0,24939.0,19532.0,2099.0,33.0,145.0,244.0,0,3.0
109,A0100101,A010,1,C,Compacto,PARTICULARES,302,6,4,270.0,17.0,15.0,24632.0,19288.0,1774.0,24.0,152.0,232.0,0,4.0
110,A0100201,A010,2,C,Compacto,PARTICULARES,185,1,0,149.0,16.0,20.0,24438.0,19134.0,2106.0,35.0,133.0,252.0,0,5.0
111,A0100301,A010,3,C,Compacto,PARTICULARES,256,5,3,215.0,18.0,23.0,25148.0,19698.0,1955.0,25.0,135.0,282.0,0,6.0
112,A0100401,A010,4,C,Compacto,PARTICULARES,302,4,1,260.0,21.0,21.0,24890.0,19493.0,2062.0,23.0,115.0,277.0,0,7.0
113,A0100501,A010,5,C,Compacto,PARTICULARES,310,9,2,254.0,26.0,30.0,24805.0,19426.0,2116.0,28.0,125.0,299.0,0,8.0
114,A0100601,A010,6,C,Compacto,PARTICULARES,302,14,3,254.0,23.0,25.0,24546.0,19219.0,2039.0,30.0,126.0,311.0,0,9.0
115,A0100701,A010,7,C,Compacto,PARTICULARES,221,0,1,164.0,38.0,19.0,24786.0,19410.0,2045.0,35.0,115.0,254.0,0,10.0
116,A0100801,A010,8,C,Compacto,PARTICULARES,219,4,0,178.0,32.0,9.0,24636.0,19291.0,2053.0,31.0,126.0,294.0,0,11.0
117,A0100901,A010,9,C,Compacto,PARTICULARES,200,4,2,159.0,32.0,9.0,24792.0,19416.0,2045.0,27.0,130.0,314.0,0,12.0
118,A0101001,A010,10,C,Compacto,PARTICULARES,241,1,1,197.0,31.0,13.0,24580.0,19247.0,2550.0,24.0,125.0,231.0,0,13.0
119,A0101101,A010,11,C,Compacto,PARTICULARES,278,7,3,239.0,24.0,15.0,24660.0,19310.0,2565.0,25.0,127.0,273.0,0,14.0
120,A0101201,A010,12,C,Compacto,PARTICULARES,288,2,1,232.0,30.0,26.0,24815.0,19433.0,2632.0,32.0,134.0,268.0,0,15.0
121,A0110101,A011,1,C,Compacto,PARTICULARES,223,0,1,182.0,19.0,22.0,25274.0,19799.0,2723.0,28.0,118.0,269.0,0,16.0
122,A0110201,A011,2,C,Compacto,PARTICULARES,257,0,2,216.0,21.0,20.0,25105.0,19664.0,2886.0,26.0,119.0,289.0,0,17.0
123,A0110301,A011,3,C,Compacto,PARTICULARES,269,8,4,223.0,27.0,19.0,25170.0,19716.0,2828.0,25.0,125.0,252.0,0,18.0
124,A0110401,A011,4,C,Compacto,PARTICULARES,227,5,1,207.0,13.0,7.0,24962.0,19551.0,2721.0,24.0,124.0,251.0,0,19.0
125,A0110501,A011,5,C,Compacto,PARTICULARES,272,3,0,247.0,18.0,7.0,24885.0,19489.0,2735.0,23.0,115.0,318.0,0,20.0
126,A0110601,A011,6,C,Compacto,PARTICULARES,301,3,0,282.0,12.0,7.0,24935.0,19529.0,2865.0,24.0,139.0,270.0,0,21.0
127,A0110701,A011,7,C,Compacto,PARTICULARES,271,4,1,252.0,13.0,6.0,24671.0,19319.0,2626.0,29.0,124.0,276.0,0,22.0
128,A0110801,A011,8,C,Compacto,PARTICULARES,348,1,0,310.0,32.0,6.0,24640.0,19295.0,2713.0,33.0,108.0,246.0,0,23.0
129,A0110901,A011,9,C,Compacto,PARTICULARES,225,4,0,171.0,47.0,7.0,24763.0,19392.0,2673.0,32.0,116.0,234.0,0,24.0
130,A0111001,A011,10,C,Compacto,PARTICULARES,201,3,2,149.0,45.0,7.0,24864.0,19473.0,2713.0,43.0,122.0,244.0,0,25.0
131,A0111101,A011,11,C,Compacto,PARTICULARES,154,3,0,86.0,53.0,15.0,24901.0,19502.0,2728.0,68.0,132.0,223.0,0,26.0
132,A0111201,A011,12,C,Compacto,PARTICULARES,136,0,0,23.0,87.0,26.0,24858.0,19468.0,2792.0,72.0,119.0,254.0,0,27.0
133,A0120101,A012,1,C,Compacto,PARTICULARES,87,16,0,19.0,46.0,22.0,25864.0,20359.0,2430.0,25.0,138.0,241.0,1,0.0
134,A0120201,A012,2,C,Compacto,PARTICULARES,96,11,0,76.0,10.0,10.0,26471.0,21217.0,1977.0,18.0,163.0,228.0,0,1.0
135,A0120301,A012,3,C,Compacto,PARTICULARES,304,7,1,296.0,1.0,7.0,25923.0,20941.0,1981.0,23.0,175.0,213.0,0,2.0
136,A0120401,A012,4,C,Compacto,PARTICULARES,248,3,0,242.0,6.0,0.0,26030.0,21024.0,1995.0,36.0,93.0,,0,3.0
137,A0120501,A012,5,C,Compacto,PARTICULARES,373,10,2,344.0,29.0,0.0,26016.0,21043.0,1990.0,28.0,103.0,,0,4.0
138,A0120601,A012,6,C,Compacto,PARTICULARES,366,10,0,327.0,39.0,0.0,25948.0,20979.0,1883.0,26.0,113.0,,0,5.0
139,A0120701,A012,7,C,Compacto,PARTICULARES,350,3,1,314.0,35.0,1.0,26086.0,21102.0,1906.0,32.0,135.0,187.0,0,6.0
140,A0120801,A012,8,C,Compacto,PARTICULARES,219,1,0,184.0,30.0,5.0,25860.0,20948.0,1899.0,28.0,130.0,192.0,0,7.0
141,A0120901,A012,9,C,Compacto,PARTICULARES,293,17,1,239.0,41.0,13.0,27270.0,22133.0,1960.0,25.0,120.0,208.0,0,8.0
142,A0121001,A012,10,C,Compacto,PARTICULARES,279,2,0,215.0,52.0,12.0,27278.0,22140.0,2074.0,26.0,127.0,217.0,0,9.0
143,A0121101,A012,11,C,Compacto,PARTICULARES,455,1,0,334.0,84.0,37.0,27203.0,22100.0,2556.0,24.0,131.0,219.0,0,10.0
144,A0121201,A012,12,C,Compacto,PARTICULARES,462,0,0,373.0,57.0,32.0,27271.0,22142.0,2435.0,23.0,136.0,226.0,0,11.0
25,A0030101,A003,1,CSUV,SUV compacto,ALQUILADORES,0,0,0,,,,,,,,,,0,
26,A0030201,A003,2,CSUV,SUV compacto,ALQUILADORES,0,0,0,,,,,,,,,,0,
27,A0030301,A003,3,CSUV,SUV compacto,ALQUILADORES,0,0,0,,,,,,,,,,0,
28,A0030401,A003,4,CSUV,SUV compacto,ALQUILADORES,0,0,0,,,,,,,,,,0,
29,A0030501,A003,5,CSUV,SUV compacto,ALQUILADORES,0,0,0,,,,,,,,,,0,
30,A0030601,A003,6,CSUV,SUV compacto,ALQUILADORES,0,0,0,,,,,,,,,,0,
31,A0030701,A003,7,CSUV,SUV compacto,ALQUILADORES,0,0,0,,,,,,,,,,0,
32,A0030801,A003,8,CSUV,SUV compacto,ALQUILADORES,0,0,0,,,,,,,,,,0,
33,A0030901,A003,9,CSUV,SUV compacto,ALQUILADORES,0,0,0,,,,,,,,,,0,
34,A0031001,A003,10,CSUV,SUV compacto,ALQUILADORES,0,0,0,,,,,,,,,,0,
35,A0031101,A003,11,CSUV,SUV compacto,ALQUILADORES,0,0,0,,,,,,,,,,0,
36,A0031201,A003,12,CSUV,SUV compacto,ALQUILADORES,0,0,0,,,,,,,,,,0,
37,A0040101,A004,1,CSUV,SUV compacto,ALQUILADORES,0,0,0,,,,,,,,,,0,
38,A0040201,A004,2,CSUV,SUV compacto,ALQUILADORES,0,0,0,,,,,,,,,,0,
39,A0040301,A004,3,CSUV,SUV compacto,ALQUILADORES,0,0,0,,,,,,,,,,0,
40,A0040401,A004,4,CSUV,SUV compacto,ALQUILADORES,0,0,0,,,,,,,,,,0,
41,A0040501,A004,5,CSUV,SUV compacto,ALQUILADORES,0,0,0,,,,,,,,,,0,
42,A0040601,A004,6,CSUV,SUV compacto,ALQUILADORES,0,0,0,,,,,,,,,,0,
43,A0040701,A004,7,CSUV,SUV compacto,ALQUILADORES,0,0,0,,,,,,,,,,0,
44,A0040801,A004,8,CSUV,SUV compacto,ALQUILADORES,0,0,0,,,,,,,,,,0,
45,A0040901,A004,9,CSUV,SUV compacto,ALQUILADORES,0,0,0,,,,,,,,,,0,
46,A0041001,A004,10,CSUV,SUV compacto,ALQUILADORES,0,0,0,,,,,,,,,,0,
47,A0041101,A004,11,CSUV,SUV compacto,ALQUILADORES,0,0,0,,,,,,,,,,0,
48,A0041201,A004,12,CSUV,SUV compacto,ALQUILADORES,0,0,0,,,,,,,,,,0,
49,A0050101,A005,1,CSUV,SUV compacto,ALQUILADORES,0,0,0,,,,,,,,,,0,
50,A0050201,A005,2,CSUV,SUV compacto,ALQUILADORES,0,0,0,,,,,,,,,,0,
51,A0050301,A005,3,CSUV,SUV compacto,ALQUILADORES,0,0,0,,,,,,,,,,0,
52,A0050401,A005,4,CSUV,SUV compacto,ALQUILADORES,0,0,0,,,,,,,,,,0,
53,A0050501,A005,5,CSUV,SUV compacto,ALQUILADORES,0,0,0,,,,,,,,,,0,
54,A0050601,A005,6,CSUV,SUV compacto,ALQUILADORES,0,0,0,,,,,,,,,,0,
55,A0050701,A005,7,CSUV,SUV compacto,ALQUILADORES,0,0,0,,,,,,,,,,0,
56,A0050801,A005,8,CSUV,SUV compacto,ALQUILADORES,0,0,0,,,,,,,,,,0,
57,A0050901,A005,9,CSUV,SUV compacto,ALQUILADORES,0,0,0,,,,,,,,,,0,
58,A0051001,A005,10,CSUV,SUV compacto,ALQUILADORES,0,0,0,,,,,,,,,,0,
59,A0051101,A005,11,CSUV,SUV compacto,ALQUILADORES,0,0,0,,,,,,,,,,0,
60,A0051201,A005,12,CSUV,SUV compacto,ALQUILADORES,0,0,0,,,,,,,,,,0,
61,A0060101,A006,1,CSUV,SUV compacto,ALQUILADORES,0,0,0,,,,,,,,,,0,
62,A0060201,A006,2,CSUV,SUV compacto,ALQUILADORES,0,0,0,,,,,,,,,,0,
63,A0060301,A006,3,CSUV,SUV compacto,ALQUILADORES,0,0,0,,,,,,,,,,0,
64,A0060401,A006,4,CSUV,SUV compacto,ALQUILADORES,0,0,0,,,,,,,,,,0,
65,A0060501,A006,5,CSUV,SUV compacto,ALQUILADORES,0,0,0,,,,,,,,,,0,
66,A0060601,A006,6,CSUV,SUV compacto,ALQUILADORES,0,0,0,,,,,,,,,,0,
67,A0060701,A006,7,CSUV,SUV compacto,ALQUILADORES,0,0,0,,,,,,,,,,0,
68,A0060801,A006,8,CSUV,SUV compacto,ALQUILADORES,0,0,0,,,,,,,,,,0,
69,A0060901,A006,9,CSUV,SUV compacto,ALQUILADORES,0,0,0,,,,,,,,,,0,
70,A0061001,A006,10,CSUV,SUV compacto,ALQUILADORES,0,0,0,,,,,,,,,,0,
71,A0061101,A006,11,CSUV,SUV compacto,ALQUILADORES,0,0,0,,,,,,,,,,0,
72,A0061201,A006,12,CSUV,SUV compacto,ALQUILADORES,0,0,0,,,,,,,,,,0,
73,A0070101,A007,1,CSUV,SUV compacto,ALQUILADORES,0,0,0,,,,,,,,,,0,
74,A0070201,A007,2,CSUV,SUV compacto,ALQUILADORES,0,0,0,,,,,,,,,,0,
75,A0070301,A007,3,CSUV,SUV compacto,ALQUILADORES,0,0,0,,,,,,,,,,0,
76,A0070401,A007,4,CSUV,SUV compacto,ALQUILADORES,0,0,0,,,,,,,,,,0,
77,A0070501,A007,5,CSUV,SUV compacto,ALQUILADORES,0,0,0,,,,,,,,,,0,
78,A0070601,A007,6,CSUV,SUV compacto,ALQUILADORES,0,0,0,,,,,,,,,,0,
79,A0070701,A007,7,CSUV,SUV compacto,ALQUILADORES,0,0,0,,,,,,,,,,0,
80,A0070801,A007,8,CSUV,SUV compacto,ALQUILADORES,0,0,0,,,,,,,,,,0,
81,A0070901,A007,9,CSUV,SUV compacto,ALQUILADORES,0,0,0,,,,,,,,,,0,
82,A0071001,A007,10,CSUV,SUV compacto,ALQUILADORES,0,0,0,,,,,,,,,,0,
83,A0071101,A007,11,CSUV,SUV compacto,ALQUILADORES,0,0,0,,,,,,,,,,0,
84,A0071201,A007,12,CSUV,SUV compacto,ALQUILADORES,0,0,0,,,,,,,,,,0,
85,A0080101,A008,1,CSUV,SUV compacto,ALQUILADORES,0,0,0,,,,,,,,,,0,
86,A0080201,A008,2,CSUV,SUV compacto,ALQUILADORES,0,0,0,,,,,,,,,,0,
87,A0080301,A008,3,CSUV,SUV compacto,ALQUILADORES,0,0,0,,,,,,,,,,0,
88,A0080401,A008,4,CSUV,SUV compacto,ALQUILADORES,0,0,0,,,,,,,,,,0,
89,A0080501,A008,5,CSUV,SUV compacto,ALQUILADORES,0,0,0,,,,,,,,,,0,
90,A0080601,A008,6,CSUV,SUV compacto,ALQUILADORES,0,0,0,,,,,,,,,,0,
91,A0080701,A008,7,CSUV,SUV compacto,ALQUILADORES,0,0,0,,,,,,,,,,0,
92,A0080801,A008,8,CSUV,SUV compacto,ALQUILADORES,0,0,0,,,,,,,,,,0,
93,A0080901,A008,9,CSUV,SUV compacto,ALQUILADORES,0,0,0,,,,,,,,,,0,
94,A0081001,A008,10,CSUV,SUV compacto,ALQUILADORES,0,0,0,,,,,,,,,,0,
95,A0081101,A008,11,CSUV,SUV compacto,ALQUILADORES,0,0,0,,,,,,,,,,0,
96,A0081201,A008,12,CSUV,SUV compacto,ALQUILADORES,0,0,0,,,,,,,,,,0,
97,A0090101,A009,1,CSUV,SUV compacto,ALQUILADORES,0,0,0,,,,,,,,,,0,
98,A0090201,A009,2,CSUV,SUV compacto,ALQUILADORES,0,0,0,0.0,0.0,0.0,,,,,,,0,
99,A0090301,A009,3,CSUV,SUV compacto,ALQUILADORES,0,0,0,0.0,0.0,0.0,,,,,,,0,
100,A0090401,A009,4,CSUV,SUV compacto,ALQUILADORES,0,0,0,0.0,0.0,0.0,,,,,,,0,
101,A0090501,A009,5,CSUV,SUV compacto,ALQUILADORES,0,0,0,0.0,0.0,0.0,,,,,,,0,
102,A0090601,A009,6,CSUV,SUV compacto,ALQUILADORES,0,0,0,0.0,0.0,0.0,,,,,,,0,
103,A0090701,A009,7,CSUV,SUV compacto,ALQUILADORES,0,0,0,0.0,0.0,0.0,,,,,,,0,
104,A0090801,A009,8,CSUV,SUV compacto,ALQUILADORES,0,0,0,0.0,0.0,0.0,,,,,,,0,
105,A0090901,A009,9,CSUV,SUV compacto,ALQUILADORES,0,0,0,0.0,0.0,0.0,,,,,,,0,
106,A0091001,A009,10,CSUV,SUV compacto,ALQUILADORES,0,0,0,0.0,0.0,0.0,,,,,,,0,
107,A0091101,A009,11,CSUV,SUV compacto,ALQUILADORES,0,0,0,0.0,0.0,0.0,,,,,,,0,
108,A0091201,A009,12,CSUV,SUV compacto,ALQUILADORES,0,0,0,0.0,0.0,0.0,,,,,,,0,
109,A0100101,A010,1,CSUV,SUV compacto,ALQUILADORES,0,0,0,0.0,0.0,0.0,,,,,,,0,
110,A0100201,A010,2,CSUV,SUV compacto,ALQUILADORES,0,0,0,0.0,0.0,0.0,,,,,,,0,
111,A0100301,A010,3,CSUV,SUV compacto,ALQUILADORES,0,0,0,0.0,0.0,0.0,,,,,,,0,
112,A0100401,A010,4,CSUV,SUV compacto,ALQUILADORES,0,0,0,0.0,0.0,0.0,,,,,,,0,
113,A0100501,A010,5,CSUV,SUV compacto,ALQUILADORES,0,0,0,0.0,0.0,0.0,,,,,,,0,
114,A0100601,A010,6,CSUV,SUV compacto,ALQUILADORES,0,0,0,0.0,0.0,0.0,,,,,,,0,
115,A0100701,A010,7,CSUV,SUV compacto,ALQUILADORES,0,0,0,0.0,0.0,0.0,,,,,,,0,
116,A0100801,A010,8,CSUV,SUV compacto,ALQUILADORES,0,0,0,0.0,0.0,0.0,,,,,,,0,
117,A0100901,A010,9,CSUV,SUV compacto,ALQUILADORES,0,0,0,0.0,0.0,0.0,,,,,,,0,
118,A0101001,A010,10,CSUV,SUV compacto,ALQUILADORES,0,0,0,0.0,0.0,0.0,,,,,,,0,
119,A0101101,A010,11,CSUV,SUV compacto,ALQUILADORES,0,0,0,0.0,0.0,0.0,,,,,,,0,
120,A0101201,A010,12,CSUV,SUV compacto,ALQUILADORES,0,0,0,0.0,0.0,0.0,,,,,,,0,
121,A0110101,A011,1,CSUV,SUV compacto,ALQUILADORES,0,0,0,0.0,0.0,0.0,,,,,,,0,
122,A0110201,A011,2,CSUV,SUV compacto,ALQUILADORES,0,0,0,0.0,0.0,0.0,,,,,,,0,
123,A0110301,A011,3,CSUV,SUV compacto,ALQUILADORES,0,0,0,0.0,0.0,0.0,,,,,,,0,
124,A0110401,A011,4,CSUV,SUV compacto,ALQUILADORES,0,0,0,0.0,0.0,0.0,,,,,,,0,
125,A0110501,A011,5,CSUV,SUV compacto,ALQUILADORES,0,0,0,0.0,0.0,0.0,,,,,,,0,
126,A0110601,A011,6,CSUV,SUV compacto,ALQUILADORES,0,0,0,0.0,0.0,0.0,,,,,,,0,
127,A0110701,A011,7,CSUV,SUV compacto,ALQUILADORES,0,0,0,0.0,0.0,0.0,,,,,,,0,
128,A0110801,A011,8,CSUV,SUV compacto,ALQUILADORES,0,0,0,0.0,0.0,0.0,,,,,,,0,
129,A0110901,A011,9,CSUV,SUV compacto,ALQUILADORES,0,0,0,0.0,0.0,0.0,,,,,,,0,
130,A0111001,A011,10,CSUV,SUV compacto,ALQUILADORES,0,0,0,0.0,0.0,0.0,,,,,,,0,
131,A0111101,A011,11,CSUV,SUV compacto,ALQUILADORES,0,0,0,0.0,0.0,0.0,,,,,,,0,
132,A0111201,A011,12,CSUV,SUV compacto,ALQUILADORES,0,0,0,0.0,0.0,0.0,,,,,,,0,
133,A0120101,A012,1,CSUV,SUV compacto,ALQUILADORES,0,0,0,0.0,0.0,0.0,,,,,,,0,
134,A0120201,A012,2,CSUV,SUV compacto,ALQUILADORES,0,0,0,0.0,0.0,0.0,,,,,,,0,
135,A0120301,A012,3,CSUV,SUV compacto,ALQUILADORES,0,0,0,0.0,0.0,0.0,,,,,,,0,
136,A0120401,A012,4,CSUV,SUV compacto,ALQUILADORES,0,0,0,0.0,0.0,0.0,,,,,,,0,
137,A0120501,A012,5,CSUV,SUV compacto,ALQUILADORES,0,0,0,0.0,0.0,0.0,,,,,,,0,
138,A0120601,A012,6,CSUV,SUV compacto,ALQUILADORES,0,0,0,0.0,0.0,0.0,,,,,,,0,
139,A0120701,A012,7,CSUV,SUV compacto,ALQUILADORES,0,0,0,0.0,0.0,0.0,,,,,,,0,
140,A0120801,A012,8,CSUV,SUV compacto,ALQUILADORES,0,0,0,0.0,0.0,0.0,,,,,,,1,0.0
141,A0120901,A012,9,CSUV,SUV compacto,ALQUILADORES,1,0,1,1.0,0.0,0.0,33275.0,26161.0,2093.0,15.0,,,0,1.0
142,A0121001,A012,10,CSUV,SUV compacto,ALQUILADORES,0,0,0,0.0,0.0,0.0,,,,,,,0,2.0
143,A0121101,A012,11,CSUV,SUV compacto,ALQUILADORES,0,0,0,0.0,0.0,0.0,,,,,,,0,3.0
144,A0121201,A012,12,CSUV,SUV compacto,ALQUILADORES,8,0,0,7.0,1.0,0.0,35106.0,28443.0,5499.0,57.0,109.0,,0,4.0
25,A0030101,A003,1,CSUV,SUV compacto,EMPRESAS_RENTING,0,0,0,,,,,,,,,,0,
26,A0030201,A003,2,CSUV,SUV compacto,EMPRESAS_RENTING,0,0,0,,,,,,,,,,0,
27,A0030301,A003,3,CSUV,SUV compacto,EMPRESAS_RENTING,0,0,0,,,,,,,,,,0,
28,A0030401,A003,4,CSUV,SUV compacto,EMPRESAS_RENTING,0,0,0,,,,,,,,,,0,
29,A0030501,A003,5,CSUV,SUV compacto,EMPRESAS_RENTING,0,0,0,,,,,,,,,,0,
30,A0030601,A003,6,CSUV,SUV compacto,EMPRESAS_RENTING,0,0,0,,,,,,,,,,0,
31,A0030701,A003,7,CSUV,SUV compacto,EMPRESAS_RENTING,0,0,0,,,,,,,,,,0,
32,A0030801,A003,8,CSUV,SUV compacto,EMPRESAS_RENTING,0,0,0,,,,,,,,,,0,
33,A0030901,A003,9,CSUV,SUV compacto,EMPRESAS_RENTING,0,0,0,,,,,,,,,,0,
34,A0031001,A003,10,CSUV,SUV compacto,EMPRESAS_RENTING,0,0,0,,,,,,,,,,0,
35,A0031101,A003,11,CSUV,SUV compacto,EMPRESAS_RENTING,0,0,0,,,,,,,,,,0,
36,A0031201,A003,12,CSUV,SUV compacto,EMPRESAS_RENTING,0,0,0,,,,,,,,,,0,
37,A0040101,A004,1,CSUV,SUV compacto,EMPRESAS_RENTING,0,0,0,,,,,,,,,,0,
38,A0040201,A004,2,CSUV,SUV compacto,EMPRESAS_RENTING,0,0,0,,,,,,,,,,0,
39,A0040301,A004,3,CSUV,SUV compacto,EMPRESAS_RENTING,0,0,0,,,,,,,,,,0,
40,A0040401,A004,4,CSUV,SUV compacto,EMPRESAS_RENTING,0,0,0,,,,,,,,,,0,
41,A0040501,A004,5,CSUV,SUV compacto,EMPRESAS_RENTING,0,0,0,,,,,,,,,,0,
42,A0040601,A004,6,CSUV,SUV compacto,EMPRESAS_RENTING,0,0,0,,,,,,,,,,0,
43,A0040701,A004,7,CSUV,SUV compacto,EMPRESAS_RENTING,0,0,0,,,,,,,,,,0,
44,A0040801,A004,8,CSUV,SUV compacto,EMPRESAS_RENTING,0,0,0,,,,,,,,,,0,
45,A0040901,A004,9,CSUV,SUV compacto,EMPRESAS_RENTING,0,0,0,,,,,,,,,,0,
46,A0041001,A004,10,CSUV,SUV compacto,EMPRESAS_RENTING,0,0,0,,,,,,,,,,0,
47,A0041101,A004,11,CSUV,SUV compacto,EMPRESAS_RENTING,0,0,0,,,,,,,,,,0,
48,A0041201,A004,12,CSUV,SUV compacto,EMPRESAS_RENTING,0,0,0,,,,,,,,,,0,
49,A0050101,A005,1,CSUV,SUV compacto,EMPRESAS_RENTING,0,0,0,,,,,,,,,,0,
50,A0050201,A005,2,CSUV,SUV compacto,EMPRESAS_RENTING,0,0,0,,,,,,,,,,0,
51,A0050301,A005,3,CSUV,SUV compacto,EMPRESAS_RENTING,0,0,0,,,,,,,,,,0,
52,A0050401,A005,4,CSUV,SUV compacto,EMPRESAS_RENTING,0,0,0,,,,,,,,,,0,
53,A0050501,A005,5,CSUV,SUV compacto,EMPRESAS_RENTING,0,0,0,,,,,,,,,,0,
54,A0050601,A005,6,CSUV,SUV compacto,EMPRESAS_RENTING,0,0,0,,,,,,,,,,0,
55,A0050701,A005,7,CSUV,SUV compacto,EMPRESAS_RENTING,0,0,0,,,,,,,,,,0,
56,A0050801,A005,8,CSUV,SUV compacto,EMPRESAS_RENTING,0,0,0,,,,,,,,,,0,
57,A0050901,A005,9,CSUV,SUV compacto,EMPRESAS_RENTING,0,0,0,,,,,,,,,,0,
58,A0051001,A005,10,CSUV,SUV compacto,EMPRESAS_RENTING,0,0,0,,,,,,,,,,0,
59,A0051101,A005,11,CSUV,SUV compacto,EMPRESAS_RENTING,0,0,0,,,,,,,,,,0,
60,A0051201,A005,12,CSUV,SUV compacto,EMPRESAS_RENTING,0,0,0,,,,,,,,,,0,
61,A0060101,A006,1,CSUV,SUV compacto,EMPRESAS_RENTING,0,0,0,,,,,,,,,,0,
62,A0060201,A006,2,CSUV,SUV compacto,EMPRESAS_RENTING,0,0,0,,,,,,,,,,0,
63,A0060301,A006,3,CSUV,SUV compacto,EMPRESAS_RENTING,0,0,0,,,,,,,,,,0,
64,A0060401,A006,4,CSUV,SUV compacto,EMPRESAS_RENTING,0,0,0,,,,,,,,,,0,
65,A0060501,A006,5,CSUV,SUV compacto,EMPRESAS_RENTING,0,0,0,,,,,,,,,,0,
66,A0060601,A006,6,CSUV,SUV compacto,EMPRESAS_RENTING,0,0,0,,,,,,,,,,0,
67,A0060701,A006,7,CSUV,SUV compacto,EMPRESAS_RENTING,0,0,0,,,,,,,,,,0,
68,A0060801,A006,8,CSUV,SUV compacto,EMPRESAS_RENTING,0,0,0,,,,,,,,,,0,
69,A0060901,A006,9,CSUV,SUV compacto,EMPRESAS_RENTING,0,0,0,,,,,,,,,,0,
70,A0061001,A006,10,CSUV,SUV compacto,EMPRESAS_RENTING,0,0,0,,,,,,,,,,0,
71,A0061101,A006,11,CSUV,SUV compacto,EMPRESAS_RENTING,0,0,0,,,,,,,,,,0,
72,A0061201,A006,12,CSUV,SUV compacto,EMPRESAS_RENTING,0,0,0,,,,,,,,,,0,
73,A0070101,A007,1,CSUV,SUV compacto,EMPRESAS_RENTING,0,0,0,,,,,,,,,,0,
74,A0070201,A007,2,CSUV,SUV compacto,EMPRESAS_RENTING,0,0,0,,,,,,,,,,0,
75,A0070301,A007,3,CSUV,SUV compacto,EMPRESAS_RENTING,0,0,0,,,,,,,,,,0,
76,A0070401,A007,4,CSUV,SUV compacto,EMPRESAS_RENTING,0,0,0,,,,,,,,,,0,
77,A0070501,A007,5,CSUV,SUV compacto,EMPRESAS_RENTING,0,0,0,,,,,,,,,,0,
78,A0070601,A007,6,CSUV,SUV compacto,EMPRESAS_RENTING,0,0,0,,,,,,,,,,0,
79,A0070701,A007,7,CSUV,SUV compacto,EMPRESAS_RENTING,0,0,0,,,,,,,,,,0,
80,A0070801,A007,8,CSUV,SUV compacto,EMPRESAS_RENTING,0,0,0,,,,,,,,,,0,
81,A0070901,A007,9,CSUV,SUV compacto,EMPRESAS_RENTING,0,0,0,,,,,,,,,,0,
82,A0071001,A007,10,CSUV,SUV compacto,EMPRESAS_RENTING,0,0,0,,,,,,,,,,0,
83,A0071101,A007,11,CSUV,SUV compacto,EMPRESAS_RENTING,0,0,0,,,,,,,,,,0,
84,A0071201,A007,12,CSUV,SUV compacto,EMPRESAS_RENTING,0,0,0,,,,,,,,,,0,
85,A0080101,A008,1,CSUV,SUV compacto,EMPRESAS_RENTING,0,0,0,,,,,,,,,,0,
86,A0080201,A008,2,CSUV,SUV compacto,EMPRESAS_RENTING,0,0,0,,,,,,,,,,0,
87,A0080301,A008,3,CSUV,SUV compacto,EMPRESAS_RENTING,0,0,0,,,,,,,,,,0,
88,A0080401,A008,4,CSUV,SUV compacto,EMPRESAS_RENTING,0,0,0,,,,,,,,,,0,
89,A0080501,A008,5,CSUV,SUV compacto,EMPRESAS_RENTING,0,0,0,,,,,,,,,,0,
90,A0080601,A008,6,CSUV,SUV compacto,EMPRESAS_RENTING,0,0,0,,,,,,,,,,0,
91,A0080701,A008,7,CSUV,SUV compacto,EMPRESAS_RENTING,0,0,0,,,,,,,,,,0,
92,A0080801,A008,8,CSUV,SUV compacto,EMPRESAS_RENTING,0,0,0,,,,,,,,,,0,
93,A0080901,A008,9,CSUV,SUV compacto,EMPRESAS_RENTING,0,0,0,,,,,,,,,,0,
94,A0081001,A008,10,CSUV,SUV compacto,EMPRESAS_RENTING,0,0,0,,,,,,,,,,0,
95,A0081101,A008,11,CSUV,SUV compacto,EMPRESAS_RENTING,0,0,0,,,,,,,,,,0,
96,A0081201,A008,12,CSUV,SUV compacto,EMPRESAS_RENTING,0,0,0,,,,,,,,,,0,
97,A0090101,A009,1,CSUV,SUV compacto,EMPRESAS_RENTING,0,0,0,,,,,,,,,,0,
98,A0090201,A009,2,CSUV,SUV compacto,EMPRESAS_RENTING,0,0,0,0.0,0.0,0.0,,,,,,,0,
99,A0090301,A009,3,CSUV,SUV compacto,EMPRESAS_RENTING,0,0,0,0.0,0.0,0.0,,,,,,,0,
100,A0090401,A009,4,CSUV,SUV compacto,EMPRESAS_RENTING,0,0,0,0.0,0.0,0.0,,,,,,,0,
101,A0090501,A009,5,CSUV,SUV compacto,EMPRESAS_RENTING,0,0,0,0.0,0.0,0.0,,,,,,,0,
102,A0090601,A009,6,CSUV,SUV compacto,EMPRESAS_RENTING,0,0,0,0.0,0.0,0.0,,,,,,,0,
103,A0090701,A009,7,CSUV,SUV compacto,EMPRESAS_RENTING,0,0,0,0.0,0.0,0.0,,,,,,,0,
104,A0090801,A009,8,CSUV,SUV compacto,EMPRESAS_RENTING,0,0,0,0.0,0.0,0.0,,,,,,,0,
105,A0090901,A009,9,CSUV,SUV compacto,EMPRESAS_RENTING,0,0,0,0.0,0.0,0.0,,,,,,,0,
106,A0091001,A009,10,CSUV,SUV compacto,EMPRESAS_RENTING,0,0,0,0.0,0.0,0.0,,,,,,,0,
107,A0091101,A009,11,CSUV,SUV compacto,EMPRESAS_RENTING,0,0,0,0.0,0.0,0.0,,,,,,,0,
108,A0091201,A009,12,CSUV,SUV compacto,EMPRESAS_RENTING,0,0,0,0.0,0.0,0.0,,,,,,,0,
109,A0100101,A010,1,CSUV,SUV compacto,EMPRESAS_RENTING,0,0,0,0.0,0.0,0.0,,,,,,,0,
110,A0100201,A010,2,CSUV,SUV compacto,EMPRESAS_RENTING,0,0,0,0.0,0.0,0.0,,,,,,,0,
111,A0100301,A010,3,CSUV,SUV compacto,EMPRESAS_RENTING,0,0,0,0.0,0.0,0.0,,,,,,,0,
112,A0100401,A010,4,CSUV,SUV compacto,EMPRESAS_RENTING,0,0,0,0.0,0.0,0.0,,,,,,,0,
113,A0100501,A010,5,CSUV,SUV compacto,EMPRESAS_RENTING,0,0,0,0.0,0.0,0.0,,,,,,,0,
114,A0100601,A010,6,CSUV,SUV compacto,EMPRESAS_RENTING,0,0,0,0.0,0.0,0.0,,,,,,,0,
115,A0100701,A010,7,CSUV,SUV compacto,EMPRESAS_RENTING,0,0,0,0.0,0.0,0.0,,,,,,,0,
116,A0100801,A010,8,CSUV,SUV compacto,EMPRESAS_RENTING,0,0,0,0.0,0.0,0.0,,,,,,,0,
117,A0100901,A010,9,CSUV,SUV compacto,EMPRESAS_RENTING,0,0,0,0.0,0.0,0.0,,,,,,,0,
118,A0101001,A010,10,CSUV,SUV compacto,EMPRESAS_RENTING,0,0,0,0.0,0.0,0.0,,,,,,,0,
119,A0101101,A010,11,CSUV,SUV compacto,EMPRESAS_RENTING,0,0,0,0.0,0.0,0.0,,,,,,,0,
120,A0101201,A010,12,CSUV,SUV compacto,EMPRESAS_RENTING,0,0,0,0.0,0.0,0.0,,,,,,,0,
121,A0110101,A011,1,CSUV,SUV compacto,EMPRESAS_RENTING,0,0,0,0.0,0.0,0.0,,,,,,,0,
122,A0110201,A011,2,CSUV,SUV compacto,EMPRESAS_RENTING,0,0,0,0.0,0.0,0.0,,,,,,,0,
123,A0110301,A011,3,CSUV,SUV compacto,EMPRESAS_RENTING,0,0,0,0.0,0.0,0.0,,,,,,,0,
124,A0110401,A011,4,CSUV,SUV compacto,EMPRESAS_RENTING,0,0,0,0.0,0.0,0.0,,,,,,,0,
125,A0110501,A011,5,CSUV,SUV compacto,EMPRESAS_RENTING,0,0,0,0.0,0.0,0.0,,,,,,,0,
126,A0110601,A011,6,CSUV,SUV compacto,EMPRESAS_RENTING,0,0,0,0.0,0.0,0.0,,,,,,,0,
127,A0110701,A011,7,CSUV,SUV compacto,EMPRESAS_RENTING,0,0,0,0.0,0.0,0.0,,,,,,,0,
128,A0110801,A011,8,CSUV,SUV compacto,EMPRESAS_RENTING,0,0,0,0.0,0.0,0.0,,,,,,,0,
129,A0110901,A011,9,CSUV,SUV compacto,EMPRESAS_RENTING,0,0,0,0.0,0.0,0.0,,,,,,,0,
130,A0111001,A011,10,CSUV,SUV compacto,EMPRESAS_RENTING,0,0,0,0.0,0.0,0.0,,,,,,,0,
131,A0111101,A011,11,CSUV,SUV compacto,EMPRESAS_RENTING,0,0,0,0.0,0.0,0.0,,,,,,,0,
132,A0111201,A011,12,CSUV,SUV compacto,EMPRESAS_RENTING,0,0,0,0.0,0.0,0.0,,,,,,,0,
133,A0120101,A012,1,CSUV,SUV compacto,EMPRESAS_RENTING,0,0,0,0.0,0.0,0.0,,,,,,,0,
134,A0120201,A012,2,CSUV,SUV compacto,EMPRESAS_RENTING,0,0,0,0.0,0.0,0.0,,,,,,,0,
135,A0120301,A012,3,CSUV,SUV compacto,EMPRESAS_RENTING,0,0,0,0.0,0.0,0.0,,,,,,,0,
136,A0120401,A012,4,CSUV,SUV compacto,EMPRESAS_RENTING,0,0,0,0.0,0.0,0.0,,,,,,,0,
137,A0120501,A012,5,CSUV,SUV compacto,EMPRESAS_RENTING,0,0,0,0.0,0.0,0.0,,,,,,,0,
138,A0120601,A012,6,CSUV,SUV compacto,EMPRESAS_RENTING,0,0,0,0.0,0.0,0.0,,,,,,,0,
139,A0120701,A012,7,CSUV,SUV compacto,EMPRESAS_RENTING,0,0,0,0.0,0.0,0.0,,,,,,,0,
140,A0120801,A012,8,CSUV,SUV compacto,EMPRESAS_RENTING,91,86,5,91.0,0.0,0.0,33206.0,26872.0,2726.0,15.0,,,1,0.0
141,A0120901,A012,9,CSUV,SUV compacto,EMPRESAS_RENTING,23,11,12,23.0,0.0,0.0,32097.0,25903.0,2514.0,22.0,,,0,1.0
142,A0121001,A012,10,CSUV,SUV compacto,EMPRESAS_RENTING,96,62,34,96.0,0.0,0.0,34849.0,28275.0,2728.0,20.0,,,0,2.0
143,A0121101,A012,11,CSUV,SUV compacto,EMPRESAS_RENTING,43,16,27,42.0,1.0,0.0,34383.0,27908.0,2741.0,28.0,106.0,,0,3.0
144,A0121201,A012,12,CSUV,SUV compacto,EMPRESAS_RENTING,98,40,58,66.0,32.0,0.0,32719.0,26480.0,2631.0,31.0,114.0,,0,4.0
25,A0030101,A003,1,CSUV,SUV compacto,PARTICULARES,0,0,0,,,,,,,,,,0,
26,A0030201,A003,2,CSUV,SUV compacto,PARTICULARES,0,0,0,,,,,,,,,,0,
27,A0030301,A003,3,CSUV,SUV compacto,PARTICULARES,0,0,0,,,,,,,,,,0,
28,A0030401,A003,4,CSUV,SUV compacto,PARTICULARES,0,0,0,,,,,,,,,,0,
29,A0030501,A003,5,CSUV,SUV compacto,PARTICULARES,0,0,0,,,,,,,,,,0,
30,A0030601,A003,6,CSUV,SUV compacto,PARTICULARES,0,0,0,,,,,,,,,,0,
31,A0030701,A003,7,CSUV,SUV compacto,PARTICULARES,0,0,0,,,,,,,,,,0,
32,A0030801,A003,8,CSUV,SUV compacto,PARTICULARES,0,0,0,,,,,,,,,,0,
33,A0030901,A003,9,CSUV,SUV compacto,PARTICULARES,0,0,0,,,,,,,,,,0,
34,A0031001,A003,10,CSUV,SUV compacto,PARTICULARES,0,0,0,,,,,,,,,,0,
35,A0031101,A003,11,CSUV,SUV compacto,PARTICULARES,0,0,0,,,,,,,,,,0,
36,A0031201,A003,12,CSUV,SUV compacto,PARTICULARES,0,0,0,,,,,,,,,,0,
37,A0040101,A004,1,CSUV,SUV compacto,PARTICULARES,0,0,0,,,,,,,,,,0,
38,A0040201,A004,2,CSUV,SUV compacto,PARTICULARES,0,0,0,,,,,,,,,,0,
39,A0040301,A004,3,CSUV,SUV compacto,PARTICULARES,0,0,0,,,,,,,,,,0,
40,A0040401,A004,4,CSUV,SUV compacto,PARTICULARES,0,0,0,,,,,,,,,,0,
41,A0040501,A004,5,CSUV,SUV compacto,PARTICULARES,0,0,0,,,,,,,,,,0,
42,A0040601,A004,6,CSUV,SUV compacto,PARTICULARES,0,0,0,,,,,,,,,,0,
43,A0040701,A004,7,CSUV,SUV compacto,PARTICULARES,0,0,0,,,,,,,,,,0,
44,A0040801,A004,8,CSUV,SUV compacto,PARTICULARES,0,0,0,,,,,,,,,,0,
45,A0040901,A004,9,CSUV,SUV compacto,PARTICULARES,0,0,0,,,,,,,,,,0,
46,A0041001,A004,10,CSUV,SUV compacto,PARTICULARES,0,0,0,,,,,,,,,,0,
47,A0041101,A004,11,CSUV,SUV compacto,PARTICULARES,0,0,0,,,,,,,,,,0,
48,A0041201,A004,12,CSUV,SUV compacto,PARTICULARES,0,0,0,,,,,,,,,,0,
49,A0050101,A005,1,CSUV,SUV compacto,PARTICULARES,0,0,0,,,,,,,,,,0,
50,A0050201,A005,2,CSUV,SUV compacto,PARTICULARES,0,0,0,,,,,,,,,,0,
51,A0050301,A005,3,CSUV,SUV compacto,PARTICULARES,0,0,0,,,,,,,,,,0,
52,A0050401,A005,4,CSUV,SUV compacto,PARTICULARES,0,0,0,,,,,,,,,,0,
53,A0050501,A005,5,CSUV,SUV compacto,PARTICULARES,0,0,0,,,,,,,,,,0,
54,A0050601,A005,6,CSUV,SUV compacto,PARTICULARES,0,0,0,,,,,,,,,,0,
55,A0050701,A005,7,CSUV,SUV compacto,PARTICULARES,0,0,0,,,,,,,,,,0,
56,A0050801,A005,8,CSUV,SUV compacto,PARTICULARES,0,0,0,,,,,,,,,,0,
57,A0050901,A005,9,CSUV,SUV compacto,PARTICULARES,0,0,0,,,,,,,,,,0,
58,A0051001,A005,10,CSUV,SUV compacto,PARTICULARES,0,0,0,,,,,,,,,,0,
59,A0051101,A005,11,CSUV,SUV compacto,PARTICULARES,0,0,0,,,,,,,,,,0,
60,A0051201,A005,12,CSUV,SUV compacto,PARTICULARES,0,0,0,,,,,,,,,,0,
61,A0060101,A006,1,CSUV,SUV compacto,PARTICULARES,0,0,0,,,,,,,,,,0,
62,A0060201,A006,2,CSUV,SUV compacto,PARTICULARES,0,0,0,,,,,,,,,,0,
63,A0060301,A006,3,CSUV,SUV compacto,PARTICULARES,0,0,0,,,,,,,,,,0,
64,A0060401,A006,4,CSUV,SUV compacto,PARTICULARES,0,0,0,,,,,,,,,,0,
65,A0060501,A006,5,CSUV,SUV compacto,PARTICULARES,0,0,0,,,,,,,,,,0,
66,A0060601,A006,6,CSUV,SUV compacto,PARTICULARES,0,0,0,,,,,,,,,,0,
67,A0060701,A006,7,CSUV,SUV compacto,PARTICULARES,0,0,0,,,,,,,,,,0,
68,A0060801,A006,8,CSUV,SUV compacto,PARTICULARES,0,0,0,,,,,,,,,,0,
69,A0060901,A006,9,CSUV,SUV compacto,PARTICULARES,0,0,0,,,,,,,,,,0,
70,A0061001,A006,10,CSUV,SUV compacto,PARTICULARES,0,0,0,,,,,,,,,,0,
71,A0061101,A006,11,CSUV,SUV compacto,PARTICULARES,0,0,0,,,,,,,,,,0,
72,A0061201,A006,12,CSUV,SUV compacto,PARTICULARES,0,0,0,,,,,,,,,,0,
73,A0070101,A007,1,CSUV,SUV compacto,PARTICULARES,0,0,0,,,,,,,,,,0,
74,A0070201,A007,2,CSUV,SUV compacto,PARTICULARES,0,0,0,,,,,,,,,,0,
75,A0070301,A007,3,CSUV,SUV compacto,PARTICULARES,0,0,0,,,,,,,,,,0,
76,A0070401,A007,4,CSUV,SUV compacto,PARTICULARES,0,0,0,,,,,,,,,,0,
77,A0070501,A007,5,CSUV,SUV compacto,PARTICULARES,0,0,0,,,,,,,,,,0,
78,A0070601,A007,6,CSUV,SUV compacto,PARTICULARES,0,0,0,,,,,,,,,,0,
79,A0070701,A007,7,CSUV,SUV compacto,PARTICULARES,0,0,0,,,,,,,,,,0,
80,A0070801,A007,8,CSUV,SUV compacto,PARTICULARES,0,0,0,,,,,,,,,,0,
81,A0070901,A007,9,CSUV,SUV compacto,PARTICULARES,0,0,0,,,,,,,,,,0,
82,A0071001,A007,10,CSUV,SUV compacto,PARTICULARES,0,0,0,,,,,,,,,,0,
83,A0071101,A007,11,CSUV,SUV compacto,PARTICULARES,0,0,0,,,,,,,,,,0,
84,A0071201,A007,12,CSUV,SUV compacto,PARTICULARES,0,0,0,,,,,,,,,,0,
85,A0080101,A008,1,CSUV,SUV compacto,PARTICULARES,0,0,0,,,,,,,,,,0,
86,A0080201,A008,2,CSUV,SUV compacto,PARTICULARES,0,0,0,,,,,,,,,,0,
87,A0080301,A008,3,CSUV,SUV compacto,PARTICULARES,0,0,0,,,,,,,,,,0,
88,A0080401,A008,4,CSUV,SUV compacto,PARTICULARES,0,0,0,,,,,,,,,,0,
89,A0080501,A008,5,CSUV,SUV compacto,PARTICULARES,0,0,0,,,,,,,,,,0,
90,A0080601,A008,6,CSUV,SUV compacto,PARTICULARES,0,0,0,,,,,,,,,,0,
91,A0080701,A008,7,CSUV,SUV compacto,PARTICULARES,0,0,0,,,,,,,,,,0,
92,A0080801,A008,8,CSUV,SUV compacto,PARTICULARES,0,0,0,,,,,,,,,,0,
93,A0080901,A008,9,CSUV,SUV compacto,PARTICULARES,0,0,0,,,,,,,,,,0,
94,A0081001,A008,10,CSUV,SUV compacto,PARTICULARES,0,0,0,,,,,,,,,,0,
95,A0081101,A008,11,CSUV,SUV compacto,PARTICULARES,0,0,0,,,,,,,,,,0,
96,A0081201,A008,12,CSUV,SUV compacto,PARTICULARES,0,0,0,,,,,,,,,,0,
97,A0090101,A009,1,CSUV,SUV compacto,PARTICULARES,0,0,0,,,,,,,,,,0,
98,A0090201,A009,2,CSUV,SUV compacto,PARTICULARES,0,0,0,0.0,0.0,0.0,,,,,,,0,
99,A0090301,A009,3,CSUV,SUV compacto,PARTICULARES,0,0,0,0.0,0.0,0.0,,,,,,,0,
100,A0090401,A009,4,CSUV,SUV compacto,PARTICULARES,0,0,0,0.0,0.0,0.0,,,,,,,0,
101,A0090501,A009,5,CSUV,SUV compacto,PARTICULARES,0,0,0,0.0,0.0,0.0,,,,,,,0,
102,A0090601,A009,6,CSUV,SUV compacto,PARTICULARES,0,0,0,0.0,0.0,0.0,,,,,,,0,
103,A0090701,A009,7,CSUV,SUV compacto,PARTICULARES,0,0,0,0.0,0.0,0.0,,,,,,,0,
104,A0090801,A009,8,CSUV,SUV compacto,PARTICULARES,0,0,0,0.0,0.0,0.0,,,,,,,0,
105,A0090901,A009,9,CSUV,SUV compacto,PARTICULARES,0,0,0,0.0,0.0,0.0,,,,,,,0,
106,A0091001,A009,10,CSUV,SUV compacto,PARTICULARES,0,0,0,0.0,0.0,0.0,,,,,,,0,
107,A0091101,A009,11,CSUV,SUV compacto,PARTICULARES,0,0,0,0.0,0.0,0.0,,,,,,,0,
108,A0091201,A009,12,CSUV,SUV compacto,PARTICULARES,0,0,0,0.0,0.0,0.0,,,,,,,0,
109,A0100101,A010,1,CSUV,SUV compacto,PARTICULARES,0,0,0,0.0,0.0,0.0,,,,,,,0,
110,A0100201,A010,2,CSUV,SUV compacto,PARTICULARES,0,0,0,0.0,0.0,0.0,,,,,,,0,
111,A0100301,A010,3,CSUV,SUV compacto,PARTICULARES,0,0,0,0.0,0.0,0.0,,,,,,,0,
112,A0100401,A010,4,CSUV,SUV compacto,PARTICULARES,0,0,0,0.0,0.0,0.0,,,,,,,0,
113,A0100501,A010,5,CSUV,SUV compacto,PARTICULARES,0,0,0,0.0,0.0,0.0,,,,,,,0,
114,A0100601,A010,6,CSUV,SUV compacto,PARTICULARES,0,0,0,0.0,0.0,0.0,,,,,,,0,
115,A0100701,A010,7,CSUV,SUV compacto,PARTICULARES,0,0,0,0.0,0.0,0.0,,,,,,,0,
116,A0100801,A010,8,CSUV,SUV compacto,PARTICULARES,0,0,0,0.0,0.0,0.0,,,,,,,0,
117,A0100901,A010,9,CSUV,SUV compacto,PARTICULARES,0,0,0,0.0,0.0,0.0,,,,,,,0,
118,A0101001,A010,10,CSUV,SUV compacto,PARTICULARES,0,0,0,0.0,0.0,0.0,,,,,,,0,
119,A0101101,A010,11,CSUV,SUV compacto,PARTICULARES,0,0,0,0.0,0.0,0.0,,,,,,,0,
120,A0101201,A010,12,CSUV,SUV compacto,PARTICULARES,0,0,0,0.0,0.0,0.0,,,,,,,0,
121,A0110101,A011,1,CSUV,SUV compacto,PARTICULARES,0,0,0,0.0,0.0,0.0,,,,,,,0,
122,A0110201,A011,2,CSUV,SUV compacto,PARTICULARES,0,0,0,0.0,0.0,0.0,,,,,,,0,
123,A0110301,A011,3,CSUV,SUV compacto,PARTICULARES,0,0,0,0.0,0.0,0.0,,,,,,,0,
124,A0110401,A011,4,CSUV,SUV compacto,PARTICULARES,0,0,0,0.0,0.0,0.0,,,,,,,0,
125,A0110501,A011,5,CSUV,SUV compacto,PARTICULARES,0,0,0,0.0,0.0,0.0,,,,,,,0,
126,A0110601,A011,6,CSUV,SUV compacto,PARTICULARES,0,0,0,0.0,0.0,0.0,,,,,,,0,
127,A0110701,A011,7,CSUV,SUV compacto,PARTICULARES,0,0,0,0.0,0.0,0.0,,,,,,,0,
128,A0110801,A011,8,CSUV,SUV compacto,PARTICULARES,0,0,0,0.0,0.0,0.0,,,,,,,0,
129,A0110901,A011,9,CSUV,SUV compacto,PARTICULARES,0,0,0,0.0,0.0,0.0,,,,,,,0,
130,A0111001,A011,10,CSUV,SUV compacto,PARTICULARES,0,0,0,0.0,0.0,0.0,,,,,,,0,
131,A0111101,A011,11,CSUV,SUV compacto,PARTICULARES,0,0,0,0.0,0.0,0.0,,,,,,,0,
132,A0111201,A011,12,CSUV,SUV compacto,PARTICULARES,0,0,0,0.0,0.0,0.0,,,,,,,0,
133,A0120101,A012,1,CSUV,SUV compacto,PARTICULARES,0,0,0,0.0,0.0,0.0,,,,,,,0,
134,A0120201,A012,2,CSUV,SUV compacto,PARTICULARES,0,0,0,0.0,0.0,0.0,,,,,,,0,
135,A0120301,A012,3,CSUV,SUV compacto,PARTICULARES,0,0,0,0.0,0.0,0.0,,,,,,,0,
136,A0120401,A012,4,CSUV,SUV compacto,PARTICULARES,0,0,0,0.0,0.0,0.0,,,,,,,0,
137,A0120501,A012,5,CSUV,SUV compacto,PARTICULARES,0,0,0,0.0,0.0,0.0,,,,,,,0,
138,A0120601,A012,6,CSUV,SUV compacto,PARTICULARES,0,0,0,0.0,0.0,0.0,,,,,,,0,
139,A0120701,A012,7,CSUV,SUV compacto,PARTICULARES,0,0,0,0.0,0.0,0.0,,,,,,,0,
140,A0120801,A012,8,CSUV,SUV compacto,PARTICULARES,28,8,0,28.0,0.0,0.0,32748.0,26367.0,1588.0,15.0,,,1,0.0
141,A0120901,A012,9,CSUV,SUV compacto,PARTICULARES,171,4,0,171.0,0.0,0.0,31231.0,25147.0,2164.0,18.0,,,0,1.0
142,A0121001,A012,10,CSUV,SUV compacto,PARTICULARES,249,15,0,248.0,1.0,0.0,31840.0,25791.0,2103.0,21.0,91.0,,0,2.0
143,A0121101,A012,11,CSUV,SUV compacto,PARTICULARES,324,0,1,310.0,14.0,0.0,32059.0,26001.0,2425.0,26.0,100.0,,0,3.0
144,A0121201,A012,12,CSUV,SUV compacto,PARTICULARES,303,1,0,282.0,21.0,0.0,32092.0,25986.0,2293.0,24.0,111.0,,0,4.0
25,A0030101,A003,1,MD,Berlina media,ALQUILADORES,0,0,0,,,,,,,,,,0,
26,A0030201,A003,2,MD,Berlina media,ALQUILADORES,0,0,0,,,,,,,,,,0,
27,A0030301,A003,3,MD,Berlina media,ALQUILADORES,0,0,0,,,,,,,,,,1,0.0
28,A0030401,A003,4,MD,Berlina media,ALQUILADORES,0,0,0,,,,,,,,,,0,1.0
29,A0030501,A003,5,MD,Berlina media,ALQUILADORES,2,0,2,,,,28691.0,22516.0,1351.0,,,,0,2.0
30,A0030601,A003,6,MD,Berlina media,ALQUILADORES,0,0,0,,,,,,,,,,0,3.0
31,A0030701,A003,7,MD,Berlina media,ALQUILADORES,0,0,0,,,,,,,,,,0,4.0
32,A0030801,A003,8,MD,Berlina media,ALQUILADORES,0,0,0,,,,,,,,,,0,5.0
33,A0030901,A003,9,MD,Berlina media,ALQUILADORES,1,0,1,,,,27455.0,21533.0,1292.0,,,,0,6.0
34,A0031001,A003,10,MD,Berlina media,ALQUILADORES,0,0,0,,,,,,,,,,0,7.0
35,A0031101,A003,11,MD,Berlina media,ALQUILADORES,0,0,0,,,,,,,,,,0,8.0
36,A0031201,A003,12,MD,Berlina media,ALQUILADORES,0,0,0,,,,,,,,,,0,9.0
37,A0040101,A004,1,MD,Berlina media,ALQUILADORES,0,0,0,,,,,,,,,,0,10.0
38,A0040201,A004,2,MD,Berlina media,ALQUILADORES,0,0,0,,,,,,,,,,0,11.0
39,A0040301,A004,3,MD,Berlina media,ALQUILADORES,0,0,0,,,,,,,,,,0,12.0
40,A0040401,A004,4,MD,Berlina media,ALQUILADORES,0,0,0,,,,,,,,,,0,13.0
41,A0040501,A004,5,MD,Berlina media,ALQUILADORES,0,0,0,,,,,,,,,,0,14.0
42,A0040601,A004,6,MD,Berlina media,ALQUILADORES,2,0,2,,,,27993.0,21961.0,1318.0,,,,0,15.0
43,A0040701,A004,7,MD,Berlina media,ALQUILADORES,1,0,1,,,,27993.0,21961.0,1318.0,,,,0,16.0
44,A0040801,A004,8,MD,Berlina media,ALQUILADORES,0,0,0,,,,,,,,,,0,17.0
45,A0040901,A004,9,MD,Berlina media,ALQUILADORES,0,0,0,,,,,,,,,,0,18.0
46,A0041001,A004,10,MD,Berlina media,ALQUILADORES,0,0,0,,,,,,,,,,0,19.0
47,A0041101,A004,11,MD,Berlina media,ALQUILADORES,0,0,0,,,,,,,,,,0,20.0
48,A0041201,A004,12,MD,Berlina media,ALQUILADORES,0,0,0,,,,,,,,,,0,21.0
49,A0050101,A005,1,MD,Berlina media,ALQUILADORES,0,0,0,,,,,,,,,,0,22.0
50,A0050201,A005,2,MD,Berlina media,ALQUILADORES,0,0,0,,,,,,,,,,0,23.0
51,A0050301,A005,3,MD,Berlina media,ALQUILADORES,0,0,0,,,,,,,,,,0,24.0
52,A0050401,A005,4,MD,Berlina media,ALQUILADORES,0,0,0,,,,,,,,,,0,25.0
53,A0050501,A005,5,MD,Berlina media,ALQUILADORES,0,0,0,,,,,,,,,,0,26.0
54,A0050601,A005,6,MD,Berlina media,ALQUILADORES,0,0,0,,,,,,,,,,0,27.0
55,A0050701,A005,7,MD,Berlina media,ALQUILADORES,0,0,0,,,,,,,,,,0,28.0
56,A0050801,A005,8,MD,Berlina media,ALQUILADORES,0,0,0,,,,,,,,,,0,29.0
57,A0050901,A005,9,MD,Berlina media,ALQUILADORES,0,0,0,,,,,,,,,,0,30.0
58,A0051001,A005,10,MD,Berlina media,ALQUILADORES,0,0,0,,,,,,,,,,0,31.0
59,A0051101,A005,11,MD,Berlina media,ALQUILADORES,0,0,0,,,,,,,,,,1,0.0
60,A0051201,A005,12,MD,Berlina media,ALQUILADORES,0,0,0,,,,,,,,,,1,0.0
61,A0060101,A006,1,MD,Berlina media,ALQUILADORES,0,0,0,,,,,,,,,,0,1.0
62,A0060201,A006,2,MD,Berlina media,ALQUILADORES,0,0,0,,,,,,,,,,0,2.0
63,A0060301,A006,3,MD,Berlina media,ALQUILADORES,0,0,0,,,,,,,,,,0,3.0
64,A0060401,A006,4,MD,Berlina media,ALQUILADORES,0,0,0,,,,,,,,,,0,4.0
65,A0060501,A006,5,MD,Berlina media,ALQUILADORES,0,0,0,,,,,,,,,,0,5.0
66,A0060601,A006,6,MD,Berlina media,ALQUILADORES,0,0,0,,,,,,,,,,0,6.0
67,A0060701,A006,7,MD,Berlina media,ALQUILADORES,0,0,0,,,,,,,,,,0,7.0
68,A0060801,A006,8,MD,Berlina media,ALQUILADORES,0,0,0,,,,,,,,,,0,8.0
69,A0060901,A006,9,MD,Berlina media,ALQUILADORES,0,0,0,,,,,,,,,,0,9.0
70,A0061001,A006,10,MD,Berlina media,ALQUILADORES,0,0,0,,,,,,,,,,1,0.0
71,A0061101,A006,11,MD,Berlina media,ALQUILADORES,0,0,0,,,,,,,,,,0,1.0
72,A0061201,A006,12,MD,Berlina media,ALQUILADORES,0,0,0,,,,,,,,,,0,2.0
73,A0070101,A007,1,MD,Berlina media,ALQUILADORES,0,0,0,,,,,,,,,,0,3.0
74,A0070201,A007,2,MD,Berlina media,ALQUILADORES,0,0,0,,,,,,,,,,0,4.0
75,A0070301,A007,3,MD,Berlina media,ALQUILADORES,0,0,0,,,,,,,,,,0,5.0
76,A0070401,A007,4,MD,Berlina media,ALQUILADORES,0,0,0,,,,,,,,,,0,6.0
77,A0070501,A007,5,MD,Berlina media,ALQUILADORES,0,0,0,,,,,,,,,,0,7.0
78,A0070601,A007,6,MD,Berlina media,ALQUILADORES,0,0,0,,,,,,,,,,0,8.0
79,A0070701,A007,7,MD,Berlina media,ALQUILADORES,0,0,0,,,,,,,,,,0,9.0
80,A0070801,A007,8,MD,Berlina media,ALQUILADORES,0,0,0,,,,,,,,,,0,10.0
81,A0070901,A007,9,MD,Berlina media,ALQUILADORES,0,0,0,,,,,,,,,,0,11.0
82,A0071001,A007,10,MD,Berlina media,ALQUILADORES,0,0,0,,,,,,,,,,0,12.0
83,A0071101,A007,11,MD,Berlina media,ALQUILADORES,0,0,0,,,,,,,,,,0,13.0
84,A0071201,A007,12,MD,Berlina media,ALQUILADORES,0,0,0,,,,,,,,,,0,14.0
85,A0080101,A008,1,MD,Berlina media,ALQUILADORES,0,0,0,,,,,,,,,,0,15.0
86,A0080201,A008,2,MD,Berlina media,ALQUILADORES,0,0,0,,,,,,,,,,0,16.0
87,A0080301,A008,3,MD,Berlina media,ALQUILADORES,0,0,0,,,,,,,,,,0,17.0
88,A0080401,A008,4,MD,Berlina media,ALQUILADORES,0,0,0,,,,,,,,,,0,18.0
89,A0080501,A008,5,MD,Berlina media,ALQUILADORES,0,0,0,,,,,,,,,,0,19.0
90,A0080601,A008,6,MD,Berlina media,ALQUILADORES,0,0,0,,,,,,,,,,0,20.0
91,A0080701,A008,7,MD,Berlina media,ALQUILADORES,0,0,0,,,,,,,,,,0,21.0
92,A0080801,A008,8,MD,Berlina media,ALQUILADORES,0,0,0,,,,,,,,,,0,22.0
93,A0080901,A008,9,MD,Berlina media,ALQUILADORES,0,0,0,,,,,,,,,,0,23.0
94,A0081001,A008,10,MD,Berlina media,ALQUILADORES,0,0,0,,,,,,,,,,0,24.0
95,A0081101,A008,11,MD,Berlina media,ALQUILADORES,0,0,0,,,,,,,,,,0,25.0
96,A0081201,A008,12,MD,Berlina media,ALQUILADORES,0,0,0,,,,,,,,,,0,26.0
97,A0090101,A009,1,MD,Berlina media,ALQUILADORES,0,0,0,,,,,,,,,,0,27.0
98,A0090201,A009,2,MD,Berlina media,ALQUILADORES,0,0,0,0.0,0.0,0.0,,,,,,,0,28.0
99,A0090301,A009,3,MD,Berlina media,ALQUILADORES,5,0,0,5.0,0.0,0.0,35413.0,27861.0,5097.0,20.0,,,0,29.0
100,A0090401,A009,4,MD,Berlina media,ALQUILADORES,0,0,0,0.0,0.0,0.0,,,,,,,0,30.0
101,A0090501,A009,5,MD,Berlina media,ALQUILADORES,0,0,0,0.0,0.0,0.0,,,,,,,0,31.0
102,A0090601,A009,6,MD,Berlina media,ALQUILADORES,0,0,0,0.0,0.0,0.0,,,,,,,0,32.0
103,A0090701,A009,7,MD,Berlina media,ALQUILADORES,0,0,0,0.0,0.0,0.0,,,,,,,0,33.0
104,A0090801,A009,8,MD,Berlina media,ALQUILADORES,0,0,0,0.0,0.0,0.0,,,,,,,1,0.0
105,A0090901,A009,9,MD,Berlina media,ALQUILADORES,0,0,0,0.0,0.0,0.0,,,,,,,0,1.0
106,A0091001,A009,10,MD,Berlina media,ALQUILADORES,5,0,5,2.0,2.0,1.0,33739.0,26530.0,4321.0,26.0,111.0,249.0,0,2.0
107,A0091101,A009,11,MD,Berlina media,ALQUILADORES,1,0,1,1.0,0.0,0.0,40335.0,31776.0,5150.0,28.0,,,0,3.0
108,A0091201,A009,12,MD,Berlina media,ALQUILADORES,3,0,3,3.0,0.0,0.0,38065.0,29970.0,4868.0,22.0,,,0,4.0
109,A0100101,A010,1,MD,Berlina media,ALQUILADORES,0,0,0,0.0,0.0,0.0,,,,,,,0,5.0
110,A0100201,A010,2,MD,Berlina media,ALQUILADORES,1,0,1,1.0,0.0,0.0,34525.0,27155.0,4345.0,33.0,,,0,6.0
111,A0100301,A010,3,MD,Berlina media,ALQUILADORES,3,0,3,3.0,0.0,0.0,34525.0,27155.0,4395.0,33.0,,,0,7.0
112,A0100401,A010,4,MD,Berlina media,ALQUILADORES,0,0,0,0.0,0.0,0.0,,,,,,,0,8.0
113,A0100501,A010,5,MD,Berlina media,ALQUILADORES,0,0,0,0.0,0.0,0.0,,,,,,,0,9.0
114,A0100601,A010,6,MD,Berlina media,ALQUILADORES,0,0,0,0.0,0.0,0.0,,,,,,,0,10.0
115,A0100701,A010,7,MD,Berlina media,ALQUILADORES,3,0,3,3.0,0.0,0.0,34525.0,27155.0,4417.0,36.0,,,0,11.0
116,A0100801,A010,8,MD,Berlina media,ALQUILADORES,1,0,1,1.0,0.0,0.0,40185.0,31656.0,5150.0,50.0,,,0,12.0
117,A0100901,A010,9,MD,Berlina media,ALQUILADORES,0,0,0,0.0,0.0,0.0,,,,,,,0,13.0
118,A0101001,A010,10,MD,Berlina media,ALQUILADORES,0,0,0,0.0,0.0,0.0,,,,,,,0,14.0
119,A0101101,A010,11,MD,Berlina media,ALQUILADORES,1,0,1,1.0,0.0,0.0,33802.0,26580.0,4322.0,15.0,,,0,15.0
120,A0101201,A010,12,MD,Berlina media,ALQUILADORES,0,0,0,0.0,0.0,0.0,,,,,,,0,16.0
121,A0110101,A011,1,MD,Berlina media,ALQUILADORES,1,0,1,0.0,1.0,0.0,34525.0,27155.0,4345.0,,136.0,,0,17.0
122,A0110201,A011,2,MD,Berlina media,ALQUILADORES,0,0,0,0.0,0.0,0.0,,,,,,,0,18.0
123,A0110301,A011,3,MD,Berlina media,ALQUILADORES,0,0,0,0.0,0.0,0.0,,,,,,,0,19.0
124,A0110401,A011,4,MD,Berlina media,ALQUILADORES,2,0,2,0.0,0.0,2.0,34525.0,27155.0,4378.0,,,222.0,0,20.0
125,A0110501,A011,5,MD,Berlina media,ALQUILADORES,0,0,0,0.0,0.0,0.0,,,,,,,0,21.0
126,A0110601,A011,6,MD,Berlina media,ALQUILADORES,2,0,2,2.0,0.0,0.0,34163.0,26868.0,4329.0,83.0,,,1,0.0
127,A0110701,A011,7,MD,Berlina media,ALQUILADORES,0,0,0,0.0,0.0,0.0,,,,,,,0,1.0
128,A0110801,A011,8,MD,Berlina media,ALQUILADORES,1,0,1,1.0,0.0,0.0,40725.0,32086.0,5200.0,74.0,,,0,2.0
129,A0110901,A011,9,MD,Berlina media,ALQUILADORES,0,0,0,0.0,0.0,0.0,,,,,,,0,3.0
130,A0111001,A011,10,MD,Berlina media,ALQUILADORES,0,0,0,0.0,0.0,0.0,,,,,,,0,4.0
131,A0111101,A011,11,MD,Berlina media,ALQUILADORES,0,0,0,0.0,0.0,0.0,,,,,,,0,5.0
132,A0111201,A011,12,MD,Berlina media,ALQUILADORES,0,0,0,0.0,0.0,0.0,,,,,,,0,6.0
133,A0120101,A012,1,MD,Berlina media,ALQUILADORES,0,0,0,0.0,0.0,0.0,,,,,,,0,7.0
134,A0120201,A012,2,MD,Berlina media,ALQUILADORES,0,0,0,0.0,0.0,0.0,,,,,,,0,8.0
135,A0120301,A012,3,MD,Berlina media,ALQUILADORES,0,0,0,0.0,0.0,0.0,,,,,,,0,9.0
136,A0120401,A012,4,MD,Berlina media,ALQUILADORES,0,0,0,0.0,0.0,0.0,,,,,,,0,10.0
137,A0120501,A012,5,MD,Berlina media,ALQUILADORES,0,0,0,0.0,0.0,0.0,,,,,,,0,11.0
138,A0120601,A012,6,MD,Berlina media,ALQUILADORES,0,0,0,0.0,0.0,0.0,,,,,,,0,12.0
139,A0120701,A012,7,MD,Berlina media,ALQUILADORES,0,0,0,0.0,0.0,0.0,,,,,,,0,13.0
140,A0120801,A012,8,MD,Berlina media,ALQUILADORES,0,0,0,0.0,0.0,0.0,,,,,,,0,14.0
141,A0120901,A012,9,MD,Berlina media,ALQUILADORES,0,0,0,0.0,0.0,0.0,,,,,,,0,15.0
142,A0121001,A012,10,MD,Berlina media,ALQUILADORES,0,0,0,0.0,0.0,0.0,,,,,,,0,16.0
143,A0121101,A012,11,MD,Berlina media,ALQUILADORES,0,0,0,0.0,0.0,0.0,,,,,,,0,17.0
144,A0121201,A012,12,MD,Berlina media,ALQUILADORES,0,0,0,0.0,0.0,0.0,,,,,,,0,18.0
25,A0030101,A003,1,MD,Berlina media,EMPRESAS_RENTING,43,10,2,,,,27690.0,21720.0,883.0,,,,0,
26,A0030201,A003,2,MD,Berlina media,EMPRESAS_RENTING,16,13,3,,,,26937.0,21121.0,2275.0,,,,0,
27,A0030301,A003,3,MD,Berlina media,EMPRESAS_RENTING,31,27,3,,,,28814.0,22614.0,2578.0,,,,1,0.0
28,A0030401,A003,4,MD,Berlina media,EMPRESAS_RENTING,20,9,5,,,,30199.0,23715.0,2423.0,,,,0,1.0
29,A0030501,A003,5,MD,Berlina media,EMPRESAS_RENTING,51,46,5,,,,29191.0,22914.0,2515.0,,,,0,2.0
30,A0030601,A003,6,MD,Berlina media,EMPRESAS_RENTING,33,18,15,,,,29841.0,23430.0,2193.0,,,,0,3.0
31,A0030701,A003,7,MD,Berlina media,EMPRESAS_RENTING,13,10,3,,,,29143.0,22875.0,2437.0,,,,0,4.0
32,A0030801,A003,8,MD,Berlina media,EMPRESAS_RENTING,15,11,4,,,,29413.0,23090.0,2246.0,,,,0,5.0
33,A0030901,A003,9,MD,Berlina media,EMPRESAS_RENTING,27,21,6,,,,31906.0,25072.0,2749.0,,,,0,6.0
34,A0031001,A003,10,MD,Berlina media,EMPRESAS_RENTING,9,4,5,,,,31855.0,25032.0,2618.0,,,,0,7.0
35,A0031101,A003,11,MD,Berlina media,EMPRESAS_RENTING,7,4,3,,,,29442.0,23113.0,2186.0,,,,0,8.0
36,A0031201,A003,12,MD,Berlina media,EMPRESAS_RENTING,14,6,8,,,,29875.0,23457.0,2101.0,,,,0,9.0
37,A0040101,A004,1,MD,Berlina media,EMPRESAS_RENTING,4,4,0,,,,29427.0,23101.0,2710.0,,,,0,10.0
38,A0040201,A004,2,MD,Berlina media,EMPRESAS_RENTING,19,12,4,,,,29095.0,22837.0,2258.0,,,,0,11.0
39,A0040301,A004,3,MD,Berlina media,EMPRESAS_RENTING,10,6,1,,,,28016.0,21979.0,2134.0,,,,0,12.0
40,A0040401,A004,4,MD,Berlina media,EMPRESAS_RENTING,12,9,3,,,,28464.0,22336.0,2419.0,,,,0,13.0
41,A0040501,A004,5,MD,Berlina media,EMPRESAS_RENTING,13,11,1,,,,28837.0,22632.0,2678.0,,,,0,14.0
42,A0040601,A004,6,MD,Berlina media,EMPRESAS_RENTING,24,19,5,,,,29716.0,23331.0,2665.0,,,,0,15.0
43,A0040701,A004,7,MD,Berlina media,EMPRESAS_RENTING,30,8,2,,,,29384.0,23067.0,4807.0,,,,0,16.0
44,A0040801,A004,8,MD,Berlina media,EMPRESAS_RENTING,10,10,0,,,,27373.0,21468.0,3343.0,,,,0,17.0
45,A0040901,A004,9,MD,Berlina media,EMPRESAS_RENTING,11,11,0,,,,28397.0,22282.0,3820.0,,,,0,18.0
46,A0041001,A004,10,MD,Berlina media,EMPRESAS_RENTING,11,6,3,,,,29669.0,23294.0,3070.0,,,,0,19.0
47,A0041101,A004,11,MD,Berlina media,EMPRESAS_RENTING,12,9,0,,,,30025.0,23576.0,3483.0,,,,0,20.0
48,A0041201,A004,12,MD,Berlina media,EMPRESAS_RENTING,9,7,2,,,,29232.0,22946.0,3500.0,,,,0,21.0
49,A0050101,A005,1,MD,Berlina media,EMPRESAS_RENTING,19,7,2,,,,28763.0,22573.0,4083.0,,,,0,22.0
50,A0050201,A005,2,MD,Berlina media,EMPRESAS_RENTING,5,4,1,,,,29437.0,23109.0,3580.0,,,,0,23.0
51,A0050301,A005,3,MD,Berlina media,EMPRESAS_RENTING,10,7,2,,,,30078.0,23619.0,3293.0,,,,0,24.0
52,A0050401,A005,4,MD,Berlina media,EMPRESAS_RENTING,1,1,0,,,,29401.0,23081.0,3829.0,,,,0,25.0
53,A0050501,A005,5,MD,Berlina media,EMPRESAS_RENTING,32,5,2,,,,28764.0,22574.0,6627.0,,,,0,26.0
54,A0050601,A005,6,MD,Berlina media,EMPRESAS_RENTING,15,11,1,,,,30066.0,23609.0,4427.0,,,,0,27.0
55,A0050701,A005,7,MD,Berlina media,EMPRESAS_RENTING,4,3,1,,,,28889.0,22674.0,3247.0,,,,0,28.0
56,A0050801,A005,8,MD,Berlina media,EMPRESAS_RENTING,6,5,1,,,,30691.0,24106.0,3124.0,,,,0,29.0
57,A0050901,A005,9,MD,Berlina media,EMPRESAS_RENTING,4,1,3,,,,30820.0,24209.0,2820.0,,,,0,30.0
58,A0051001,A005,10,MD,Berlina media,EMPRESAS_RENTING,2,1,1,,,,29730.0,23342.0,1991.0,,,,0,31.0
59,A0051101,A005,11,MD,Berlina media,EMPRESAS_RENTING,2,2,0,,,,29730.0,23342.0,4423.0,,,,1,0.0
60,A0051201,A005,12,MD,Berlina media,EMPRESAS_RENTING,3,3,0,,,,35253.0,27735.0,2628.0,,,,1,0.0
61,A0060101,A006,1,MD,Berlina media,EMPRESAS_RENTING,80,78,2,,,,34300.0,26976.0,3072.0,,,,0,1.0
62,A0060201,A006,2,MD,Berlina media,EMPRESAS_RENTING,20,12,8,,,,34805.0,27378.0,3295.0,,,,0,2.0
63,A0060301,A006,3,MD,Berlina media,EMPRESAS_RENTING,11,5,6,,,,31902.0,25069.0,4003.0,,,,0,3.0
64,A0060401,A006,4,MD,Berlina media,EMPRESAS_RENTING,23,9,14,,,,36407.0,28652.0,2609.0,,,,0,4.0
65,A0060501,A006,5,MD,Berlina media,EMPRESAS_RENTING,16,1,15,,,,32432.0,25491.0,2437.0,,,,0,5.0
66,A0060601,A006,6,MD,Berlina media,EMPRESAS_RENTING,67,50,17,,,,33571.0,26397.0,2954.0,,,,0,6.0
67,A0060701,A006,7,MD,Berlina media,EMPRESAS_RENTING,47,10,37,,,,33409.0,26268.0,2898.0,,,,0,7.0
68,A0060801,A006,8,MD,Berlina media,EMPRESAS_RENTING,26,3,23,,,,35127.0,27634.0,3112.0,,,,0,8.0
69,A0060901,A006,9,MD,Berlina media,EMPRESAS_RENTING,28,6,22,,,,33341.0,26213.0,3194.0,,,,0,9.0
70,A0061001,A006,10,MD,Berlina media,EMPRESAS_RENTING,37,5,32,,,,34879.0,27436.0,3361.0,,,,1,0.0
71,A0061101,A006,11,MD,Berlina media,EMPRESAS_RENTING,42,10,32,,,,34778.0,27357.0,3350.0,,,,0,1.0
72,A0061201,A006,12,MD,Berlina media,EMPRESAS_RENTING,35,7,26,,,,34121.0,26834.0,3258.0,,,,0,2.0
73,A0070101,A007,1,MD,Berlina media,EMPRESAS_RENTING,31,4,25,,,,33879.0,26642.0,3405.0,,,,0,3.0
74,A0070201,A007,2,MD,Berlina media,EMPRESAS_RENTING,64,32,32,,,,33717.0,26513.0,3476.0,,,,0,4.0
75,A0070301,A007,3,MD,Berlina media,EMPRESAS_RENTING,37,14,23,,,,33699.0,26498.0,3677.0,,,,0,5.0
76,A0070401,A007,4,MD,Berlina media,EMPRESAS_RENTING,36,16,20,,,,33928.0,26680.0,3522.0,,,,0,6.0
77,A0070501,A007,5,MD,Berlina media,EMPRESAS_RENTING,37,5,32,,,,34743.0,27328.0,3536.0,,,,0,7.0
78,A0070601,A007,6,MD,Berlina media,EMPRESAS_RENTING,61,28,33,,,,33948.0,26696.0,3240.0,,,,0,8.0
79,A0070701,A007,7,MD,Berlina media,EMPRESAS_RENTING,33,9,24,,,,34133.0,26843.0,3360.0,,,,0,9.0
80,A0070801,A007,8,MD,Berlina media,EMPRESAS_RENTING,29,13,16,,,,34285.0,26964.0,3339.0,,,,0,10.0
81,A0070901,A007,9,MD,Berlina media,EMPRESAS_RENTING,42,13,29,,,,34247.0,26934.0,3438.0,,,,0,11.0
82,A0071001,A007,10,MD,Berlina media,EMPRESAS_RENTING,71,26,40,,,,34038.0,26768.0,3580.0,,,,0,12.0
83,A0071101,A007,11,MD,Berlina media,EMPRESAS_RENTING,37,2,31,,,,34429.0,27079.0,4349.0,,,,0,13.0
84,A0071201,A007,12,MD,Berlina media,EMPRESAS_RENTING,34,1,33,,,,34788.0,27365.0,4173.0,,,,0,14.0
85,A0080101,A008,1,MD,Berlina media,EMPRESAS_RENTING,44,27,16,,,,35564.0,27981.0,3569.0,,,,0,15.0
86,A0080201,A008,2,MD,Berlina media,EMPRESAS_RENTING,81,37,44,,,,35228.0,27714.0,4035.0,,,,0,16.0
87,A0080301,A008,3,MD,Berlina media,EMPRESAS_RENTING,64,5,59,,,,34931.0,27478.0,4677.0,,,,0,17.0
88,A0080401,A008,4,MD,Berlina media,EMPRESAS_RENTING,57,0,57,,,,36690.0,28877.0,3927.0,,,,0,18.0
89,A0080501,A008,5,MD,Berlina media,EMPRESAS_RENTING,65,13,47,,,,36059.0,28375.0,3995.0,,,,0,19.0
90,A0080601,A008,6,MD,Berlina media,EMPRESAS_RENTING,74,27,44,,,,35021.0,27550.0,3746.0,,,,0,20.0
91,A0080701,A008,7,MD,Berlina media,EMPRESAS_RENTING,63,12,47,,,,35137.0,27642.0,4022.0,,,,0,21.0
92,A0080801,A008,8,MD,Berlina media,EMPRESAS_RENTING,47,3,33,,,,34200.0,26897.0,4222.0,,,,0,22.0
93,A0080901,A008,9,MD,Berlina media,EMPRESAS_RENTING,97,24,55,,,,35431.0,27876.0,4302.0,,,,0,23.0
94,A0081001,A008,10,MD,Berlina media,EMPRESAS_RENTING,89,14,74,,,,35215.0,27704.0,3861.0,,,,0,24.0
95,A0081101,A008,11,MD,Berlina media,EMPRESAS_RENTING,74,14,60,,,,35073.0,27591.0,3783.0,,,,0,25.0
96,A0081201,A008,12,MD,Berlina media,EMPRESAS_RENTING,56,9,47,,,,36626.0,28826.0,3884.0,,,,0,26.0
97,A0090101,A009,1,MD,Berlina media,EMPRESAS_RENTING,58,9,49,,,,34972.0,27510.0,3883.0,,,,0,27.0
98,A0090201,A009,2,MD,Berlina media,EMPRESAS_RENTING,75,22,52,57.0,12.0,6.0,35583.0,27997.0,3701.0,31.0,132.0,290.0,0,28.0
99,A0090301,A009,3,MD,Berlina media,EMPRESAS_RENTING,118,32,48,89.0,16.0,13.0,34926.0,27474.0,4247.0,23.0,137.0,282.0,0,29.0
100,A0090401,A009,4,MD,Berlina media,EMPRESAS_RENTING,50,6,44,38.0,7.0,5.0,35191.0,27685.0,4048.0,26.0,139.0,246.0,0,30.0
101,A0090501,A009,5,MD,Berlina media,EMPRESAS_RENTING,52,10,42,36.0,10.0,6.0,36360.0,28614.0,4145.0,31.0,120.0,296.0,0,31.0
102,A0090601,A009,6,MD,Berlina media,EMPRESAS_RENTING,79,12,43,58.0,9.0,12.0,35067.0,27586.0,4370.0,27.0,128.0,240.0,0,32.0
103,A0090701,A009,7,MD,Berlina media,EMPRESAS_RENTING,42,4,36,33.0,2.0,7.0,35353.0,27814.0,4095.0,25.0,102.0,271.0,0,33.0
104,A0090801,A009,8,MD,Berlina media,EMPRESAS_RENTING,18,0,18,16.0,1.0,1.0,34984.0,27520.0,3931.0,27.0,106.0,207.0,1,0.0
105,A0090901,A009,9,MD,Berlina media,EMPRESAS_RENTING,92,34,58,79.0,6.0,7.0,35560.0,27979.0,3699.0,26.0,135.0,243.0,0,1.0
106,A0091001,A009,10,MD,Berlina media,EMPRESAS_RENTING,56,16,40,42.0,7.0,7.0,34954.0,27497.0,3594.0,28.0,140.0,285.0,0,2.0
107,A0091101,A009,11,MD,Berlina media,EMPRESAS_RENTING,40,9,31,32.0,4.0,4.0,34981.0,27518.0,3769.0,39.0,106.0,289.0,0,3.0
108,A0091201,A009,12,MD,Berlina media,EMPRESAS_RENTING,52,7,44,41.0,7.0,4.0,34872.0,27431.0,3822.0,31.0,115.0,259.0,0,4.0
109,A0100101,A010,1,MD,Berlina media,EMPRESAS_RENTING,75,19,54,62.0,11.0,2.0,35389.0,27843.0,3660.0,35.0,125.0,246.0,0,5.0
110,A0100201,A010,2,MD,Berlina media,EMPRESAS_RENTING,61,12,40,48.0,9.0,4.0,34514.0,27146.0,3816.0,32.0,125.0,277.0,0,6.0
111,A0100301,A010,3,MD,Berlina media,EMPRESAS_RENTING,52,8,42,35.0,13.0,4.0,35395.0,27847.0,3909.0,29.0,142.0,238.0,0,7.0
112,A0100401,A010,4,MD,Berlina media,EMPRESAS_RENTING,55,17,25,28.0,14.0,13.0,34005.0,26742.0,4342.0,46.0,112.0,293.0,0,8.0
113,A0100501,A010,5,MD,Berlina media,EMPRESAS_RENTING,46,10,35,38.0,3.0,5.0,35264.0,27743.0,4113.0,27.0,129.0,298.0,0,9.0
114,A0100601,A010,6,MD,Berlina media,EMPRESAS_RENTING,54,14,39,36.0,10.0,8.0,35655.0,28054.0,3783.0,31.0,125.0,282.0,0,10.0
115,A0100701,A010,7,MD,Berlina media,EMPRESAS_RENTING,43,9,34,29.0,3.0,11.0,35214.0,27703.0,3938.0,25.0,115.0,256.0,0,11.0
116,A0100801,A010,8,MD,Berlina media,EMPRESAS_RENTING,26,3,22,16.0,3.0,7.0,35121.0,27629.0,3904.0,29.0,157.0,283.0,0,12.0
117,A0100901,A010,9,MD,Berlina media,EMPRESAS_RENTING,49,28,20,23.0,7.0,19.0,34294.0,26972.0,3623.0,29.0,142.0,285.0,0,13.0
118,A0101001,A010,10,MD,Berlina media,EMPRESAS_RENTING,82,8,28,64.0,5.0,13.0,34063.0,26787.0,5238.0,17.0,139.0,285.0,0,14.0
119,A0101101,A010,11,MD,Berlina media,EMPRESAS_RENTING,37,10,25,21.0,4.0,12.0,35670.0,28065.0,4416.0,31.0,124.0,280.0,0,15.0
120,A0101201,A010,12,MD,Berlina media,EMPRESAS_RENTING,30,3,27,22.0,2.0,6.0,35779.0,28152.0,4488.0,25.0,137.0,306.0,0,16.0
121,A0110101,A011,1,MD,Berlina media,EMPRESAS_RENTING,35,18,17,16.0,6.0,13.0,34573.0,27193.0,3677.0,35.0,116.0,293.0,0,17.0
122,A0110201,A011,2,MD,Berlina media,EMPRESAS_RENTING,29,10,19,11.0,4.0,14.0,35409.0,27858.0,4286.0,24.0,146.0,284.0,0,18.0
123,A0110301,A011,3,MD,Berlina media,EMPRESAS_RENTING,31,2,29,21.0,4.0,6.0,34607.0,27221.0,4383.0,28.0,138.0,268.0,0,19.0
124,A0110401,A011,4,MD,Berlina media,EMPRESAS_RENTING,38,2,28,31.0,1.0,6.0,34967.0,27506.0,4637.0,24.0,156.0,238.0,0,20.0
125,A0110501,A011,5,MD,Berlina media,EMPRESAS_RENTING,32,0,25,23.0,1.0,8.0,35018.0,27547.0,4658.0,30.0,147.0,362.0,0,21.0
126,A0110601,A011,6,MD,Berlina media,EMPRESAS_RENTING,22,4,18,15.0,1.0,6.0,35339.0,27803.0,4398.0,41.0,111.0,253.0,1,0.0
127,A0110701,A011,7,MD,Berlina media,EMPRESAS_RENTING,53,24,26,24.0,8.0,21.0,34999.0,27532.0,4167.0,31.0,121.0,311.0,0,1.0
128,A0110801,A011,8,MD,Berlina media,EMPRESAS_RENTING,77,4,16,36.0,20.0,21.0,35361.0,27820.0,5658.0,31.0,126.0,338.0,0,2.0
129,A0110901,A011,9,MD,Berlina media,EMPRESAS_RENTING,58,25,10,52.0,2.0,4.0,34805.0,27378.0,4571.0,36.0,118.0,364.0,0,3.0
130,A0111001,A011,10,MD,Berlina media,EMPRESAS_RENTING,27,8,14,23.0,3.0,1.0,36964.0,29095.0,4029.0,27.0,107.0,367.0,0,4.0
131,A0111101,A011,11,MD,Berlina media,EMPRESAS_RENTING,33,13,20,24.0,8.0,1.0,36583.0,28792.0,3576.0,29.0,133.0,458.0,0,5.0
132,A0111201,A011,12,MD,Berlina media,EMPRESAS_RENTING,42,6,27,33.0,7.0,2.0,35839.0,28200.0,4289.0,30.0,137.0,303.0,0,6.0
133,A0120101,A012,1,MD,Berlina media,EMPRESAS_RENTING,39,8,27,31.0,7.0,1.0,37323.0,29380.0,3704.0,27.0,144.0,211.0,0,7.0
134,A0120201,A012,2,MD,Berlina media,EMPRESAS_RENTING,27,7,20,22.0,2.0,3.0,35452.0,27892.0,3762.0,35.0,156.0,217.0,0,8.0
135,A0120301,A012,3,MD,Berlina media,EMPRESAS_RENTING,51,22,29,28.0,15.0,8.0,35651.0,28051.0,3633.0,31.0,123.0,282.0,0,9.0
136,A0120401,A012,4,MD,Berlina media,EMPRESAS_RENTING,30,13,17,18.0,6.0,6.0,35824.0,28188.0,3955.0,40.0,130.0,293.0,0,10.0
137,A0120501,A012,5,MD,Berlina media,EMPRESAS_RENTING,37,17,20,24.0,4.0,9.0,36387.0,28813.0,3699.0,24.0,148.0,246.0,0,11.0
138,A0120601,A012,6,MD,Berlina media,EMPRESAS_RENTING,29,8,21,23.0,2.0,4.0,37020.0,29362.0,3897.0,24.0,144.0,271.0,0,12.0
139,A0120701,A012,7,MD,Berlina media,EMPRESAS_RENTING,34,15,19,20.0,6.0,8.0,35393.0,28042.0,3575.0,33.0,127.0,287.0,0,13.0
140,A0120801,A012,8,MD,Berlina media,EMPRESAS_RENTING,29,13,16,17.0,6.0,6.0,35522.0,28167.0,3702.0,35.0,122.0,309.0,0,14.0
141,A0120901,A012,9,MD,Berlina media,EMPRESAS_RENTING,29,15,14,15.0,7.0,7.0,34979.0,27745.0,3641.0,33.0,122.0,238.0,0,15.0
142,A0121001,A012,10,MD,Berlina media,EMPRESAS_RENTING,33,11,22,20.0,9.0,4.0,36243.0,28815.0,3904.0,36.0,123.0,378.0,0,16.0
143,A0121101,A012,11,MD,Berlina media,EMPRESAS_RENTING,19,4,15,12.0,3.0,4.0,35746.0,28709.0,3923.0,33.0,135.0,266.0,0,17.0
144,A0121201,A012,12,MD,Berlina media,EMPRESAS_RENTING,26,15,11,6.0,9.0,11.0,35894.0,28328.0,3631.0,29.0,143.0,289.0,0,18.0
25,A0030101,A003,1,MD,Berlina media,PARTICULARES,81,2,10,,,,28541.0,22397.0,1692.0,,,,0,
26,A0030201,A003,2,MD,Berlina media,PARTICULARES,166,9,37,,,,28796.0,22600.0,2010.0,,,,0,
27,A0030301,A003,3,MD,Berlina media,PARTICULARES,180,5,32,,,,29274.0,22979.0,2136.0,,,,1,0.0
28,A0030401,A003,4,MD,Berlina media,PARTICULARES,153,11,4,,,,29300.0,23000.0,2274.0,,,,0,1.0
29,A0030501,A003,5,MD,Berlina media,PARTICULARES,191,27,27,,,,29113.0,22851.0,2251.0,,,,0,2.0
30,A0030601,A003,6,MD,Berlina media,PARTICULARES,200,15,107,,,,28704.0,22526.0,2118.0,,,,0,3.0
31,A0030701,A003,7,MD,Berlina media,PARTICULARES,81,10,43,,,,29147.0,22878.0,1707.0,,,,0,4.0
32,A0030801,A003,8,MD,Berlina media,PARTICULARES,76,3,21,,,,28540.0,22396.0,1954.0,,,,0,5.0
33,A0030901,A003,9,MD,Berlina media,PARTICULARES,88,5,15,,,,28898.0,22681.0,1964.0,,,,0,6.0
34,A0031001,A003,10,MD,Berlina media,PARTICULARES,85,12,4,,,,28390.0,22277.0,1764.0,,,,0,7.0
35,A0031101,A003,11,MD,Berlina media,PARTICULARES,63,4,3,,,,29165.0,22893.0,1636.0,,,,0,8.0
36,A0031201,A003,12,MD,Berlina media,PARTICULARES,90,13,5,,,,28609.0,22451.0,2204.0,,,,0,9.0
37,A0040101,A004,1,MD,Berlina media,PARTICULARES,59,4,0,,,,29456.0,23125.0,2148.0,,,,0,10.0
38,A0040201,A004,2,MD,Berlina media,PARTICULARES,65,7,7,,,,28393.0,22279.0,2255.0,,,,0,11.0
39,A0040301,A004,3,MD,Berlina media,PARTICULARES,92,12,13,,,,28700.0,22523.0,2576.0,,,,0,12.0
40,A0040401,A004,4,MD,Berlina media,PARTICULARES,49,3,12,,,,28666.0,22496.0,2289.0,,,,0,13.0
41,A0040501,A004,5,MD,Berlina media,PARTICULARES,85,3,26,,,,28960.0,22730.0,2201.0,,,,0,14.0
42,A0040601,A004,6,MD,Berlina media,PARTICULARES,78,17,15,,,,28628.0,22466.0,1796.0,,,,0,15.0
43,A0040701,A004,7,MD,Berlina media,PARTICULARES,93,14,23,,,,28194.0,22121.0,2301.0,,,,0,16.0
44,A0040801,A004,8,MD,Berlina media,PARTICULARES,43,2,17,,,,28167.0,22099.0,2523.0,,,,0,17.0
45,A0040901,A004,9,MD,Berlina media,PARTICULARES,97,9,30,,,,28228.0,22148.0,2907.0,,,,0,18.0
46,A0041001,A004,10,MD,Berlina media,PARTICULARES,84,4,22,,,,28252.0,22167.0,3055.0,,,,0,19.0
47,A0041101,A004,11,MD,Berlina media,PARTICULARES,90,3,53,,,,27489.0,21560.0,3421.0,,,,0,20.0
48,A0041201,A004,12,MD,Berlina media,PARTICULARES,84,1,29,,,,28513.0,22375.0,3247.0,,,,0,21.0
49,A0050101,A005,1,MD,Berlina media,PARTICULARES,51,5,14,,,,28810.0,22610.0,3039.0,,,,0,22.0
50,A0050201,A005,2,MD,Berlina media,PARTICULARES,51,7,11,,,,28129.0,22069.0,3102.0,,,,0,23.0
51,A0050301,A005,3,MD,Berlina media,PARTICULARES,57,14,13,,,,29023.0,22780.0,2577.0,,,,0,24.0
52,A0050401,A005,4,MD,Berlina media,PARTICULARES,30,4,0,,,,30186.0,23705.0,3465.0,,,,0,25.0
53,A0050501,A005,5,MD,Berlina media,PARTICULARES,34,6,0,,,,29236.0,22950.0,2795.0,,,,0,26.0
54,A0050601,A005,6,MD,Berlina media,PARTICULARES,85,36,22,,,,30244.0,23751.0,2085.0,,,,0,27.0
55,A0050701,A005,7,MD,Berlina media,PARTICULARES,43,0,16,,,,29802.0,23399.0,3137.0,,,,0,28.0
56,A0050801,A005,8,MD,Berlina media,PARTICULARES,47,0,20,,,,28899.0,22681.0,3436.0,,,,0,29.0
57,A0050901,A005,9,MD,Berlina media,PARTICULARES,28,11,12,,,,29030.0,22785.0,2703.0,,,,0,30.0
58,A0051001,A005,10,MD,Berlina media,PARTICULARES,21,1,20,,,,28273.0,22184.0,3005.0,,,,0,31.0
59,A0051101,A005,11,MD,Berlina media,PARTICULARES,41,5,32,,,,29125.0,22861.0,3308.0,,,,1,0.0
60,A0051201,A005,12,MD,Berlina media,PARTICULARES,61,25,33,,,,30425.0,23895.0,2244.0,,,,1,0.0
61,A0060101,A006,1,MD,Berlina media,PARTICULARES,69,37,26,,,,32745.0,25739.0,1776.0,,,,0,1.0
62,A0060201,A006,2,MD,Berlina media,PARTICULARES,53,16,16,,,,31716.0,24922.0,2244.0,,,,0,2.0
63,A0060301,A006,3,MD,Berlina media,PARTICULARES,31,1,5,,,,30401.0,23875.0,2091.0,,,,0,3.0
64,A0060401,A006,4,MD,Berlina media,PARTICULARES,58,5,4,,,,33535.0,26368.0,1476.0,,,,0,4.0
65,A0060501,A006,5,MD,Berlina media,PARTICULARES,50,4,2,,,,32469.0,25520.0,1417.0,,,,0,5.0
66,A0060601,A006,6,MD,Berlina media,PARTICULARES,48,7,0,,,,33022.0,25960.0,1801.0,,,,0,6.0
67,A0060701,A006,7,MD,Berlina media,PARTICULARES,68,2,3,,,,32578.0,25607.0,2187.0,,,,0,7.0
68,A0060801,A006,8,MD,Berlina media,PARTICULARES,55,6,1,,,,33451.0,26301.0,1888.0,,,,0,8.0
69,A0060901,A006,9,MD,Berlina media,PARTICULARES,56,3,0,,,,33217.0,26115.0,2064.0,,,,0,9.0
70,A0061001,A006,10,MD,Berlina media,PARTICULARES,55,5,0,,,,33841.0,26611.0,2015.0,,,,1,0.0
71,A0061101,A006,11,MD,Berlina media,PARTICULARES,54,8,0,,,,33934.0,26686.0,1922.0,,,,0,1.0
72,A0061201,A006,12,MD,Berlina media,PARTICULARES,68,2,0,,,,32546.0,25582.0,2283.0,,,,0,2.0
73,A0070101,A007,1,MD,Berlina media,PARTICULARES,57,3,0,,,,33253.0,26144.0,2278.0,,,,0,3.0
74,A0070201,A007,2,MD,Berlina media,PARTICULARES,83,4,1,,,,32557.0,25590.0,2701.0,,,,0,4.0
75,A0070301,A007,3,MD,Berlina media,PARTICULARES,80,6,0,,,,32854.0,25826.0,2756.0,,,,0,5.0
76,A0070401,A007,4,MD,Berlina media,PARTICULARES,76,6,0,,,,32911.0,25872.0,2228.0,,,,0,6.0
77,A0070501,A007,5,MD,Berlina media,PARTICULARES,79,4,1,,,,32688.0,25695.0,2234.0,,,,0,7.0
78,A0070601,A007,6,MD,Berlina media,PARTICULARES,63,1,0,,,,33330.0,26205.0,2337.0,,,,0,8.0
79,A0070701,A007,7,MD,Berlina media,PARTICULARES,84,5,0,,,,33706.0,26504.0,2130.0,,,,0,9.0
80,A0070801,A007,8,MD,Berlina media,PARTICULARES,63,1,0,,,,33606.0,26424.0,2260.0,,,,0,10.0
81,A0070901,A007,9,MD,Berlina media,PARTICULARES,71,7,0,,,,33370.0,26237.0,2007.0,,,,0,11.0
82,A0071001,A007,10,MD,Berlina media,PARTICULARES,73,4,0,,,,33225.0,26121.0,2173.0,,,,0,12.0
83,A0071101,A007,11,MD,Berlina media,PARTICULARES,76,2,0,,,,33451.0,26301.0,2259.0,,,,0,13.0
84,A0071201,A007,12,MD,Berlina media,PARTICULARES,71,2,0,,,,33099.0,26022.0,2284.0,,,,0,14.0
85,A0080101,A008,1,MD,Berlina media,PARTICULARES,53,10,1,,,,34249.0,26936.0,1960.0,,,,0,15.0
86,A0080201,A008,2,MD,Berlina media,PARTICULARES,77,8,1,,,,33995.0,26734.0,2729.0,,,,0,16.0
87,A0080301,A008,3,MD,Berlina media,PARTICULARES,111,3,1,,,,34169.0,26872.0,3161.0,,,,0,17.0
88,A0080401,A008,4,MD,Berlina media,PARTICULARES,103,2,1,,,,34415.0,27068.0,3038.0,,,,0,18.0
89,A0080501,A008,5,MD,Berlina media,PARTICULARES,115,2,0,,,,34191.0,26890.0,3376.0,,,,0,19.0
90,A0080601,A008,6,MD,Berlina media,PARTICULARES,95,8,0,,,,34002.0,26739.0,3352.0,,,,0,20.0
91,A0080701,A008,7,MD,Berlina media,PARTICULARES,106,2,0,,,,34910.0,27461.0,3080.0,,,,0,21.0
92,A0080801,A008,8,MD,Berlina media,PARTICULARES,77,3,0,,,,34506.0,27140.0,3122.0,,,,0,22.0
93,A0080901,A008,9,MD,Berlina media,PARTICULARES,86,4,2,,,,35441.0,27884.0,2919.0,,,,0,23.0
94,A0081001,A008,10,MD,Berlina media,PARTICULARES,81,8,0,,,,35544.0,27966.0,2874.0,,,,0,24.0
95,A0081101,A008,11,MD,Berlina media,PARTICULARES,126,3,0,,,,34537.0,27164.0,3246.0,,,,0,25.0
96,A0081201,A008,12,MD,Berlina media,PARTICULARES,89,2,1,,,,34462.0,27105.0,3259.0,,,,0,26.0
97,A0090101,A009,1,MD,Berlina media,PARTICULARES,103,2,0,,,,34675.0,27275.0,3149.0,,,,0,27.0
98,A0090201,A009,2,MD,Berlina media,PARTICULARES,108,4,0,97.0,8.0,3.0,34074.0,26797.0,3153.0,23.0,140.0,261.0,0,28.0
99,A0090301,A009,3,MD,Berlina media,PARTICULARES,131,6,2,106.0,16.0,9.0,33511.0,26349.0,3144.0,22.0,130.0,284.0,0,29.0
100,A0090401,A009,4,MD,Berlina media,PARTICULARES,80,2,0,69.0,6.0,5.0,34682.0,27280.0,3068.0,21.0,143.0,213.0,0,30.0
101,A0090501,A009,5,MD,Berlina media,PARTICULARES,109,4,0,92.0,8.0,9.0,33520.0,26356.0,2959.0,26.0,122.0,262.0,0,31.0
102,A0090601,A009,6,MD,Berlina media,PARTICULARES,90,5,0,74.0,12.0,4.0,34307.0,26982.0,2973.0,26.0,133.0,224.0,0,32.0
103,A0090701,A009,7,MD,Berlina media,PARTICULARES,74,2,0,62.0,7.0,5.0,34327.0,26997.0,2928.0,22.0,126.0,273.0,0,33.0
104,A0090801,A009,8,MD,Berlina media,PARTICULARES,45,7,2,41.0,2.0,2.0,34750.0,27334.0,2433.0,19.0,147.0,284.0,1,0.0
105,A0090901,A009,9,MD,Berlina media,PARTICULARES,109,6,2,91.0,8.0,10.0,34910.0,27462.0,2761.0,22.0,130.0,254.0,0,1.0
106,A0091001,A009,10,MD,Berlina media,PARTICULARES,90,3,1,68.0,13.0,9.0,33876.0,26639.0,3115.0,26.0,125.0,308.0,0,2.0
107,A0091101,A009,11,MD,Berlina media,PARTICULARES,87,5,0,64.0,9.0,14.0,34045.0,26773.0,2761.0,30.0,138.0,282.0,0,3.0
108,A0091201,A009,12,MD,Berlina media,PARTICULARES,94,2,0,68.0,12.0,14.0,33971.0,26715.0,2939.0,29.0,139.0,287.0,0,4.0
109,A0100101,A010,1,MD,Berlina media,PARTICULARES,79,2,1,64.0,6.0,9.0,34796.0,27371.0,2846.0,22.0,107.0,222.0,0,5.0
110,A0100201,A010,2,MD,Berlina media,PARTICULARES,85,3,1,63.0,10.0,12.0,34506.0,27140.0,3005.0,25.0,126.0,285.0,0,6.0
111,A0100301,A010,3,MD,Berlina media,PARTICULARES,73,4,0,57.0,5.0,11.0,33700.0,26499.0,2900.0,24.0,161.0,278.0,0,7.0
112,A0100401,A010,4,MD,Berlina media,PARTICULARES,70,3,1,56.0,6.0,8.0,34010.0,26746.0,3014.0,25.0,142.0,277.0,0,8.0
113,A0100501,A010,5,MD,Berlina media,PARTICULARES,70,4,1,54.0,8.0,8.0,35000.0,27533.0,2855.0,24.0,115.0,307.0,0,9.0
114,A0100601,A010,6,MD,Berlina media,PARTICULARES,71,3,0,54.0,7.0,10.0,34509.0,27143.0,2920.0,29.0,126.0,279.0,0,10.0
115,A0100701,A010,7,MD,Berlina media,PARTICULARES,70,1,0,58.0,9.0,3.0,34537.0,27165.0,2789.0,25.0,131.0,258.0,0,11.0
116,A0100801,A010,8,MD,Berlina media,PARTICULARES,56,5,1,46.0,2.0,8.0,34404.0,27059.0,2975.0,24.0,140.0,346.0,0,12.0
117,A0100901,A010,9,MD,Berlina media,PARTICULARES,50,0,0,36.0,6.0,8.0,33916.0,26671.0,3441.0,24.0,145.0,281.0,0,13.0
118,A0101001,A010,10,MD,Berlina media,PARTICULARES,57,2,0,36.0,8.0,13.0,33658.0,26466.0,3848.0,23.0,120.0,278.0,0,14.0
119,A0101101,A010,11,MD,Berlina media,PARTICULARES,78,2,0,58.0,8.0,12.0,33392.0,26254.0,3966.0,32.0,125.0,263.0,0,15.0
120,A0101201,A010,12,MD,Berlina media,PARTICULARES,88,3,0,52.0,14.0,22.0,33314.0,26192.0,3956.0,27.0,139.0,300.0,0,16.0
121,A0110101,A011,1,MD,Berlina media,PARTICULARES,68,3,0,50.0,2.0,16.0,33877.0,26640.0,3891.0,23.0,115.0,286.0,0,17.0
122,A0110201,A011,2,MD,Berlina media,PARTICULARES,63,4,0,29.0,15.0,19.0,33873.0,26637.0,4353.0,22.0,142.0,307.0,0,18.0
123,A0110301,A011,3,MD,Berlina media,PARTICULARES,87,2,0,57.0,11.0,19.0,33963.0,26708.0,4623.0,22.0,133.0,295.0,0,19.0
124,A0110401,A011,4,MD,Berlina media,PARTICULARES,64,2,0,51.0,3.0,10.0,33924.0,26678.0,4158.0,21.0,159.0,256.0,0,20.0
125,A0110501,A011,5,MD,Berlina media,PARTICULARES,67,2,0,57.0,2.0,8.0,32409.0,25473.0,4247.0,21.0,135.0,307.0,0,21.0
126,A0110601,A011,6,MD,Berlina media,PARTICULARES,59,4,0,35.0,6.0,18.0,33138.0,26053.0,4205.0,22.0,127.0,295.0,1,0.0
127,A0110701,A011,7,MD,Berlina media,PARTICULARES,51,0,0,36.0,3.0,12.0,34090.0,26809.0,4194.0,30.0,121.0,292.0,0,1.0
128,A0110801,A011,8,MD,Berlina media,PARTICULARES,39,7,0,36.0,1.0,2.0,35500.0,27930.0,2677.0,29.0,92.0,429.0,0,2.0
129,A0110901,A011,9,MD,Berlina media,PARTICULARES,42,4,0,40.0,1.0,1.0,34595.0,27211.0,2877.0,34.0,96.0,411.0,0,3.0
130,A0111001,A011,10,MD,Berlina media,PARTICULARES,41,4,0,37.0,4.0,0.0,35088.0,27603.0,2652.0,32.0,112.0,,0,4.0
131,A0111101,A011,11,MD,Berlina media,PARTICULARES,48,2,1,43.0,4.0,1.0,34791.0,27367.0,2903.0,25.0,127.0,334.0,0,5.0
132,A0111201,A011,12,MD,Berlina media,PARTICULARES,55,1,0,50.0,3.0,2.0,35227.0,27713.0,2956.0,25.0,147.0,244.0,0,6.0
133,A0120101,A012,1,MD,Berlina media,PARTICULARES,57,6,0,49.0,6.0,2.0,35059.0,27580.0,2549.0,24.0,125.0,190.0,0,7.0
134,A0120201,A012,2,MD,Berlina media,PARTICULARES,37,0,0,28.0,9.0,0.0,35476.0,27911.0,3260.0,27.0,132.0,,0,8.0
135,A0120301,A012,3,MD,Berlina media,PARTICULARES,46,2,0,33.0,10.0,3.0,35128.0,27635.0,3134.0,25.0,142.0,229.0,0,9.0
136,A0120401,A012,4,MD,Berlina media,PARTICULARES,21,0,0,16.0,3.0,2.0,35427.0,27976.0,3281.0,25.0,135.0,294.0,0,10.0
137,A0120501,A012,5,MD,Berlina media,PARTICULARES,42,3,0,39.0,1.0,2.0,35849.0,28467.0,2749.0,18.0,164.0,248.0,0,11.0
138,A0120601,A012,6,MD,Berlina media,PARTICULARES,27,0,0,21.0,4.0,2.0,34008.0,26786.0,3187.0,20.0,125.0,228.0,0,12.0
139,A0120701,A012,7,MD,Berlina media,PARTICULARES,33,3,0,28.0,2.0,3.0,35596.0,28041.0,2796.0,25.0,120.0,306.0,0,13.0
140,A0120801,A012,8,MD,Berlina media,PARTICULARES,17,0,1,11.0,2.0,4.0,35479.0,27976.0,3257.0,27.0,127.0,248.0,0,14.0
141,A0120901,A012,9,MD,Berlina media,PARTICULARES,17,0,0,12.0,3.0,2.0,35687.0,28207.0,3099.0,29.0,126.0,278.0,0,15.0
142,A0121001,A012,10,MD,Berlina media,PARTICULARES,26,1,0,18.0,5.0,3.0,34083.0,26928.0,3051.0,46.0,144.0,236.0,0,16.0
143,A0121101,A012,11,MD,Berlina media,PARTICULARES,25,0,0,10.0,8.0,7.0,34375.0,27255.0,3299.0,32.0,128.0,301.0,0,17.0
144,A0121201,A012,12,MD,Berlina media,PARTICULARES,24,1,0,10.0,9.0,5.0,34710.0,27440.0,3160.0,22.0,134.0,253.0,0,18.0
25,A0030101,A003,1,MSUV,SUV medio,ALQUILADORES,0,0,0,,,,,,,,,,0,
26,A0030201,A003,2,MSUV,SUV medio,ALQUILADORES,0,0,0,,,,,,,,,,0,
27,A0030301,A003,3,MSUV,SUV medio,ALQUILADORES,0,0,0,,,,,,,,,,0,
28,A0030401,A003,4,MSUV,SUV medio,ALQUILADORES,0,0,0,,,,,,,,,,0,
29,A0030501,A003,5,MSUV,SUV medio,ALQUILADORES,0,0,0,,,,,,,,,,0,
30,A0030601,A003,6,MSUV,SUV medio,ALQUILADORES,0,0,0,,,,,,,,,,0,
31,A0030701,A003,7,MSUV,SUV medio,ALQUILADORES,0,0,0,,,,,,,,,,0,
32,A0030801,A003,8,MSUV,SUV medio,ALQUILADORES,0,0,0,,,,,,,,,,0,
33,A0030901,A003,9,MSUV,SUV medio,ALQUILADORES,0,0,0,,,,,,,,,,0,
34,A0031001,A003,10,MSUV,SUV medio,ALQUILADORES,0,0,0,,,,,,,,,,0,
35,A0031101,A003,11,MSUV,SUV medio,ALQUILADORES,0,0,0,,,,,,,,,,0,
36,A0031201,A003,12,MSUV,SUV medio,ALQUILADORES,0,0,0,,,,,,,,,,0,
37,A0040101,A004,1,MSUV,SUV medio,ALQUILADORES,0,0,0,,,,,,,,,,0,
38,A0040201,A004,2,MSUV,SUV medio,ALQUILADORES,0,0,0,,,,,,,,,,0,
39,A0040301,A004,3,MSUV,SUV medio,ALQUILADORES,0,0,0,,,,,,,,,,0,
40,A0040401,A004,4,MSUV,SUV medio,ALQUILADORES,0,0,0,,,,,,,,,,0,
41,A0040501,A004,5,MSUV,SUV medio,ALQUILADORES,0,0,0,,,,,,,,,,0,
42,A0040601,A004,6,MSUV,SUV medio,ALQUILADORES,0,0,0,,,,,,,,,,0,
43,A0040701,A004,7,MSUV,SUV medio,ALQUILADORES,0,0,0,,,,,,,,,,0,
44,A0040801,A004,8,MSUV,SUV medio,ALQUILADORES,0,0,0,,,,,,,,,,0,
45,A0040901,A004,9,MSUV,SUV medio,ALQUILADORES,0,0,0,,,,,,,,,,0,
46,A0041001,A004,10,MSUV,SUV medio,ALQUILADORES,0,0,0,,,,,,,,,,0,
47,A0041101,A004,11,MSUV,SUV medio,ALQUILADORES,0,0,0,,,,,,,,,,0,
48,A0041201,A004,12,MSUV,SUV medio,ALQUILADORES,0,0,0,,,,,,,,,,0,
49,A0050101,A005,1,MSUV,SUV medio,ALQUILADORES,0,0,0,,,,,,,,,,1,0.0
50,A0050201,A005,2,MSUV,SUV medio,ALQUILADORES,0,0,0,,,,,,,,,,0,1.0
51,A0050301,A005,3,MSUV,SUV medio,ALQUILADORES,0,0,0,,,,,,,,,,0,2.0
52,A0050401,A005,4,MSUV,SUV medio,ALQUILADORES,0,0,0,,,,,,,,,,1,0.0
53,A0050501,A005,5,MSUV,SUV medio,ALQUILADORES,0,0,0,,,,,,,,,,0,1.0
54,A0050601,A005,6,MSUV,SUV medio,ALQUILADORES,0,0,0,,,,,,,,,,0,2.0
55,A0050701,A005,7,MSUV,SUV medio,ALQUILADORES,0,0,0,,,,,,,,,,0,3.0
56,A0050801,A005,8,MSUV,SUV medio,ALQUILADORES,0,0,0,,,,,,,,,,0,4.0
57,A0050901,A005,9,MSUV,SUV medio,ALQUILADORES,0,0,0,,,,,,,,,,0,5.0
58,A0051001,A005,10,MSUV,SUV medio,ALQUILADORES,0,0,0,,,,,,,,,,0,6.0
59,A0051101,A005,11,MSUV,SUV medio,ALQUILADORES,0,0,0,,,,,,,,,,0,7.0
60,A0051201,A005,12,MSUV,SUV medio,ALQUILADORES,0,0,0,,,,,,,,,,0,8.0
61,A0060101,A006,1,MSUV,SUV medio,ALQUILADORES,0,0,0,,,,,,,,,,0,9.0
62,A0060201,A006,2,MSUV,SUV medio,ALQUILADORES,0,0,0,,,,,,,,,,1,0.0
63,A0060301,A006,3,MSUV,SUV medio,ALQUILADORES,0,0,0,,,,,,,,,,0,1.0
64,A0060401,A006,4,MSUV,SUV medio,ALQUILADORES,0,0,0,,,,,,,,,,0,2.0
65,A0060501,A006,5,MSUV,SUV medio,ALQUILADORES,0,0,0,,,,,,,,,,0,3.0
66,A0060601,A006,6,MSUV,SUV medio,ALQUILADORES,0,0,0,,,,,,,,,,0,4.0
67,A0060701,A006,7,MSUV,SUV medio,ALQUILADORES,0,0,0,,,,,,,,,,0,5.0
68,A0060801,A006,8,MSUV,SUV medio,ALQUILADORES,0,0,0,,,,,,,,,,0,6.0
69,A0060901,A006,9,MSUV,SUV medio,ALQUILADORES,0,0,0,,,,,,,,,,0,7.0
70,A0061001,A006,10,MSUV,SUV medio,ALQUILADORES,0,0,0,,,,,,,,,,0,8.0
71,A0061101,A006,11,MSUV,SUV medio,ALQUILADORES,0,0,0,,,,,,,,,,0,9.0
72,A0061201,A006,12,MSUV,SUV medio,ALQUILADORES,0,0,0,,,,,,,,,,0,10.0
73,A0070101,A007,1,MSUV,SUV medio,ALQUILADORES,0,0,0,,,,,,,,,,0,11.0
74,A0070201,A007,2,MSUV,SUV medio,ALQUILADORES,0,0,0,,,,,,,,,,0,12.0
75,A0070301,A007,3,MSUV,SUV medio,ALQUILADORES,0,0,0,,,,,,,,,,0,13.0
76,A0070401,A007,4,MSUV,SUV medio,ALQUILADORES,0,0,0,,,,,,,,,,0,14.0
77,A0070501,A007,5,MSUV,SUV medio,ALQUILADORES,0,0,0,,,,,,,,,,0,15.0
78,A0070601,A007,6,MSUV,SUV medio,ALQUILADORES,0,0,0,,,,,,,,,,0,16.0
79,A0070701,A007,7,MSUV,SUV medio,ALQUILADORES,0,0,0,,,,,,,,,,0,17.0
80,A0070801,A007,8,MSUV,SUV medio,ALQUILADORES,1,0,1,,,,38470.0,30292.0,0.0,,,,0,18.0
81,A0070901,A007,9,MSUV,SUV medio,ALQUILADORES,0,0,0,,,,,,,,,,0,19.0
82,A0071001,A007,10,MSUV,SUV medio,ALQUILADORES,1,0,1,,,,32300.0,25386.0,0.0,,,,0,20.0
83,A0071101,A007,11,MSUV,SUV medio,ALQUILADORES,0,0,0,,,,,,,,,,0,21.0
84,A0071201,A007,12,MSUV,SUV medio,ALQUILADORES,0,0,0,,,,,,,,,,0,22.0
85,A0080101,A008,1,MSUV,SUV medio,ALQUILADORES,0,0,0,,,,,,,,,,1,0.0
86,A0080201,A008,2,MSUV,SUV medio,ALQUILADORES,0,0,0,,,,,,,,,,0,1.0
87,A0080301,A008,3,MSUV,SUV medio,ALQUILADORES,8,0,8,,,,29905.0,23481.0,3108.0,,,,0,2.0
88,A0080401,A008,4,MSUV,SUV medio,ALQUILADORES,0,0,0,,,,,,,,,,0,3.0
89,A0080501,A008,5,MSUV,SUV medio,ALQUILADORES,10,0,10,,,,29905.0,23481.0,3108.0,,,,0,4.0
90,A0080601,A008,6,MSUV,SUV medio,ALQUILADORES,0,0,0,,,,,,,,,,0,5.0
91,A0080701,A008,7,MSUV,SUV medio,ALQUILADORES,0,0,0,,,,,,,,,,0,6.0
92,A0080801,A008,8,MSUV,SUV medio,ALQUILADORES,0,0,0,,,,,,,,,,0,7.0
93,A0080901,A008,9,MSUV,SUV medio,ALQUILADORES,0,0,0,,,,,,,,,,0,8.0
94,A0081001,A008,10,MSUV,SUV medio,ALQUILADORES,0,0,0,,,,,,,,,,0,9.0
95,A0081101,A008,11,MSUV,SUV medio,ALQUILADORES,0,0,0,,,,,,,,,,0,10.0
96,A0081201,A008,12,MSUV,SUV medio,ALQUILADORES,0,0,0,,,,,,,,,,0,11.0
97,A0090101,A009,1,MSUV,SUV medio,ALQUILADORES,0,0,0,,,,,,,,,,0,12.0
98,A0090201,A009,2,MSUV,SUV medio,ALQUILADORES,10,0,0,10.0,0.0,0.0,31308.0,24597.0,4511.0,14.0,,,0,13.0
99,A0090301,A009,3,MSUV,SUV medio,ALQUILADORES,20,0,0,20.0,0.0,0.0,31723.0,24927.0,4571.0,12.0,,,0,14.0
100,A0090401,A009,4,MSUV,SUV medio,ALQUILADORES,0,0,0,0.0,0.0,0.0,,,,,,,0,15.0
101,A0090501,A009,5,MSUV,SUV medio,ALQUILADORES,0,0,0,0.0,0.0,0.0,,,,,,,0,16.0
102,A0090601,A009,6,MSUV,SUV medio,ALQUILADORES,0,0,0,0.0,0.0,0.0,,,,,,,0,17.0
103,A0090701,A009,7,MSUV,SUV medio,ALQUILADORES,0,0,0,0.0,0.0,0.0,,,,,,,0,18.0
104,A0090801,A009,8,MSUV,SUV medio,ALQUILADORES,0,0,0,0.0,0.0,0.0,,,,,,,0,19.0
105,A0090901,A009,9,MSUV,SUV medio,ALQUILADORES,5,0,5,1.0,1.0,3.0,35113.0,27623.0,2486.0,44.0,149.0,236.0,0,20.0
106,A0091001,A009,10,MSUV,SUV medio,ALQUILADORES,2,0,2,0.0,0.0,2.0,30398.0,23874.0,2187.0,,,274.0,0,21.0
107,A0091101,A009,11,MSUV,SUV medio,ALQUILADORES,3,0,3,1.0,0.0,2.0,38187.0,30068.0,2751.0,31.0,,230.0,0,22.0
108,A0091201,A009,12,MSUV,SUV medio,ALQUILADORES,1,0,1,1.0,0.0,0.0,39305.0,30956.0,2167.0,26.0,,,0,23.0
109,A0100101,A010,1,MSUV,SUV medio,ALQUILADORES,0,0,0,0.0,0.0,0.0,,,,,,,0,24.0
110,A0100201,A010,2,MSUV,SUV medio,ALQUILADORES,0,0,0,0.0,0.0,0.0,,,,,,,0,25.0
111,A0100301,A010,3,MSUV,SUV medio,ALQUILADORES,0,0,0,0.0,0.0,0.0,,,,,,,0,26.0
112,A0100401,A010,4,MSUV,SUV medio,ALQUILADORES,0,0,0,0.0,0.0,0.0,,,,,,,1,0.0
113,A0100501,A010,5,MSUV,SUV medio,ALQUILADORES,2,0,2,2.0,0.0,0.0,41610.0,32789.0,2337.0,24.0,,,0,1.0
114,A0100601,A010,6,MSUV,SUV medio,ALQUILADORES,2,0,2,2.0,0.0,0.0,37505.0,29525.0,2104.0,13.0,,,0,2.0
115,A0100701,A010,7,MSUV,SUV medio,ALQUILADORES,2,0,2,2.0,0.0,0.0,33400.0,26261.0,1838.0,17.0,,,0,3.0
116,A0100801,A010,8,MSUV,SUV medio,ALQUILADORES,4,0,4,4.0,0.0,0.0,39045.0,30750.0,2152.0,22.0,,,1,0.0
117,A0100901,A010,9,MSUV,SUV medio,ALQUILADORES,0,0,0,0.0,0.0,0.0,,,,,,,0,1.0
118,A0101001,A010,10,MSUV,SUV medio,ALQUILADORES,0,0,0,0.0,0.0,0.0,,,,,,,0,2.0
119,A0101101,A010,11,MSUV,SUV medio,ALQUILADORES,2,0,2,2.0,0.0,0.0,37430.0,29465.0,2063.0,27.0,,,0,3.0
120,A0101201,A010,12,MSUV,SUV medio,ALQUILADORES,1,0,1,1.0,0.0,0.0,33400.0,26261.0,1838.0,33.0,,,0,4.0
121,A0110101,A011,1,MSUV,SUV medio,ALQUILADORES,0,0,0,0.0,0.0,0.0,,,,,,,0,5.0
122,A0110201,A011,2,MSUV,SUV medio,ALQUILADORES,3,0,3,1.0,0.0,2.0,32570.0,25601.0,1792.0,15.0,,248.0,0,6.0
123,A0110301,A011,3,MSUV,SUV medio,ALQUILADORES,1,0,1,1.0,0.0,0.0,41610.0,32789.0,2295.0,25.0,,,0,7.0
124,A0110401,A011,4,MSUV,SUV medio,ALQUILADORES,0,0,0,0.0,0.0,0.0,,,,,,,0,8.0
125,A0110501,A011,5,MSUV,SUV medio,ALQUILADORES,2,0,2,2.0,0.0,0.0,41610.0,32789.0,2295.0,49.0,,,0,9.0
126,A0110601,A011,6,MSUV,SUV medio,ALQUILADORES,32,0,4,31.0,1.0,0.0,32919.0,25878.0,4146.0,22.0,156.0,,0,10.0
127,A0110701,A011,7,MSUV,SUV medio,ALQUILADORES,1,0,1,1.0,0.0,0.0,33400.0,26261.0,1838.0,67.0,,,0,11.0
128,A0110801,A011,8,MSUV,SUV medio,ALQUILADORES,0,0,0,0.0,0.0,0.0,,,,,,,1,0.0
129,A0110901,A011,9,MSUV,SUV medio,ALQUILADORES,2,0,2,2.0,0.0,0.0,32749.0,25743.0,1802.0,58.0,,,0,1.0
130,A0111001,A011,10,MSUV,SUV medio,ALQUILADORES,1,0,1,1.0,0.0,0.0,36398.0,28645.0,2005.0,27.0,,,0,2.0
131,A0111101,A011,11,MSUV,SUV medio,ALQUILADORES,0,0,0,0.0,0.0,0.0,,,,,,,0,3.0
132,A0111201,A011,12,MSUV,SUV medio,ALQUILADORES,1,0,1,1.0,0.0,0.0,39360.0,31000.0,2170.0,37.0,,,0,4.0
133,A0120101,A012,1,MSUV,SUV medio,ALQUILADORES,1,0,1,1.0,0.0,0.0,36398.0,28645.0,2005.0,60.0,,,1,0.0
134,A0120201,A012,2,MSUV,SUV medio,ALQUILADORES,40,0,0,40.0,0.0,0.0,32600.0,25624.0,4442.0,18.0,,,0,1.0
135,A0120301,A012,3,MSUV,SUV medio,ALQUILADORES,0,0,0,0.0,0.0,0.0,,,,,,,0,2.0
136,A0120401,A012,4,MSUV,SUV medio,ALQUILADORES,31,0,1,31.0,0.0,0.0,32294.0,25343.0,4306.0,19.0,,,0,3.0
137,A0120501,A012,5,MSUV,SUV medio,ALQUILADORES,9,0,0,9.0,0.0,0.0,33450.0,26300.0,4548.0,44.0,,,0,4.0
138,A0120601,A012,6,MSUV,SUV medio,ALQUILADORES,0,0,0,0.0,0.0,0.0,,,,,,,0,5.0
139,A0120701,A012,7,MSUV,SUV medio,ALQUILADORES,7,0,7,2.0,1.0,4.0,32326.0,25407.0,4389.0,15.0,105.0,232.0,0,6.0
140,A0120801,A012,8,MSUV,SUV medio,ALQUILADORES,15,0,15,3.0,12.0,0.0,33310.0,26189.0,4548.0,12.0,134.0,,0,7.0
141,A0120901,A012,9,MSUV,SUV medio,ALQUILADORES,5,0,5,1.0,2.0,2.0,30690.0,24106.0,4162.0,15.0,162.0,228.0,0,8.0
142,A0121001,A012,10,MSUV,SUV medio,ALQUILADORES,26,0,5,18.0,3.0,5.0,40612.0,30797.0,7067.0,23.0,118.0,243.0,0,9.0
143,A0121101,A012,11,MSUV,SUV medio,ALQUILADORES,33,0,0,21.0,9.0,3.0,39621.0,30158.0,6862.0,20.0,119.0,214.0,0,10.0
144,A0121201,A012,12,MSUV,SUV medio,ALQUILADORES,35,0,0,29.0,1.0,5.0,32080.0,25211.0,6369.0,32.0,144.0,238.0,0,11.0
25,A0030101,A003,1,MSUV,SUV medio,EMPRESAS_RENTING,0,0,0,,,,,,,,,,0,
26,A0030201,A003,2,MSUV,SUV medio,EMPRESAS_RENTING,0,0,0,,,,,,,,,,0,
27,A0030301,A003,3,MSUV,SUV medio,EMPRESAS_RENTING,0,0,0,,,,,,,,,,0,
28,A0030401,A003,4,MSUV,SUV medio,EMPRESAS_RENTING,0,0,0,,,,,,,,,,0,
29,A0030501,A003,5,MSUV,SUV medio,EMPRESAS_RENTING,0,0,0,,,,,,,,,,0,
30,A0030601,A003,6,MSUV,SUV medio,EMPRESAS_RENTING,0,0,0,,,,,,,,,,0,
31,A0030701,A003,7,MSUV,SUV medio,EMPRESAS_RENTING,0,0,0,,,,,,,,,,0,
32,A0030801,A003,8,MSUV,SUV medio,EMPRESAS_RENTING,0,0,0,,,,,,,,,,0,
33,A0030901,A003,9,MSUV,SUV medio,EMPRESAS_RENTING,0,0,0,,,,,,,,,,0,
34,A0031001,A003,10,MSUV,SUV medio,EMPRESAS_RENTING,0,0,0,,,,,,,,,,0,
35,A0031101,A003,11,MSUV,SUV medio,EMPRESAS_RENTING,0,0,0,,,,,,,,,,0,
36,A0031201,A003,12,MSUV,SUV medio,EMPRESAS_RENTING,0,0,0,,,,,,,,,,0,
37,A0040101,A004,1,MSUV,SUV medio,EMPRESAS_RENTING,0,0,0,,,,,,,,,,0,
38,A0040201,A004,2,MSUV,SUV medio,EMPRESAS_RENTING,0,0,0,,,,,,,,,,0,
39,A0040301,A004,3,MSUV,SUV medio,EMPRESAS_RENTING,0,0,0,,,,,,,,,,0,
40,A0040401,A004,4,MSUV,SUV medio,EMPRESAS_RENTING,0,0,0,,,,,,,,,,0,
41,A0040501,A004,5,MSUV,SUV medio,EMPRESAS_RENTING,0,0,0,,,,,,,,,,0,
42,A0040601,A004,6,MSUV,SUV medio,EMPRESAS_RENTING,0,0,0,,,,,,,,,,0,
43,A0040701,A004,7,MSUV,SUV medio,EMPRESAS_RENTING,0,0,0,,,,,,,,,,0,
44,A0040801,A004,8,MSUV,SUV medio,EMPRESAS_RENTING,0,0,0,,,,,,,,,,0,
45,A0040901,A004,9,MSUV,SUV medio,EMPRESAS_RENTING,0,0,0,,,,,,,,,,0,
46,A0041001,A004,10,MSUV,SUV medio,EMPRESAS_RENTING,0,0,0,,,,,,,,,,0,
47,A0041101,A004,11,MSUV,SUV medio,EMPRESAS_RENTING,0,0,0,,,,,,,,,,0,
48,A0041201,A004,12,MSUV,SUV medio,EMPRESAS_RENTING,0,0,0,,,,,,,,,,0,
49,A0050101,A005,1,MSUV,SUV medio,EMPRESAS_RENTING,14,14,0,,,,34663.0,27265.0,1636.0,,,,1,0.0
50,A0050201,A005,2,MSUV,SUV medio,EMPRESAS_RENTING,44,43,1,,,,28501.0,22365.0,1355.0,,,,0,1.0
51,A0050301,A005,3,MSUV,SUV medio,EMPRESAS_RENTING,11,7,4,,,,31854.0,25032.0,1524.0,,,,0,2.0
52,A0050401,A005,4,MSUV,SUV medio,EMPRESAS_RENTING,28,24,4,,,,32149.0,25266.0,1574.0,,,,1,0.0
53,A0050501,A005,5,MSUV,SUV medio,EMPRESAS_RENTING,33,17,16,,,,35098.0,27611.0,1806.0,,,,0,1.0
54,A0050601,A005,6,MSUV,SUV medio,EMPRESAS_RENTING,21,9,12,,,,35404.0,27854.0,1829.0,,,,0,2.0
55,A0050701,A005,7,MSUV,SUV medio,EMPRESAS_RENTING,23,7,16,,,,34689.0,27286.0,1791.0,,,,0,3.0
56,A0050801,A005,8,MSUV,SUV medio,EMPRESAS_RENTING,18,4,14,,,,34288.0,26967.0,1846.0,,,,0,4.0
57,A0050901,A005,9,MSUV,SUV medio,EMPRESAS_RENTING,18,4,14,,,,34477.0,27117.0,1930.0,,,,0,5.0
58,A0051001,A005,10,MSUV,SUV medio,EMPRESAS_RENTING,6,2,4,,,,34949.0,27492.0,1853.0,,,,0,6.0
59,A0051101,A005,11,MSUV,SUV medio,EMPRESAS_RENTING,23,5,18,,,,33589.0,26411.0,1746.0,,,,0,7.0
60,A0051201,A005,12,MSUV,SUV medio,EMPRESAS_RENTING,34,9,25,,,,32114.0,25238.0,1699.0,,,,0,8.0
61,A0060101,A006,1,MSUV,SUV medio,EMPRESAS_RENTING,52,19,33,,,,34141.0,26850.0,1975.0,,,,0,9.0
62,A0060201,A006,2,MSUV,SUV medio,EMPRESAS_RENTING,42,16,26,,,,32862.0,25833.0,1723.0,,,,1,0.0
63,A0060301,A006,3,MSUV,SUV medio,EMPRESAS_RENTING,26,12,14,,,,33178.0,26084.0,1999.0,,,,0,1.0
64,A0060401,A006,4,MSUV,SUV medio,EMPRESAS_RENTING,45,17,28,,,,33218.0,26116.0,1989.0,,,,0,2.0
65,A0060501,A006,5,MSUV,SUV medio,EMPRESAS_RENTING,27,8,19,,,,33095.0,26018.0,1940.0,,,,0,3.0
66,A0060601,A006,6,MSUV,SUV medio,EMPRESAS_RENTING,42,28,14,,,,33062.0,25992.0,2074.0,,,,0,4.0
67,A0060701,A006,7,MSUV,SUV medio,EMPRESAS_RENTING,38,12,26,,,,32678.0,25686.0,2127.0,,,,0,5.0
68,A0060801,A006,8,MSUV,SUV medio,EMPRESAS_RENTING,23,8,15,,,,32360.0,25433.0,2021.0,,,,0,6.0
69,A0060901,A006,9,MSUV,SUV medio,EMPRESAS_RENTING,38,14,24,,,,33534.0,26367.0,2201.0,,,,0,7.0
70,A0061001,A006,10,MSUV,SUV medio,EMPRESAS_RENTING,31,16,15,,,,33360.0,26229.0,2358.0,,,,0,8.0
71,A0061101,A006,11,MSUV,SUV medio,EMPRESAS_RENTING,38,11,27,,,,33166.0,26075.0,2176.0,,,,0,9.0
72,A0061201,A006,12,MSUV,SUV medio,EMPRESAS_RENTING,27,7,18,,,,32615.0,25636.0,2309.0,,,,0,10.0
73,A0070101,A007,1,MSUV,SUV medio,EMPRESAS_RENTING,26,8,18,,,,33644.0,26455.0,2116.0,,,,0,11.0
74,A0070201,A007,2,MSUV,SUV medio,EMPRESAS_RENTING,39,21,18,,,,32783.0,25770.0,2308.0,,,,0,12.0
75,A0070301,A007,3,MSUV,SUV medio,EMPRESAS_RENTING,31,15,16,,,,33384.0,26248.0,2354.0,,,,0,13.0
76,A0070401,A007,4,MSUV,SUV medio,EMPRESAS_RENTING,37,19,18,,,,32709.0,25711.0,2362.0,,,,0,14.0
77,A0070501,A007,5,MSUV,SUV medio,EMPRESAS_RENTING,43,12,31,,,,33024.0,25962.0,2099.0,,,,0,15.0
78,A0070601,A007,6,MSUV,SUV medio,EMPRESAS_RENTING,50,29,21,,,,33333.0,26207.0,2367.0,,,,0,16.0
79,A0070701,A007,7,MSUV,SUV medio,EMPRESAS_RENTING,47,18,29,,,,34137.0,26847.0,2295.0,,,,0,17.0
80,A0070801,A007,8,MSUV,SUV medio,EMPRESAS_RENTING,38,16,22,,,,32777.0,25766.0,2238.0,,,,0,18.0
81,A0070901,A007,9,MSUV,SUV medio,EMPRESAS_RENTING,44,22,18,,,,32466.0,25518.0,2512.0,,,,0,19.0
82,A0071001,A007,10,MSUV,SUV medio,EMPRESAS_RENTING,73,36,21,,,,33470.0,26316.0,2776.0,,,,0,20.0
83,A0071101,A007,11,MSUV,SUV medio,EMPRESAS_RENTING,25,3,22,,,,32467.0,25519.0,2540.0,,,,0,21.0
84,A0071201,A007,12,MSUV,SUV medio,EMPRESAS_RENTING,37,2,35,,,,33016.0,25955.0,1976.0,,,,0,22.0
85,A0080101,A008,1,MSUV,SUV medio,EMPRESAS_RENTING,19,1,18,,,,32416.0,25478.0,2966.0,,,,1,0.0
86,A0080201,A008,2,MSUV,SUV medio,EMPRESAS_RENTING,58,48,10,,,,33634.0,26447.0,2622.0,,,,0,1.0
87,A0080301,A008,3,MSUV,SUV medio,EMPRESAS_RENTING,61,29,32,,,,34124.0,26836.0,2531.0,,,,0,2.0
88,A0080401,A008,4,MSUV,SUV medio,EMPRESAS_RENTING,37,11,26,,,,33503.0,26342.0,2348.0,,,,0,3.0
89,A0080501,A008,5,MSUV,SUV medio,EMPRESAS_RENTING,37,10,27,,,,32568.0,25599.0,2287.0,,,,0,4.0
90,A0080601,A008,6,MSUV,SUV medio,EMPRESAS_RENTING,84,48,36,,,,32872.0,25840.0,2376.0,,,,0,5.0
91,A0080701,A008,7,MSUV,SUV medio,EMPRESAS_RENTING,68,20,48,,,,34295.0,26972.0,2249.0,,,,0,6.0
92,A0080801,A008,8,MSUV,SUV medio,EMPRESAS_RENTING,31,11,20,,,,32408.0,25472.0,2264.0,,,,0,7.0
93,A0080901,A008,9,MSUV,SUV medio,EMPRESAS_RENTING,44,16,28,,,,32552.0,25586.0,2301.0,,,,0,8.0
94,A0081001,A008,10,MSUV,SUV medio,EMPRESAS_RENTING,77,34,43,,,,32478.0,25527.0,2287.0,,,,0,9.0
95,A0081101,A008,11,MSUV,SUV medio,EMPRESAS_RENTING,59,25,34,,,,34092.0,26811.0,2245.0,,,,0,10.0
96,A0081201,A008,12,MSUV,SUV medio,EMPRESAS_RENTING,55,21,33,,,,33773.0,26557.0,2368.0,,,,0,11.0
97,A0090101,A009,1,MSUV,SUV medio,EMPRESAS_RENTING,47,11,35,,,,32461.0,25514.0,2138.0,,,,0,12.0
98,A0090201,A009,2,MSUV,SUV medio,EMPRESAS_RENTING,97,45,50,71.0,11.0,15.0,32870.0,25839.0,2347.0,40.0,123.0,270.0,0,13.0
99,A0090301,A009,3,MSUV,SUV medio,EMPRESAS_RENTING,98,48,36,55.0,34.0,9.0,33364.0,26232.0,2648.0,30.0,129.0,297.0,0,14.0
100,A0090401,A009,4,MSUV,SUV medio,EMPRESAS_RENTING,85,25,43,65.0,13.0,7.0,33198.0,26100.0,2590.0,27.0,125.0,285.0,0,15.0
101,A0090501,A009,5,MSUV,SUV medio,EMPRESAS_RENTING,75,15,49,54.0,14.0,7.0,33317.0,26194.0,2446.0,34.0,132.0,221.0,0,16.0
102,A0090601,A009,6,MSUV,SUV medio,EMPRESAS_RENTING,94,35,52,58.0,18.0,18.0,33589.0,26411.0,2540.0,37.0,132.0,257.0,0,17.0
103,A0090701,A009,7,MSUV,SUV medio,EMPRESAS_RENTING,75,31,44,53.0,11.0,11.0,33673.0,26478.0,2281.0,41.0,124.0,257.0,0,18.0
104,A0090801,A009,8,MSUV,SUV medio,EMPRESAS_RENTING,37,17,20,24.0,8.0,5.0,33279.0,26164.0,2369.0,41.0,130.0,252.0,0,19.0
105,A0090901,A009,9,MSUV,SUV medio,EMPRESAS_RENTING,50,15,35,43.0,5.0,2.0,33889.0,26650.0,2285.0,36.0,122.0,290.0,0,20.0
106,A0091001,A009,10,MSUV,SUV medio,EMPRESAS_RENTING,81,40,41,52.0,15.0,14.0,32509.0,25552.0,2300.0,34.0,148.0,271.0,0,21.0
107,A0091101,A009,11,MSUV,SUV medio,EMPRESAS_RENTING,61,33,28,29.0,14.0,18.0,33409.0,26268.0,2362.0,35.0,127.0,294.0,0,22.0
108,A0091201,A009,12,MSUV,SUV medio,EMPRESAS_RENTING,31,19,12,10.0,11.0,10.0,32779.0,25766.0,2369.0,40.0,137.0,268.0,0,23.0
109,A0100101,A010,1,MSUV,SUV medio,EMPRESAS_RENTING,29,15,14,17.0,5.0,7.0,31737.0,24938.0,2260.0,27.0,133.0,281.0,0,24.0
110,A0100201,A010,2,MSUV,SUV medio,EMPRESAS_RENTING,56,36,17,29.0,11.0,16.0,32636.0,25653.0,2442.0,35.0,135.0,256.0,0,25.0
111,A0100301,A010,3,MSUV,SUV medio,EMPRESAS_RENTING,21,5,15,13.0,4.0,4.0,33624.0,26439.0,2183.0,40.0,138.0,247.0,0,26.0
112,A0100401,A010,4,MSUV,SUV medio,EMPRESAS_RENTING,26,1,7,25.0,0.0,1.0,32906.0,25868.0,2330.0,34.0,,184.0,1,0.0
113,A0100501,A010,5,MSUV,SUV medio,EMPRESAS_RENTING,121,78,43,114.0,6.0,1.0,34598.0,27213.0,2349.0,21.0,108.0,365.0,0,1.0
114,A0100601,A010,6,MSUV,SUV medio,EMPRESAS_RENTING,122,23,99,119.0,1.0,2.0,34491.0,27128.0,2237.0,31.0,159.0,239.0,0,2.0
115,A0100701,A010,7,MSUV,SUV medio,EMPRESAS_RENTING,155,4,151,151.0,4.0,0.0,33016.0,25955.0,2130.0,36.0,106.0,,0,3.0
116,A0100801,A010,8,MSUV,SUV medio,EMPRESAS_RENTING,108,4,104,100.0,8.0,0.0,32873.0,25842.0,2118.0,32.0,101.0,,1,0.0
117,A0100901,A010,9,MSUV,SUV medio,EMPRESAS_RENTING,179,7,172,166.0,12.0,1.0,33564.0,26391.0,2169.0,30.0,119.0,346.0,0,1.0
118,A0101001,A010,10,MSUV,SUV medio,EMPRESAS_RENTING,216,43,173,177.0,38.0,1.0,33026.0,25963.0,2179.0,25.0,132.0,187.0,0,2.0
119,A0101101,A010,11,MSUV,SUV medio,EMPRESAS_RENTING,272,63,209,236.0,34.0,2.0,33643.0,26454.0,2207.0,28.0,136.0,194.0,0,3.0
120,A0101201,A010,12,MSUV,SUV medio,EMPRESAS_RENTING,226,7,216,211.0,14.0,1.0,33327.0,26202.0,2158.0,32.0,131.0,235.0,0,4.0
121,A0110101,A011,1,MSUV,SUV medio,EMPRESAS_RENTING,152,8,138,136.0,13.0,3.0,33704.0,26503.0,1910.0,37.0,111.0,199.0,0,5.0
122,A0110201,A011,2,MSUV,SUV medio,EMPRESAS_RENTING,184,36,146,136.0,37.0,11.0,33250.0,26141.0,2030.0,33.0,115.0,233.0,0,6.0
123,A0110301,A011,3,MSUV,SUV medio,EMPRESAS_RENTING,237,26,208,188.0,36.0,13.0,34228.0,26919.0,2007.0,26.0,123.0,237.0,0,7.0
124,A0110401,A011,4,MSUV,SUV medio,EMPRESAS_RENTING,251,46,202,204.0,35.0,12.0,33902.0,26660.0,2035.0,24.0,137.0,232.0,0,8.0
125,A0110501,A011,5,MSUV,SUV medio,EMPRESAS_RENTING,259,39,190,215.0,30.0,14.0,33964.0,26709.0,2325.0,29.0,134.0,230.0,0,9.0
126,A0110601,A011,6,MSUV,SUV medio,EMPRESAS_RENTING,267,60,199,202.0,31.0,34.0,33825.0,26599.0,2147.0,40.0,135.0,241.0,0,10.0
127,A0110701,A011,7,MSUV,SUV medio,EMPRESAS_RENTING,196,61,127,93.0,68.0,35.0,33088.0,26013.0,2248.0,41.0,112.0,244.0,0,11.0
128,A0110801,A011,8,MSUV,SUV medio,EMPRESAS_RENTING,167,30,107,92.0,56.0,19.0,33677.0,26481.0,2350.0,28.0,131.0,248.0,1,0.0
129,A0110901,A011,9,MSUV,SUV medio,EMPRESAS_RENTING,136,27,108,107.0,19.0,10.0,32974.0,25922.0,1841.0,26.0,146.0,273.0,0,1.0
130,A0111001,A011,10,MSUV,SUV medio,EMPRESAS_RENTING,143,24,119,131.0,5.0,7.0,33332.0,26206.0,1820.0,30.0,142.0,211.0,0,2.0
131,A0111101,A011,11,MSUV,SUV medio,EMPRESAS_RENTING,198,41,157,169.0,19.0,10.0,33785.0,26567.0,2054.0,35.0,113.0,254.0,0,3.0
132,A0111201,A011,12,MSUV,SUV medio,EMPRESAS_RENTING,205,28,168,170.0,28.0,7.0,33425.0,26280.0,2062.0,35.0,118.0,237.0,0,4.0
133,A0120101,A012,1,MSUV,SUV medio,EMPRESAS_RENTING,148,20,128,110.0,31.0,7.0,33975.0,26663.0,1929.0,40.0,123.0,254.0,1,0.0
134,A0120201,A012,2,MSUV,SUV medio,EMPRESAS_RENTING,151,28,123,120.0,30.0,1.0,34849.0,27276.0,1982.0,27.0,128.0,279.0,0,1.0
135,A0120301,A012,3,MSUV,SUV medio,EMPRESAS_RENTING,131,28,103,100.0,25.0,6.0,34194.0,26747.0,1980.0,31.0,142.0,216.0,0,2.0
136,A0120401,A012,4,MSUV,SUV medio,EMPRESAS_RENTING,205,61,144,146.0,38.0,21.0,34224.0,26746.0,2207.0,35.0,117.0,207.0,0,3.0
137,A0120501,A012,5,MSUV,SUV medio,EMPRESAS_RENTING,177,37,135,120.0,41.0,16.0,34206.0,26733.0,2277.0,31.0,123.0,243.0,0,4.0
138,A0120601,A012,6,MSUV,SUV medio,EMPRESAS_RENTING,175,25,105,130.0,39.0,6.0,34714.0,27179.0,2625.0,38.0,135.0,263.0,0,5.0
139,A0120701,A012,7,MSUV,SUV medio,EMPRESAS_RENTING,193,40,153,106.0,61.0,26.0,33976.0,26621.0,2301.0,32.0,127.0,223.0,0,6.0
140,A0120801,A012,8,MSUV,SUV medio,EMPRESAS_RENTING,122,25,94,70.0,35.0,17.0,33334.0,26056.0,2250.0,29.0,136.0,209.0,0,7.0
141,A0120901,A012,9,MSUV,SUV medio,EMPRESAS_RENTING,269,169,86,107.0,68.0,94.0,32383.0,25377.0,3287.0,34.0,143.0,230.0,0,8.0
142,A0121001,A012,10,MSUV,SUV medio,EMPRESAS_RENTING,210,26,137,126.0,33.0,51.0,33936.0,26582.0,2837.0,24.0,130.0,226.0,0,9.0
143,A0121101,A012,11,MSUV,SUV medio,EMPRESAS_RENTING,166,29,110,104.0,31.0,31.0,33534.0,26279.0,3070.0,29.0,127.0,269.0,0,10.0
144,A0121201,A012,12,MSUV,SUV medio,EMPRESAS_RENTING,199,73,123,139.0,31.0,29.0,32905.0,25731.0,2389.0,30.0,133.0,246.0,0,11.0
25,A0030101,A003,1,MSUV,SUV medio,PARTICULARES,0,0,0,,,,,,,,,,0,
26,A0030201,A003,2,MSUV,SUV medio,PARTICULARES,0,0,0,,,,,,,,,,0,
27,A0030301,A003,3,MSUV,SUV medio,PARTICULARES,0,0,0,,,,,,,,,,0,
28,A0030401,A003,4,MSUV,SUV medio,PARTICULARES,0,0,0,,,,,,,,,,0,
29,A0030501,A003,5,MSUV,SUV medio,PARTICULARES,0,0,0,,,,,,,,,,0,
30,A0030601,A003,6,MSUV,SUV medio,PARTICULARES,0,0,0,,,,,,,,,,0,
31,A0030701,A003,7,MSUV,SUV medio,PARTICULARES,0,0,0,,,,,,,,,,0,
32,A0030801,A003,8,MSUV,SUV medio,PARTICULARES,0,0,0,,,,,,,,,,0,
33,A0030901,A003,9,MSUV,SUV medio,PARTICULARES,0,0,0,,,,,,,,,,0,
34,A0031001,A003,10,MSUV,SUV medio,PARTICULARES,0,0,0,,,,,,,,,,0,
35,A0031101,A003,11,MSUV,SUV medio,PARTICULARES,0,0,0,,,,,,,,,,0,
36,A0031201,A003,12,MSUV,SUV medio,PARTICULARES,0,0,0,,,,,,,,,,0,
37,A0040101,A004,1,MSUV,SUV medio,PARTICULARES,0,0,0,,,,,,,,,,0,
38,A0040201,A004,2,MSUV,SUV medio,PARTICULARES,0,0,0,,,,,,,,,,0,
39,A0040301,A004,3,MSUV,SUV medio,PARTICULARES,0,0,0,,,,,,,,,,0,
40,A0040401,A004,4,MSUV,SUV medio,PARTICULARES,0,0,0,,,,,,,,,,0,
41,A0040501,A004,5,MSUV,SUV medio,PARTICULARES,0,0,0,,,,,,,,,,0,
42,A0040601,A004,6,MSUV,SUV medio,PARTICULARES,0,0,0,,,,,,,,,,0,
43,A0040701,A004,7,MSUV,SUV medio,PARTICULARES,0,0,0,,,,,,,,,,0,
44,A0040801,A004,8,MSUV,SUV medio,PARTICULARES,0,0,0,,,,,,,,,,0,
45,A0040901,A004,9,MSUV,SUV medio,PARTICULARES,0,0,0,,,,,,,,,,0,
46,A0041001,A004,10,MSUV,SUV medio,PARTICULARES,0,0,0,,,,,,,,,,0,
47,A0041101,A004,11,MSUV,SUV medio,PARTICULARES,0,0,0,,,,,,,,,,0,
48,A0041201,A004,12,MSUV,SUV medio,PARTICULARES,0,0,0,,,,,,,,,,0,
49,A0050101,A005,1,MSUV,SUV medio,PARTICULARES,11,11,0,,,,35007.0,27539.0,0.0,,,,1,0.0
50,A0050201,A005,2,MSUV,SUV medio,PARTICULARES,31,6,1,,,,28623.0,22462.0,655.0,,,,0,1.0
51,A0050301,A005,3,MSUV,SUV medio,PARTICULARES,71,2,0,,,,31171.0,24488.0,867.0,,,,0,2.0
52,A0050401,A005,4,MSUV,SUV medio,PARTICULARES,67,16,0,,,,33379.0,26244.0,196.0,,,,1,0.0
53,A0050501,A005,5,MSUV,SUV medio,PARTICULARES,127,1,0,,,,32464.0,25516.0,263.0,,,,0,1.0
54,A0050601,A005,6,MSUV,SUV medio,PARTICULARES,87,0,0,,,,32615.0,25636.0,203.0,,,,0,2.0
55,A0050701,A005,7,MSUV,SUV medio,PARTICULARES,119,2,0,,,,33317.0,26195.0,182.0,,,,0,3.0
56,A0050801,A005,8,MSUV,SUV medio,PARTICULARES,135,0,0,,,,32622.0,25642.0,113.0,,,,0,4.0
57,A0050901,A005,9,MSUV,SUV medio,PARTICULARES,48,0,0,,,,32003.0,25149.0,179.0,,,,0,5.0
58,A0051001,A005,10,MSUV,SUV medio,PARTICULARES,64,0,1,,,,32686.0,25693.0,71.0,,,,0,6.0
59,A0051101,A005,11,MSUV,SUV medio,PARTICULARES,100,1,1,,,,31190.0,24503.0,67.0,,,,0,7.0
60,A0051201,A005,12,MSUV,SUV medio,PARTICULARES,122,1,2,,,,30722.0,24131.0,73.0,,,,0,8.0
61,A0060101,A006,1,MSUV,SUV medio,PARTICULARES,163,5,0,,,,32733.0,25730.0,50.0,,,,0,9.0
62,A0060201,A006,2,MSUV,SUV medio,PARTICULARES,134,0,0,,,,31684.0,24896.0,58.0,,,,1,0.0
63,A0060301,A006,3,MSUV,SUV medio,PARTICULARES,163,3,0,,,,31106.0,24437.0,626.0,,,,0,1.0
64,A0060401,A006,4,MSUV,SUV medio,PARTICULARES,164,0,0,,,,31985.0,25136.0,1136.0,,,,0,2.0
65,A0060501,A006,5,MSUV,SUV medio,PARTICULARES,223,1,0,,,,31269.0,24566.0,1413.0,,,,0,3.0
66,A0060601,A006,6,MSUV,SUV medio,PARTICULARES,168,1,0,,,,31885.0,25055.0,1264.0,,,,0,4.0
67,A0060701,A006,7,MSUV,SUV medio,PARTICULARES,149,0,0,,,,31373.0,24648.0,1273.0,,,,0,5.0
68,A0060801,A006,8,MSUV,SUV medio,PARTICULARES,128,1,0,,,,31190.0,24503.0,1282.0,,,,0,6.0
69,A0060901,A006,9,MSUV,SUV medio,PARTICULARES,191,1,0,,,,31612.0,24839.0,1374.0,,,,0,7.0
70,A0061001,A006,10,MSUV,SUV medio,PARTICULARES,253,2,0,,,,31506.0,24755.0,1758.0,,,,0,8.0
71,A0061101,A006,11,MSUV,SUV medio,PARTICULARES,242,0,0,,,,31458.0,24716.0,1737.0,,,,0,9.0
72,A0061201,A006,12,MSUV,SUV medio,PARTICULARES,288,1,0,,,,31477.0,24731.0,1837.0,,,,0,10.0
73,A0070101,A007,1,MSUV,SUV medio,PARTICULARES,327,3,0,,,,30995.0,24348.0,1786.0,,,,0,11.0
74,A0070201,A007,2,MSUV,SUV medio,PARTICULARES,232,2,1,,,,30926.0,24293.0,1869.0,,,,0,12.0
75,A0070301,A007,3,MSUV,SUV medio,PARTICULARES,242,1,3,,,,31360.0,24638.0,1955.0,,,,0,13.0
76,A0070401,A007,4,MSUV,SUV medio,PARTICULARES,340,5,2,,,,31722.0,24926.0,1848.0,,,,0,14.0
77,A0070501,A007,5,MSUV,SUV medio,PARTICULARES,431,7,1,,,,31006.0,24357.0,1755.0,,,,0,15.0
78,A0070601,A007,6,MSUV,SUV medio,PARTICULARES,464,3,4,,,,30791.0,24186.0,1803.0,,,,0,16.0
79,A0070701,A007,7,MSUV,SUV medio,PARTICULARES,474,3,4,,,,30861.0,24242.0,1756.0,,,,0,17.0
80,A0070801,A007,8,MSUV,SUV medio,PARTICULARES,272,2,2,,,,31212.0,24521.0,1739.0,,,,0,18.0
81,A0070901,A007,9,MSUV,SUV medio,PARTICULARES,390,7,2,,,,31082.0,24417.0,1719.0,,,,0,19.0
82,A0071001,A007,10,MSUV,SUV medio,PARTICULARES,446,4,5,,,,31358.0,24637.0,1849.0,,,,0,20.0
83,A0071101,A007,11,MSUV,SUV medio,PARTICULARES,391,4,1,,,,31152.0,24473.0,1855.0,,,,0,21.0
84,A0071201,A007,12,MSUV,SUV medio,PARTICULARES,645,3,1,,,,30949.0,24311.0,1794.0,,,,0,22.0
85,A0080101,A008,1,MSUV,SUV medio,PARTICULARES,293,3,2,,,,30982.0,24337.0,1929.0,,,,1,0.0
86,A0080201,A008,2,MSUV,SUV medio,PARTICULARES,270,12,0,,,,31359.0,24638.0,1812.0,,,,0,1.0
87,A0080301,A008,3,MSUV,SUV medio,PARTICULARES,612,8,6,,,,32337.0,25416.0,1850.0,,,,0,2.0
88,A0080401,A008,4,MSUV,SUV medio,PARTICULARES,558,3,2,,,,32093.0,25222.0,1769.0,,,,0,3.0
89,A0080501,A008,5,MSUV,SUV medio,PARTICULARES,567,3,3,,,,31992.0,25141.0,1750.0,,,,0,4.0
90,A0080601,A008,6,MSUV,SUV medio,PARTICULARES,626,5,3,,,,32181.0,25291.0,1766.0,,,,0,5.0
91,A0080701,A008,7,MSUV,SUV medio,PARTICULARES,571,2,5,,,,32261.0,25355.0,1779.0,,,,0,6.0
92,A0080801,A008,8,MSUV,SUV medio,PARTICULARES,394,2,3,,,,32478.0,25527.0,1715.0,,,,0,7.0
93,A0080901,A008,9,MSUV,SUV medio,PARTICULARES,461,11,2,,,,32150.0,25266.0,1728.0,,,,0,8.0
94,A0081001,A008,10,MSUV,SUV medio,PARTICULARES,445,9,1,,,,32383.0,25452.0,1748.0,,,,0,9.0
95,A0081101,A008,11,MSUV,SUV medio,PARTICULARES,566,5,3,,,,32127.0,25248.0,1724.0,,,,0,10.0
96,A0081201,A008,12,MSUV,SUV medio,PARTICULARES,607,1,4,,,,32400.0,25465.0,1737.0,,,,0,11.0
97,A0090101,A009,1,MSUV,SUV medio,PARTICULARES,519,2,4,,,,32265.0,25358.0,1770.0,,,,0,12.0
98,A0090201,A009,2,MSUV,SUV medio,PARTICULARES,513,4,0,460.0,43.0,10.0,32170.0,25282.0,1734.0,29.0,115.0,256.0,0,13.0
99,A0090301,A009,3,MSUV,SUV medio,PARTICULARES,546,3,8,459.0,70.0,17.0,32151.0,25267.0,1749.0,32.0,122.0,269.0,0,14.0
100,A0090401,A009,4,MSUV,SUV medio,PARTICULARES,504,0,5,423.0,71.0,10.0,32138.0,25257.0,1741.0,25.0,124.0,271.0,0,15.0
101,A0090501,A009,5,MSUV,SUV medio,PARTICULARES,539,5,4,457.0,61.0,21.0,32276.0,25367.0,1773.0,27.0,128.0,261.0,0,16.0
102,A0090601,A009,6,MSUV,SUV medio,PARTICULARES,462,1,1,357.0,74.0,31.0,32065.0,25199.0,1795.0,35.0,132.0,261.0,0,17.0
103,A0090701,A009,7,MSUV,SUV medio,PARTICULARES,474,10,6,391.0,60.0,23.0,31579.0,24813.0,1733.0,29.0,123.0,232.0,0,18.0
104,A0090801,A009,8,MSUV,SUV medio,PARTICULARES,399,6,3,342.0,45.0,12.0,31692.0,24902.0,1737.0,24.0,125.0,245.0,0,19.0
105,A0090901,A009,9,MSUV,SUV medio,PARTICULARES,507,9,5,444.0,47.0,16.0,31783.0,24975.0,1737.0,26.0,130.0,240.0,0,20.0
106,A0091001,A009,10,MSUV,SUV medio,PARTICULARES,409,8,2,342.0,46.0,21.0,31764.0,24959.0,1693.0,30.0,128.0,223.0,0,21.0
107,A0091101,A009,11,MSUV,SUV medio,PARTICULARES,463,5,7,358.0,69.0,36.0,31808.0,24995.0,1624.0,31.0,130.0,233.0,0,22.0
108,A0091201,A009,12,MSUV,SUV medio,PARTICULARES,408,2,3,280.0,77.0,51.0,31975.0,25128.0,1656.0,31.0,124.0,230.0,0,23.0
109,A0100101,A010,1,MSUV,SUV medio,PARTICULARES,315,4,3,250.0,30.0,35.0,31338.0,24621.0,1609.0,24.0,127.0,245.0,0,24.0
110,A0100201,A010,2,MSUV,SUV medio,PARTICULARES,411,1,1,357.0,37.0,17.0,30951.0,24313.0,1727.0,25.0,128.0,245.0,0,25.0
111,A0100301,A010,3,MSUV,SUV medio,PARTICULARES,468,2,1,403.0,37.0,28.0,31143.0,24466.0,1725.0,28.0,131.0,252.0,0,26.0
112,A0100401,A010,4,MSUV,SUV medio,PARTICULARES,250,14,0,186.0,33.0,31.0,31345.0,24626.0,2222.0,53.0,128.0,269.0,1,0.0
113,A0100501,A010,5,MSUV,SUV medio,PARTICULARES,320,17,0,215.0,60.0,45.0,32441.0,25498.0,2154.0,28.0,117.0,288.0,0,1.0
114,A0100601,A010,6,MSUV,SUV medio,PARTICULARES,491,7,4,447.0,26.0,18.0,32013.0,25158.0,1693.0,26.0,124.0,327.0,0,2.0
115,A0100701,A010,7,MSUV,SUV medio,PARTICULARES,485,4,5,473.0,9.0,3.0,31841.0,25021.0,1568.0,32.0,121.0,343.0,0,3.0
116,A0100801,A010,8,MSUV,SUV medio,PARTICULARES,421,6,2,398.0,21.0,2.0,32064.0,25198.0,1539.0,28.0,103.0,212.0,1,0.0
117,A0100901,A010,9,MSUV,SUV medio,PARTICULARES,512,10,4,471.0,39.0,2.0,32528.0,25567.0,1556.0,29.0,116.0,218.0,0,1.0
118,A0101001,A010,10,MSUV,SUV medio,PARTICULARES,464,10,2,436.0,28.0,0.0,32589.0,25616.0,1469.0,25.0,120.0,,0,2.0
119,A0101101,A010,11,MSUV,SUV medio,PARTICULARES,617,3,3,571.0,38.0,8.0,32143.0,25261.0,1526.0,25.0,122.0,259.0,0,3.0
120,A0101201,A010,12,MSUV,SUV medio,PARTICULARES,575,9,2,517.0,48.0,10.0,31665.0,24881.0,1533.0,33.0,132.0,228.0,0,4.0
121,A0110101,A011,1,MSUV,SUV medio,PARTICULARES,408,5,1,361.0,38.0,9.0,32030.0,25171.0,1505.0,38.0,119.0,214.0,0,5.0
122,A0110201,A011,2,MSUV,SUV medio,PARTICULARES,503,12,1,403.0,90.0,10.0,32164.0,25278.0,1528.0,32.0,116.0,214.0,0,6.0
123,A0110301,A011,3,MSUV,SUV medio,PARTICULARES,588,3,2,483.0,96.0,9.0,32474.0,25524.0,1607.0,24.0,121.0,241.0,0,7.0
124,A0110401,A011,4,MSUV,SUV medio,PARTICULARES,665,8,2,588.0,67.0,10.0,32895.0,25859.0,1605.0,23.0,134.0,226.0,0,8.0
125,A0110501,A011,5,MSUV,SUV medio,PARTICULARES,528,10,1,450.0,63.0,15.0,32124.0,25246.0,1530.0,33.0,129.0,219.0,0,9.0
126,A0110601,A011,6,MSUV,SUV medio,PARTICULARES,529,0,2,453.0,47.0,29.0,32300.0,25386.0,1596.0,41.0,136.0,222.0,0,10.0
127,A0110701,A011,7,MSUV,SUV medio,PARTICULARES,507,11,2,258.0,203.0,46.0,31993.0,25142.0,1780.0,41.0,112.0,236.0,0,11.0
128,A0110801,A011,8,MSUV,SUV medio,PARTICULARES,558,16,2,283.0,221.0,54.0,32271.0,25363.0,1878.0,30.0,131.0,242.0,1,0.0
129,A0110901,A011,9,MSUV,SUV medio,PARTICULARES,454,7,3,412.0,34.0,8.0,32255.0,25350.0,1548.0,26.0,152.0,236.0,0,1.0
130,A0111001,A011,10,MSUV,SUV medio,PARTICULARES,468,4,2,450.0,9.0,9.0,32051.0,25188.0,1473.0,31.0,143.0,232.0,0,2.0
131,A0111101,A011,11,MSUV,SUV medio,PARTICULARES,557,9,1,501.0,30.0,26.0,32457.0,25511.0,1805.0,34.0,112.0,246.0,0,3.0
132,A0111201,A011,12,MSUV,SUV medio,PARTICULARES,612,8,0,493.0,87.0,32.0,32181.0,25291.0,1816.0,36.0,112.0,285.0,0,4.0
133,A0120101,A012,1,MSUV,SUV medio,PARTICULARES,393,7,3,288.0,97.0,8.0,32253.0,25302.0,1755.0,38.0,119.0,283.0,1,0.0
134,A0120201,A012,2,MSUV,SUV medio,PARTICULARES,483,4,1,367.0,106.0,10.0,32613.0,25532.0,1882.0,32.0,128.0,233.0,0,1.0
135,A0120301,A012,3,MSUV,SUV medio,PARTICULARES,593,8,0,466.0,102.0,25.0,32653.0,25578.0,2134.0,31.0,131.0,229.0,0,2.0
136,A0120401,A012,4,MSUV,SUV medio,PARTICULARES,492,7,1,420.0,59.0,13.0,33217.0,25970.0,1821.0,29.0,119.0,210.0,0,3.0
137,A0120501,A012,5,MSUV,SUV medio,PARTICULARES,467,7,0,341.0,109.0,17.0,33093.0,25844.0,2091.0,31.0,124.0,217.0,0,4.0
138,A0120601,A012,6,MSUV,SUV medio,PARTICULARES,403,2,0,299.0,98.0,6.0,32519.0,25457.0,2059.0,30.0,130.0,215.0,0,5.0
139,A0120701,A012,7,MSUV,SUV medio,PARTICULARES,412,4,2,271.0,109.0,32.0,32637.0,25548.0,2055.0,27.0,130.0,210.0,0,6.0
140,A0120801,A012,8,MSUV,SUV medio,PARTICULARES,311,3,0,199.0,75.0,37.0,32583.0,25499.0,2012.0,29.0,137.0,219.0,0,7.0
141,A0120901,A012,9,MSUV,SUV medio,PARTICULARES,360,19,6,256.0,55.0,49.0,32809.0,25689.0,2032.0,29.0,137.0,229.0,0,8.0
142,A0121001,A012,10,MSUV,SUV medio,PARTICULARES,471,8,11,353.0,68.0,50.0,32550.0,25524.0,2531.0,29.0,128.0,236.0,0,9.0
143,A0121101,A012,11,MSUV,SUV medio,PARTICULARES,691,9,18,519.0,102.0,70.0,32548.0,25496.0,2973.0,27.0,126.0,243.0,0,10.0
144,A0121201,A012,12,MSUV,SUV medio,PARTICULARES,789,93,32,621.0,90.0,78.0,32080.0,25135.0,2644.0,30.0,130.0,248.0,0,11.0
25,A0030101,A003,1,S,Descapotable,ALQUILADORES,0,0,0,,,,,,,,,,0,
26,A0030201,A003,2,S,Descapotable,ALQUILADORES,0,0,0,,,,,,,,,,0,
27,A0030301,A003,3,S,Descapotable,ALQUILADORES,0,0,0,,,,,,,,,,1,0.0
28,A0030401,A003,4,S,Descapotable,ALQUILADORES,0,0,0,,,,,,,,,,0,1.0
29,A0030501,A003,5,S,Descapotable,ALQUILADORES,0,0,0,,,,,,,,,,0,2.0
30,A0030601,A003,6,S,Descapotable,ALQUILADORES,0,0,0,,,,,,,,,,0,3.0
31,A0030701,A003,7,S,Descapotable,ALQUILADORES,0,0,0,,,,,,,,,,0,4.0
32,A0030801,A003,8,S,Descapotable,ALQUILADORES,0,0,0,,,,,,,,,,0,5.0
33,A0030901,A003,9,S,Descapotable,ALQUILADORES,0,0,0,,,,,,,,,,0,6.0
34,A0031001,A003,10,S,Descapotable,ALQUILADORES,0,0,0,,,,,,,,,,0,7.0
35,A0031101,A003,11,S,Descapotable,ALQUILADORES,0,0,0,,,,,,,,,,0,8.0
36,A0031201,A003,12,S,Descapotable,ALQUILADORES,0,0,0,,,,,,,,,,0,9.0
37,A0040101,A004,1,S,Descapotable,ALQUILADORES,0,0,0,,,,,,,,,,0,10.0
38,A0040201,A004,2,S,Descapotable,ALQUILADORES,0,0,0,,,,,,,,,,0,11.0
39,A0040301,A004,3,S,Descapotable,ALQUILADORES,0,0,0,,,,,,,,,,0,12.0
40,A0040401,A004,4,S,Descapotable,ALQUILADORES,0,0,0,,,,,,,,,,0,13.0
41,A0040501,A004,5,S,Descapotable,ALQUILADORES,0,0,0,,,,,,,,,,0,14.0
42,A0040601,A004,6,S,Descapotable,ALQUILADORES,0,0,0,,,,,,,,,,0,15.0
43,A0040701,A004,7,S,Descapotable,ALQUILADORES,0,0,0,,,,,,,,,,0,16.0
44,A0040801,A004,8,S,Descapotable,ALQUILADORES,0,0,0,,,,,,,,,,0,17.0
45,A0040901,A004,9,S,Descapotable,ALQUILADORES,0,0,0,,,,,,,,,,0,18.0
46,A0041001,A004,10,S,Descapotable,ALQUILADORES,0,0,0,,,,,,,,,,0,19.0
47,A0041101,A004,11,S,Descapotable,ALQUILADORES,0,0,0,,,,,,,,,,0,20.0
48,A0041201,A004,12,S,Descapotable,ALQUILADORES,0,0,0,,,,,,,,,,0,21.0
49,A0050101,A005,1,S,Descapotable,ALQUILADORES,0,0,0,,,,,,,,,,0,22.0
50,A0050201,A005,2,S,Descapotable,ALQUILADORES,0,0,0,,,,,,,,,,0,23.0
51,A0050301,A005,3,S,Descapotable,ALQUILADORES,0,0,0,,,,,,,,,,0,24.0
52,A0050401,A005,4,S,Descapotable,ALQUILADORES,0,0,0,,,,,,,,,,0,25.0
53,A0050501,A005,5,S,Descapotable,ALQUILADORES,0,0,0,,,,,,,,,,0,26.0
54,A0050601,A005,6,S,Descapotable,ALQUILADORES,0,0,0,,,,,,,,,,0,27.0
55,A0050701,A005,7,S,Descapotable,ALQUILADORES,0,0,0,,,,,,,,,,0,28.0
56,A0050801,A005,8,S,Descapotable,ALQUILADORES,0,0,0,,,,,,,,,,0,29.0
57,A0050901,A005,9,S,Descapotable,ALQUILADORES,0,0,0,,,,,,,,,,0,30.0
58,A0051001,A005,10,S,Descapotable,ALQUILADORES,0,0,0,,,,,,,,,,0,31.0
59,A0051101,A005,11,S,Descapotable,ALQUILADORES,0,0,0,,,,,,,,,,0,32.0
60,A0051201,A005,12,S,Descapotable,ALQUILADORES,0,0,0,,,,,,,,,,0,33.0
61,A0060101,A006,1,S,Descapotable,ALQUILADORES,0,0,0,,,,,,,,,,0,34.0
62,A0060201,A006,2,S,Descapotable,ALQUILADORES,0,0,0,,,,,,,,,,0,35.0
63,A0060301,A006,3,S,Descapotable,ALQUILADORES,0,0,0,,,,,,,,,,0,36.0
64,A0060401,A006,4,S,Descapotable,ALQUILADORES,0,0,0,,,,,,,,,,0,37.0
65,A0060501,A006,5,S,Descapotable,ALQUILADORES,0,0,0,,,,,,,,,,0,38.0
66,A0060601,A006,6,S,Descapotable,ALQUILADORES,0,0,0,,,,,,,,,,0,39.0
67,A0060701,A006,7,S,Descapotable,ALQUILADORES,0,0,0,,,,,,,,,,0,40.0
68,A0060801,A006,8,S,Descapotable,ALQUILADORES,0,0,0,,,,,,,,,,0,41.0
69,A0060901,A006,9,S,Descapotable,ALQUILADORES,0,0,0,,,,,,,,,,0,42.0
70,A0061001,A006,10,S,Descapotable,ALQUILADORES,0,0,0,,,,,,,,,,0,43.0
71,A0061101,A006,11,S,Descapotable,ALQUILADORES,0,0,0,,,,,,,,,,0,44.0
72,A0061201,A006,12,S,Descapotable,ALQUILADORES,0,0,0,,,,,,,,,,0,45.0
73,A0070101,A007,1,S,Descapotable,ALQUILADORES,0,0,0,,,,,,,,,,0,46.0
74,A0070201,A007,2,S,Descapotable,ALQUILADORES,0,0,0,,,,,,,,,,1,0.0
75,A0070301,A007,3,S,Descapotable,ALQUILADORES,0,0,0,,,,,,,,,,0,1.0
76,A0070401,A007,4,S,Descapotable,ALQUILADORES,0,0,0,,,,,,,,,,0,2.0
77,A0070501,A007,5,S,Descapotable,ALQUILADORES,0,0,0,,,,,,,,,,0,3.0
78,A0070601,A007,6,S,Descapotable,ALQUILADORES,0,0,0,,,,,,,,,,0,4.0
79,A0070701,A007,7,S,Descapotable,ALQUILADORES,0,0,0,,,,,,,,,,0,5.0
80,A0070801,A007,8,S,Descapotable,ALQUILADORES,0,0,0,,,,,,,,,,0,6.0
81,A0070901,A007,9,S,Descapotable,ALQUILADORES,0,0,0,,,,,,,,,,0,7.0
82,A0071001,A007,10,S,Descapotable,ALQUILADORES,0,0,0,,,,,,,,,,0,8.0
83,A0071101,A007,11,S,Descapotable,ALQUILADORES,0,0,0,,,,,,,,,,0,9.0
84,A0071201,A007,12,S,Descapotable,ALQUILADORES,0,0,0,,,,,,,,,,0,10.0
85,A0080101,A008,1,S,Descapotable,ALQUILADORES,0,0,0,,,,,,,,,,0,11.0
86,A0080201,A008,2,S,Descapotable,ALQUILADORES,0,0,0,,,,,,,,,,0,12.0
87,A0080301,A008,3,S,Descapotable,ALQUILADORES,0,0,0,,,,,,,,,,0,13.0
88,A0080401,A008,4,S,Descapotable,ALQUILADORES,0,0,0,,,,,,,,,,0,14.0
89,A0080501,A008,5,S,Descapotable,ALQUILADORES,0,0,0,,,,,,,,,,0,15.0
90,A0080601,A008,6,S,Descapotable,ALQUILADORES,0,0,0,,,,,,,,,,0,16.0
91,A0080701,A008,7,S,Descapotable,ALQUILADORES,0,0,0,,,,,,,,,,0,17.0
92,A0080801,A008,8,S,Descapotable,ALQUILADORES,0,0,0,,,,,,,,,,0,18.0
93,A0080901,A008,9,S,Descapotable,ALQUILADORES,0,0,0,,,,,,,,,,0,19.0
94,A0081001,A008,10,S,Descapotable,ALQUILADORES,0,0,0,,,,,,,,,,0,20.0
95,A0081101,A008,11,S,Descapotable,ALQUILADORES,0,0,0,,,,,,,,,,0,21.0
96,A0081201,A008,12,S,Descapotable,ALQUILADORES,0,0,0,,,,,,,,,,0,22.0
97,A0090101,A009,1,S,Descapotable,ALQUILADORES,0,0,0,,,,,,,,,,0,23.0
98,A0090201,A009,2,S,Descapotable,ALQUILADORES,6,0,6,6.0,0.0,0.0,27800.0,21807.0,5098.0,26.0,,,0,24.0
99,A0090301,A009,3,S,Descapotable,ALQUILADORES,0,0,0,0.0,0.0,0.0,,,,,,,0,25.0
100,A0090401,A009,4,S,Descapotable,ALQUILADORES,0,0,0,0.0,0.0,0.0,,,,,,,0,26.0
101,A0090501,A009,5,S,Descapotable,ALQUILADORES,0,0,0,0.0,0.0,0.0,,,,,,,0,27.0
102,A0090601,A009,6,S,Descapotable,ALQUILADORES,0,0,0,0.0,0.0,0.0,,,,,,,0,28.0
103,A0090701,A009,7,S,Descapotable,ALQUILADORES,0,0,0,0.0,0.0,0.0,,,,,,,0,29.0
104,A0090801,A009,8,S,Descapotable,ALQUILADORES,0,0,0,0.0,0.0,0.0,,,,,,,0,30.0
105,A0090901,A009,9,S,Descapotable,ALQUILADORES,2,0,2,2.0,0.0,0.0,27800.0,21807.0,1328.0,84.0,,,0,31.0
106,A0091001,A009,10,S,Descapotable,ALQUILADORES,3,0,3,3.0,0.0,0.0,29000.0,22762.0,1366.0,54.0,,,0,32.0
107,A0091101,A009,11,S,Descapotable,ALQUILADORES,1,0,1,1.0,0.0,0.0,30600.0,24034.0,1461.0,47.0,,,0,33.0
108,A0091201,A009,12,S,Descapotable,ALQUILADORES,0,0,0,0.0,0.0,0.0,,,,,,,0,34.0
109,A0100101,A010,1,S,Descapotable,ALQUILADORES,0,0,0,0.0,0.0,0.0,,,,,,,0,35.0
110,A0100201,A010,2,S,Descapotable,ALQUILADORES,3,0,3,0.0,3.0,0.0,27267.0,21383.0,1283.0,,119.0,,0,36.0
111,A0100301,A010,3,S,Descapotable,ALQUILADORES,0,0,0,0.0,0.0,0.0,,,,,,,1,0.0
112,A0100401,A010,4,S,Descapotable,ALQUILADORES,2,0,2,2.0,0.0,0.0,30700.0,24114.0,2968.0,44.0,,,0,1.0
113,A0100501,A010,5,S,Descapotable,ALQUILADORES,2,0,2,0.0,1.0,1.0,29250.0,22960.0,1387.0,,103.0,210.0,0,2.0
114,A0100601,A010,6,S,Descapotable,ALQUILADORES,9,0,9,9.0,0.0,0.0,29000.0,22762.0,4398.0,15.0,,,0,3.0
115,A0100701,A010,7,S,Descapotable,ALQUILADORES,0,0,0,0.0,0.0,0.0,,,,,,,0,4.0
116,A0100801,A010,8,S,Descapotable,ALQUILADORES,1,0,1,1.0,0.0,0.0,33300.0,26181.0,1571.0,36.0,,,0,5.0
117,A0100901,A010,9,S,Descapotable,ALQUILADORES,0,0,0,0.0,0.0,0.0,,,,,,,0,6.0
118,A0101001,A010,10,S,Descapotable,ALQUILADORES,31,0,1,31.0,0.0,0.0,27977.0,21948.0,4103.0,55.0,,,0,7.0
119,A0101101,A010,11,S,Descapotable,ALQUILADORES,0,0,0,0.0,0.0,0.0,,,,,,,0,8.0
120,A0101201,A010,12,S,Descapotable,ALQUILADORES,0,0,0,0.0,0.0,0.0,,,,,,,0,9.0
121,A0110101,A011,1,S,Descapotable,ALQUILADORES,2,0,2,2.0,0.0,0.0,33300.0,26181.0,1571.0,15.0,,,1,0.0
122,A0110201,A011,2,S,Descapotable,ALQUILADORES,12,0,2,12.0,0.0,0.0,29717.0,23332.0,4122.0,16.0,,,0,1.0
123,A0110301,A011,3,S,Descapotable,ALQUILADORES,4,0,4,4.0,0.0,0.0,31950.0,25108.0,3999.0,17.0,,,0,2.0
124,A0110401,A011,4,S,Descapotable,ALQUILADORES,1,0,1,1.0,0.0,0.0,33300.0,26181.0,1571.0,15.0,,,0,3.0
125,A0110501,A011,5,S,Descapotable,ALQUILADORES,0,0,0,0.0,0.0,0.0,,,,,,,0,4.0
126,A0110601,A011,6,S,Descapotable,ALQUILADORES,0,0,0,0.0,0.0,0.0,,,,,,,0,5.0
127,A0110701,A011,7,S,Descapotable,ALQUILADORES,1,0,1,1.0,0.0,0.0,33300.0,26181.0,1604.0,48.0,,,0,6.0
128,A0110801,A011,8,S,Descapotable,ALQUILADORES,0,0,0,0.0,0.0,0.0,,,,,,,0,7.0
129,A0110901,A011,9,S,Descapotable,ALQUILADORES,0,0,0,0.0,0.0,0.0,,,,,,,0,8.0
130,A0111001,A011,10,S,Descapotable,ALQUILADORES,0,0,0,0.0,0.0,0.0,,,,,,,0,9.0
131,A0111101,A011,11,S,Descapotable,ALQUILADORES,0,0,0,0.0,0.0,0.0,,,,,,,0,10.0
132,A0111201,A011,12,S,Descapotable,ALQUILADORES,0,0,0,0.0,0.0,0.0,,,,,,,0,11.0
133,A0120101,A012,1,S,Descapotable,ALQUILADORES,25,0,0,25.0,0.0,0.0,26700.0,20933.0,4038.0,47.0,,,0,12.0
134,A0120201,A012,2,S,Descapotable,ALQUILADORES,10,0,0,10.0,0.0,0.0,30320.0,23811.0,4605.0,18.0,,,0,13.0
135,A0120301,A012,3,S,Descapotable,ALQUILADORES,0,0,0,0.0,0.0,0.0,,,,,,,0,14.0
136,A0120401,A012,4,S,Descapotable,ALQUILADORES,0,0,0,0.0,0.0,0.0,,,,,,,1,0.0
137,A0120501,A012,5,S,Descapotable,ALQUILADORES,8,0,8,1.0,4.0,3.0,28345.0,22241.0,4309.0,73.0,146.0,256.0,0,1.0
138,A0120601,A012,6,S,Descapotable,ALQUILADORES,0,0,0,0.0,0.0,0.0,,,,,,,0,2.0
139,A0120701,A012,7,S,Descapotable,ALQUILADORES,0,0,0,0.0,0.0,0.0,,,,,,,0,3.0
140,A0120801,A012,8,S,Descapotable,ALQUILADORES,0,0,0,0.0,0.0,0.0,,,,,,,0,4.0
141,A0120901,A012,9,S,Descapotable,ALQUILADORES,0,0,0,0.0,0.0,0.0,,,,,,,0,5.0
142,A0121001,A012,10,S,Descapotable,ALQUILADORES,0,0,0,0.0,0.0,0.0,,,,,,,0,6.0
143,A0121101,A012,11,S,Descapotable,ALQUILADORES,3,0,0,1.0,2.0,0.0,26720.0,20949.0,4056.0,35.0,150.0,,0,7.0
144,A0121201,A012,12,S,Descapotable,ALQUILADORES,6,0,0,6.0,0.0,0.0,32820.0,25799.0,5263.0,15.0,,,0,8.0
25,A0030101,A003,1,S,Descapotable,EMPRESAS_RENTING,1,0,1,,,,25750.0,20177.0,1433.0,,,,0,
26,A0030201,A003,2,S,Descapotable,EMPRESAS_RENTING,0,0,0,,,,,,,,,,0,
27,A0030301,A003,3,S,Descapotable,EMPRESAS_RENTING,3,3,0,,,,28247.0,22163.0,1926.0,,,,1,0.0
28,A0030401,A003,4,S,Descapotable,EMPRESAS_RENTING,1,1,0,,,,24280.0,19008.0,2135.0,,,,0,1.0
29,A0030501,A003,5,S,Descapotable,EMPRESAS_RENTING,0,0,0,,,,,,,,,,0,2.0
30,A0030601,A003,6,S,Descapotable,EMPRESAS_RENTING,2,2,0,,,,25750.0,20177.0,2205.0,,,,0,3.0
31,A0030701,A003,7,S,Descapotable,EMPRESAS_RENTING,0,0,0,,,,,,,,,,0,4.0
32,A0030801,A003,8,S,Descapotable,EMPRESAS_RENTING,0,0,0,,,,,,,,,,0,5.0
33,A0030901,A003,9,S,Descapotable,EMPRESAS_RENTING,1,1,0,,,,25790.0,20209.0,2778.0,,,,0,6.0
34,A0031001,A003,10,S,Descapotable,EMPRESAS_RENTING,1,1,0,,,,35141.0,27645.0,3224.0,,,,0,7.0
35,A0031101,A003,11,S,Descapotable,EMPRESAS_RENTING,0,0,0,,,,,,,,,,0,8.0
36,A0031201,A003,12,S,Descapotable,EMPRESAS_RENTING,0,0,0,,,,,,,,,,0,9.0
37,A0040101,A004,1,S,Descapotable,EMPRESAS_RENTING,1,0,1,,,,33271.0,26158.0,1831.0,,,,0,10.0
38,A0040201,A004,2,S,Descapotable,EMPRESAS_RENTING,1,0,1,,,,25790.0,20209.0,1435.0,,,,0,11.0
39,A0040301,A004,3,S,Descapotable,EMPRESAS_RENTING,1,1,0,,,,28448.0,22322.0,2514.0,,,,0,12.0
40,A0040401,A004,4,S,Descapotable,EMPRESAS_RENTING,1,1,0,,,,28448.0,22322.0,2514.0,,,,0,13.0
41,A0040501,A004,5,S,Descapotable,EMPRESAS_RENTING,2,2,0,,,,28448.0,22322.0,2709.0,,,,0,14.0
42,A0040601,A004,6,S,Descapotable,EMPRESAS_RENTING,0,0,0,,,,,,,,,,0,15.0
43,A0040701,A004,7,S,Descapotable,EMPRESAS_RENTING,1,1,0,,,,28448.0,22322.0,2868.0,,,,0,16.0
44,A0040801,A004,8,S,Descapotable,EMPRESAS_RENTING,0,0,0,,,,,,,,,,0,17.0
45,A0040901,A004,9,S,Descapotable,EMPRESAS_RENTING,0,0,0,,,,,,,,,,0,18.0
46,A0041001,A004,10,S,Descapotable,EMPRESAS_RENTING,2,2,0,,,,25864.0,20268.0,2860.0,,,,0,19.0
47,A0041101,A004,11,S,Descapotable,EMPRESAS_RENTING,0,0,0,,,,,,,,,,0,20.0
48,A0041201,A004,12,S,Descapotable,EMPRESAS_RENTING,2,0,2,,,,30638.0,24064.0,1694.0,,,,0,21.0
49,A0050101,A005,1,S,Descapotable,EMPRESAS_RENTING,0,0,0,,,,,,,,,,0,22.0
50,A0050201,A005,2,S,Descapotable,EMPRESAS_RENTING,8,8,0,,,,27703.0,21730.0,3817.0,,,,0,23.0
51,A0050301,A005,3,S,Descapotable,EMPRESAS_RENTING,7,7,0,,,,27379.0,21472.0,3791.0,,,,0,24.0
52,A0050401,A005,4,S,Descapotable,EMPRESAS_RENTING,1,1,0,,,,27955.0,21931.0,3837.0,,,,0,25.0
53,A0050501,A005,5,S,Descapotable,EMPRESAS_RENTING,8,8,0,,,,27451.0,21530.0,3797.0,,,,0,26.0
54,A0050601,A005,6,S,Descapotable,EMPRESAS_RENTING,7,7,0,,,,27379.0,21472.0,3910.0,,,,0,27.0
55,A0050701,A005,7,S,Descapotable,EMPRESAS_RENTING,5,5,0,,,,27148.0,21289.0,3319.0,,,,0,28.0
56,A0050801,A005,8,S,Descapotable,EMPRESAS_RENTING,1,1,0,,,,25937.0,20326.0,3098.0,,,,0,29.0
57,A0050901,A005,9,S,Descapotable,EMPRESAS_RENTING,0,0,0,,,,,,,,,,0,30.0
58,A0051001,A005,10,S,Descapotable,EMPRESAS_RENTING,3,3,0,,,,25919.0,20312.0,1975.0,,,,0,31.0
59,A0051101,A005,11,S,Descapotable,EMPRESAS_RENTING,4,4,0,,,,26424.0,20713.0,3510.0,,,,0,32.0
60,A0051201,A005,12,S,Descapotable,EMPRESAS_RENTING,4,4,0,,,,29310.0,23008.0,3464.0,,,,0,33.0
61,A0060101,A006,1,S,Descapotable,EMPRESAS_RENTING,3,3,0,,,,27939.0,21918.0,3091.0,,,,0,34.0
62,A0060201,A006,2,S,Descapotable,EMPRESAS_RENTING,3,3,0,,,,27939.0,21918.0,2845.0,,,,0,35.0
63,A0060301,A006,3,S,Descapotable,EMPRESAS_RENTING,0,0,0,,,,,,,,,,0,36.0
64,A0060401,A006,4,S,Descapotable,EMPRESAS_RENTING,0,0,0,,,,,,,,,,0,37.0
65,A0060501,A006,5,S,Descapotable,EMPRESAS_RENTING,0,0,0,,,,,,,,,,0,38.0
66,A0060601,A006,6,S,Descapotable,EMPRESAS_RENTING,2,2,0,,,,26929.0,21115.0,3179.0,,,,0,39.0
67,A0060701,A006,7,S,Descapotable,EMPRESAS_RENTING,3,3,0,,,,27522.0,21587.0,3413.0,,,,0,40.0
68,A0060801,A006,8,S,Descapotable,EMPRESAS_RENTING,0,0,0,,,,,,,,,,0,41.0
69,A0060901,A006,9,S,Descapotable,EMPRESAS_RENTING,0,0,0,,,,,,,,,,0,42.0
70,A0061001,A006,10,S,Descapotable,EMPRESAS_RENTING,0,0,0,,,,,,,,,,0,43.0
71,A0061101,A006,11,S,Descapotable,EMPRESAS_RENTING,2,1,1,,,,26689.0,20924.0,2135.0,,,,0,44.0
72,A0061201,A006,12,S,Descapotable,EMPRESAS_RENTING,1,1,0,,,,26689.0,20924.0,3320.0,,,,0,45.0
73,A0070101,A007,1,S,Descapotable,EMPRESAS_RENTING,3,2,1,,,,29077.0,22823.0,2842.0,,,,0,46.0
74,A0070201,A007,2,S,Descapotable,EMPRESAS_RENTING,3,3,0,,,,26689.0,20924.0,3320.0,,,,1,0.0
75,A0070301,A007,3,S,Descapotable,EMPRESAS_RENTING,0,0,0,,,,,,,,,,0,1.0
76,A0070401,A007,4,S,Descapotable,EMPRESAS_RENTING,3,3,0,,,,26689.0,20924.0,3320.0,,,,0,2.0
77,A0070501,A007,5,S,Descapotable,EMPRESAS_RENTING,1,1,0,,,,26689.0,20924.0,4630.0,,,,0,3.0
78,A0070601,A007,6,S,Descapotable,EMPRESAS_RENTING,0,0,0,,,,,,,,,,0,4.0
79,A0070701,A007,7,S,Descapotable,EMPRESAS_RENTING,4,4,0,,,,26689.0,20924.0,4820.0,,,,0,5.0
80,A0070801,A007,8,S,Descapotable,EMPRESAS_RENTING,0,0,0,,,,,,,,,,0,6.0
81,A0070901,A007,9,S,Descapotable,EMPRESAS_RENTING,0,0,0,,,,,,,,,,0,7.0
82,A0071001,A007,10,S,Descapotable,EMPRESAS_RENTING,1,1,0,,,,26689.0,20924.0,5820.0,,,,0,8.0
83,A0071101,A007,11,S,Descapotable,EMPRESAS_RENTING,1,1,0,,,,26689.0,20924.0,5285.0,,,,0,9.0
84,A0071201,A007,12,S,Descapotable,EMPRESAS_RENTING,0,0,0,,,,,,,,,,0,10.0
85,A0080101,A008,1,S,Descapotable,EMPRESAS_RENTING,0,0,0,,,,,,,,,,0,11.0
86,A0080201,A008,2,S,Descapotable,EMPRESAS_RENTING,0,0,0,,,,,,,,,,0,12.0
87,A0080301,A008,3,S,Descapotable,EMPRESAS_RENTING,0,0,0,,,,,,,,,,0,13.0
88,A0080401,A008,4,S,Descapotable,EMPRESAS_RENTING,0,0,0,,,,,,,,,,0,14.0
89,A0080501,A008,5,S,Descapotable,EMPRESAS_RENTING,0,0,0,,,,,,,,,,0,15.0
90,A0080601,A008,6,S,Descapotable,EMPRESAS_RENTING,0,0,0,,,,,,,,,,0,16.0
91,A0080701,A008,7,S,Descapotable,EMPRESAS_RENTING,1,1,0,,,,28420.0,22300.0,3441.0,,,,0,17.0
92,A0080801,A008,8,S,Descapotable,EMPRESAS_RENTING,38,37,1,,,,27695.0,21724.0,2062.0,,,,0,18.0
93,A0080901,A008,9,S,Descapotable,EMPRESAS_RENTING,14,14,0,,,,27837.0,21837.0,2103.0,,,,0,19.0
94,A0081001,A008,10,S,Descapotable,EMPRESAS_RENTING,2,2,0,,,,27800.0,21807.0,2104.0,,,,0,20.0
95,A0081101,A008,11,S,Descapotable,EMPRESAS_RENTING,1,1,0,,,,27800.0,21807.0,2104.0,,,,0,21.0
96,A0081201,A008,12,S,Descapotable,EMPRESAS_RENTING,2,1,1,,,,29800.0,23398.0,1801.0,,,,0,22.0
97,A0090101,A009,1,S,Descapotable,EMPRESAS_RENTING,40,39,1,,,,28276.0,22186.0,3196.0,,,,0,23.0
98,A0090201,A009,2,S,Descapotable,EMPRESAS_RENTING,10,7,3,10.0,0.0,0.0,28240.0,22157.0,2695.0,24.0,,,0,24.0
99,A0090301,A009,3,S,Descapotable,EMPRESAS_RENTING,7,3,1,7.0,0.0,0.0,28029.0,21989.0,2644.0,20.0,,,0,25.0
100,A0090401,A009,4,S,Descapotable,EMPRESAS_RENTING,0,0,0,0.0,0.0,0.0,,,,,,,0,26.0
101,A0090501,A009,5,S,Descapotable,EMPRESAS_RENTING,1,1,0,0.0,0.0,1.0,25000.0,19581.0,1970.0,,,266.0,0,27.0
102,A0090601,A009,6,S,Descapotable,EMPRESAS_RENTING,2,2,0,2.0,0.0,0.0,29000.0,22762.0,2161.0,52.0,,,0,28.0
103,A0090701,A009,7,S,Descapotable,EMPRESAS_RENTING,1,1,0,0.0,1.0,0.0,27800.0,21807.0,2104.0,,115.0,,0,29.0
104,A0090801,A009,8,S,Descapotable,EMPRESAS_RENTING,2,1,1,1.0,1.0,0.0,28000.0,21966.0,1837.0,15.0,163.0,,0,30.0
105,A0090901,A009,9,S,Descapotable,EMPRESAS_RENTING,2,1,1,2.0,0.0,0.0,29800.0,23398.0,1801.0,52.0,,,0,31.0
106,A0091001,A009,10,S,Descapotable,EMPRESAS_RENTING,2,1,1,2.0,0.0,0.0,28800.0,22603.0,1754.0,26.0,,,0,32.0
107,A0091101,A009,11,S,Descapotable,EMPRESAS_RENTING,0,0,0,0.0,0.0,0.0,,,,,,,0,33.0
108,A0091201,A009,12,S,Descapotable,EMPRESAS_RENTING,5,4,1,3.0,1.0,1.0,28680.0,22507.0,1987.0,24.0,103.0,204.0,0,34.0
109,A0100101,A010,1,S,Descapotable,EMPRESAS_RENTING,1,0,1,1.0,0.0,0.0,30800.0,24193.0,1452.0,35.0,,,0,35.0
110,A0100201,A010,2,S,Descapotable,EMPRESAS_RENTING,2,2,0,1.0,0.0,1.0,29511.0,23168.0,2170.0,15.0,,259.0,0,36.0
111,A0100301,A010,3,S,Descapotable,EMPRESAS_RENTING,6,2,4,6.0,0.0,0.0,31900.0,25068.0,1975.0,16.0,,,1,0.0
112,A0100401,A010,4,S,Descapotable,EMPRESAS_RENTING,3,1,2,2.0,0.0,1.0,30167.0,23689.0,1868.0,24.0,,354.0,0,1.0
113,A0100501,A010,5,S,Descapotable,EMPRESAS_RENTING,4,2,2,1.0,0.0,3.0,28725.0,22543.0,1500.0,81.0,,342.0,0,2.0
114,A0100601,A010,6,S,Descapotable,EMPRESAS_RENTING,3,2,1,1.0,1.0,1.0,30033.0,23583.0,2040.0,56.0,142.0,191.0,0,3.0
115,A0100701,A010,7,S,Descapotable,EMPRESAS_RENTING,37,32,5,32.0,3.0,2.0,31685.0,24897.0,2182.0,30.0,133.0,278.0,0,4.0
116,A0100801,A010,8,S,Descapotable,EMPRESAS_RENTING,8,6,2,6.0,0.0,2.0,31299.0,24590.0,2139.0,26.0,,328.0,0,5.0
117,A0100901,A010,9,S,Descapotable,EMPRESAS_RENTING,13,9,4,11.0,1.0,1.0,30515.0,23967.0,1868.0,44.0,162.0,346.0,0,6.0
118,A0101001,A010,10,S,Descapotable,EMPRESAS_RENTING,3,1,2,2.0,0.0,1.0,27700.0,21728.0,1569.0,28.0,,612.0,0,7.0
119,A0101101,A010,11,S,Descapotable,EMPRESAS_RENTING,6,4,2,3.0,2.0,1.0,32001.0,25148.0,2167.0,32.0,148.0,349.0,0,8.0
120,A0101201,A010,12,S,Descapotable,EMPRESAS_RENTING,3,1,2,1.0,1.0,1.0,32997.0,25940.0,1911.0,34.0,110.0,209.0,0,9.0
121,A0110101,A011,1,S,Descapotable,EMPRESAS_RENTING,3,1,2,2.0,0.0,1.0,31867.0,25041.0,1862.0,43.0,,187.0,1,0.0
122,A0110201,A011,2,S,Descapotable,EMPRESAS_RENTING,26,25,1,5.0,7.0,14.0,30614.0,24045.0,2177.0,33.0,142.0,283.0,0,1.0
123,A0110301,A011,3,S,Descapotable,EMPRESAS_RENTING,1,1,0,0.0,0.0,1.0,35990.0,28320.0,2494.0,,,288.0,0,2.0
124,A0110401,A011,4,S,Descapotable,EMPRESAS_RENTING,6,6,0,3.0,1.0,2.0,30815.0,24205.0,2248.0,62.0,143.0,286.0,0,3.0
125,A0110501,A011,5,S,Descapotable,EMPRESAS_RENTING,6,4,2,5.0,0.0,1.0,30467.0,23928.0,2286.0,28.0,,217.0,0,4.0
126,A0110601,A011,6,S,Descapotable,EMPRESAS_RENTING,6,5,1,4.0,1.0,1.0,31200.0,24511.0,2511.0,24.0,118.0,193.0,0,5.0
127,A0110701,A011,7,S,Descapotable,EMPRESAS_RENTING,10,9,1,8.0,0.0,2.0,30850.0,24233.0,2528.0,51.0,,268.0,0,6.0
128,A0110801,A011,8,S,Descapotable,EMPRESAS_RENTING,6,2,4,4.0,1.0,1.0,30790.0,24185.0,2833.0,30.0,117.0,230.0,0,7.0
129,A0110901,A011,9,S,Descapotable,EMPRESAS_RENTING,4,3,1,1.0,0.0,3.0,29350.0,23040.0,2742.0,90.0,,425.0,0,8.0
130,A0111001,A011,10,S,Descapotable,EMPRESAS_RENTING,29,20,9,17.0,5.0,7.0,31835.0,25016.0,2433.0,35.0,140.0,271.0,0,9.0
131,A0111101,A011,11,S,Descapotable,EMPRESAS_RENTING,6,3,3,3.0,1.0,2.0,33628.0,26442.0,2396.0,30.0,116.0,394.0,0,10.0
132,A0111201,A011,12,S,Descapotable,EMPRESAS_RENTING,5,3,2,2.0,1.0,2.0,31592.0,24823.0,2195.0,32.0,133.0,238.0,0,11.0
133,A0120101,A012,1,S,Descapotable,EMPRESAS_RENTING,9,2,7,6.0,2.0,1.0,32338.0,25416.0,2424.0,25.0,138.0,258.0,0,12.0
134,A0120201,A012,2,S,Descapotable,EMPRESAS_RENTING,5,2,3,2.0,3.0,0.0,30700.0,24114.0,2041.0,18.0,122.0,,0,13.0
135,A0120301,A012,3,S,Descapotable,EMPRESAS_RENTING,7,2,5,4.0,2.0,1.0,32674.0,25684.0,2306.0,44.0,140.0,334.0,0,14.0
136,A0120401,A012,4,S,Descapotable,EMPRESAS_RENTING,13,4,9,6.0,1.0,6.0,31648.0,24867.0,2029.0,20.0,155.0,274.0,1,0.0
137,A0120501,A012,5,S,Descapotable,EMPRESAS_RENTING,12,4,8,9.0,1.0,2.0,32075.0,25207.0,2134.0,26.0,105.0,296.0,0,1.0
138,A0120601,A012,6,S,Descapotable,EMPRESAS_RENTING,19,9,10,14.0,2.0,3.0,32500.0,25545.0,2138.0,37.0,160.0,274.0,0,2.0
139,A0120701,A012,7,S,Descapotable,EMPRESAS_RENTING,14,6,8,12.0,0.0,2.0,33367.0,26235.0,2208.0,30.0,,216.0,0,3.0
140,A0120801,A012,8,S,Descapotable,EMPRESAS_RENTING,6,2,4,5.0,0.0,1.0,30300.0,23795.0,2163.0,34.0,,340.0,0,4.0
141,A0120901,A012,9,S,Descapotable,EMPRESAS_RENTING,12,2,10,10.0,1.0,1.0,32923.0,25882.0,1981.0,25.0,131.0,221.0,0,5.0
142,A0121001,A012,10,S,Descapotable,EMPRESAS_RENTING,22,19,3,9.0,7.0,6.0,32305.0,25390.0,2276.0,41.0,139.0,261.0,0,6.0
143,A0121101,A012,11,S,Descapotable,EMPRESAS_RENTING,9,5,4,5.0,2.0,2.0,32253.0,25349.0,2275.0,19.0,112.0,284.0,0,7.0
144,A0121201,A012,12,S,Descapotable,EMPRESAS_RENTING,31,25,6,20.0,5.0,6.0,31491.0,24743.0,2248.0,27.0,135.0,314.0,0,8.0
25,A0030101,A003,1,S,Descapotable,PARTICULARES,8,0,1,,,,25750.0,20177.0,1260.0,,,,0,
26,A0030201,A003,2,S,Descapotable,PARTICULARES,8,5,0,,,,30151.0,23677.0,786.0,,,,0,
27,A0030301,A003,3,S,Descapotable,PARTICULARES,7,2,0,,,,26400.0,20694.0,848.0,,,,1,0.0
28,A0030401,A003,4,S,Descapotable,PARTICULARES,15,0,1,,,,27150.0,21290.0,1452.0,,,,0,1.0
29,A0030501,A003,5,S,Descapotable,PARTICULARES,19,2,0,,,,25707.0,20143.0,1687.0,,,,0,2.0
30,A0030601,A003,6,S,Descapotable,PARTICULARES,12,0,0,,,,26998.0,21170.0,1484.0,,,,0,3.0
31,A0030701,A003,7,S,Descapotable,PARTICULARES,8,1,0,,,,26725.0,20952.0,1559.0,,,,0,4.0
32,A0030801,A003,8,S,Descapotable,PARTICULARES,13,2,0,,,,27622.0,21666.0,1813.0,,,,0,5.0
33,A0030901,A003,9,S,Descapotable,PARTICULARES,6,0,0,,,,27342.0,21443.0,2036.0,,,,0,6.0
34,A0031001,A003,10,S,Descapotable,PARTICULARES,11,1,1,,,,26264.0,20586.0,2071.0,,,,0,7.0
35,A0031101,A003,11,S,Descapotable,PARTICULARES,12,0,1,,,,26815.0,21024.0,1905.0,,,,0,8.0
36,A0031201,A003,12,S,Descapotable,PARTICULARES,12,3,2,,,,26380.0,20678.0,1838.0,,,,0,9.0
37,A0040101,A004,1,S,Descapotable,PARTICULARES,6,0,4,,,,25790.0,20209.0,1695.0,,,,0,10.0
38,A0040201,A004,2,S,Descapotable,PARTICULARES,4,0,3,,,,25433.0,19925.0,1622.0,,,,0,11.0
39,A0040301,A004,3,S,Descapotable,PARTICULARES,7,2,1,,,,27365.0,21461.0,1210.0,,,,0,12.0
40,A0040401,A004,4,S,Descapotable,PARTICULARES,17,5,12,,,,28552.0,22405.0,1315.0,,,,0,13.0
41,A0040501,A004,5,S,Descapotable,PARTICULARES,22,1,18,,,,28752.0,22564.0,1995.0,,,,0,14.0
42,A0040601,A004,6,S,Descapotable,PARTICULARES,16,0,12,,,,28448.0,22322.0,1819.0,,,,0,15.0
43,A0040701,A004,7,S,Descapotable,PARTICULARES,10,0,2,,,,28448.0,22322.0,2073.0,,,,0,16.0
44,A0040801,A004,8,S,Descapotable,PARTICULARES,10,0,0,,,,27601.0,21649.0,2026.0,,,,0,17.0
45,A0040901,A004,9,S,Descapotable,PARTICULARES,7,4,0,,,,28462.0,22333.0,901.0,,,,0,18.0
46,A0041001,A004,10,S,Descapotable,PARTICULARES,9,0,0,,,,26709.0,20939.0,2098.0,,,,0,19.0
47,A0041101,A004,11,S,Descapotable,PARTICULARES,8,1,1,,,,30552.0,23996.0,2213.0,,,,0,20.0
48,A0041201,A004,12,S,Descapotable,PARTICULARES,4,0,0,,,,28472.0,22342.0,1994.0,,,,0,21.0
49,A0050101,A005,1,S,Descapotable,PARTICULARES,14,4,0,,,,29042.0,22795.0,1457.0,,,,0,22.0
50,A0050201,A005,2,S,Descapotable,PARTICULARES,4,0,0,,,,30182.0,23702.0,2069.0,,,,0,23.0
51,A0050301,A005,3,S,Descapotable,PARTICULARES,13,3,0,,,,29080.0,22825.0,1811.0,,,,0,24.0
52,A0050401,A005,4,S,Descapotable,PARTICULARES,7,0,0,,,,28736.0,22552.0,2172.0,,,,0,25.0
53,A0050501,A005,5,S,Descapotable,PARTICULARES,9,3,0,,,,27474.0,21548.0,1594.0,,,,0,26.0
54,A0050601,A005,6,S,Descapotable,PARTICULARES,12,1,0,,,,28074.0,22026.0,2175.0,,,,0,27.0
55,A0050701,A005,7,S,Descapotable,PARTICULARES,9,0,0,,,,27059.0,21218.0,2574.0,,,,0,28.0
56,A0050801,A005,8,S,Descapotable,PARTICULARES,6,1,1,,,,27619.0,21663.0,2445.0,,,,0,29.0
57,A0050901,A005,9,S,Descapotable,PARTICULARES,3,1,2,,,,27266.0,21383.0,1745.0,,,,0,30.0
58,A0051001,A005,10,S,Descapotable,PARTICULARES,11,1,10,,,,28477.0,22346.0,2655.0,,,,0,31.0
59,A0051101,A005,11,S,Descapotable,PARTICULARES,2,0,2,,,,27939.0,21918.0,2518.0,,,,0,32.0
60,A0051201,A005,12,S,Descapotable,PARTICULARES,7,1,6,,,,27939.0,21918.0,2956.0,,,,0,33.0
61,A0060101,A006,1,S,Descapotable,PARTICULARES,8,5,3,,,,26905.0,21096.0,1072.0,,,,0,34.0
62,A0060201,A006,2,S,Descapotable,PARTICULARES,4,2,1,,,,28913.0,22692.0,2180.0,,,,0,35.0
63,A0060301,A006,3,S,Descapotable,PARTICULARES,6,1,2,,,,28925.0,22702.0,2643.0,,,,0,36.0
64,A0060401,A006,4,S,Descapotable,PARTICULARES,2,0,2,,,,27939.0,21918.0,2067.0,,,,0,37.0
65,A0060501,A006,5,S,Descapotable,PARTICULARES,2,0,2,,,,27939.0,21918.0,2160.0,,,,0,38.0
66,A0060601,A006,6,S,Descapotable,PARTICULARES,11,2,3,,,,27725.0,21748.0,1864.0,,,,0,39.0
67,A0060701,A006,7,S,Descapotable,PARTICULARES,8,4,1,,,,27897.0,21885.0,970.0,,,,0,40.0
68,A0060801,A006,8,S,Descapotable,PARTICULARES,5,0,3,,,,27035.0,21199.0,2241.0,,,,0,41.0
69,A0060901,A006,9,S,Descapotable,PARTICULARES,2,0,1,,,,27314.0,21421.0,3216.0,,,,0,42.0
70,A0061001,A006,10,S,Descapotable,PARTICULARES,3,0,0,,,,26689.0,20924.0,2013.0,,,,0,43.0
71,A0061101,A006,11,S,Descapotable,PARTICULARES,5,2,1,,,,28622.0,22461.0,2389.0,,,,0,44.0
72,A0061201,A006,12,S,Descapotable,PARTICULARES,1,0,1,,,,26689.0,20924.0,2065.0,,,,0,45.0
73,A0070101,A007,1,S,Descapotable,PARTICULARES,4,1,1,,,,29502.0,23161.0,1704.0,,,,0,46.0
74,A0070201,A007,2,S,Descapotable,PARTICULARES,3,0,1,,,,29654.0,23282.0,3207.0,,,,1,0.0
75,A0070301,A007,3,S,Descapotable,PARTICULARES,7,1,1,,,,28262.0,22175.0,2035.0,,,,0,1.0
76,A0070401,A007,4,S,Descapotable,PARTICULARES,5,1,2,,,,28670.0,22499.0,2072.0,,,,0,2.0
77,A0070501,A007,5,S,Descapotable,PARTICULARES,10,4,0,,,,28954.0,22725.0,1513.0,,,,0,3.0
78,A0070601,A007,6,S,Descapotable,PARTICULARES,8,1,4,,,,27633.0,21674.0,2929.0,,,,0,4.0
79,A0070701,A007,7,S,Descapotable,PARTICULARES,1,0,0,,,,33854.0,26622.0,2180.0,,,,0,5.0
80,A0070801,A007,8,S,Descapotable,PARTICULARES,3,1,0,,,,28420.0,22300.0,1466.0,,,,0,6.0
81,A0070901,A007,9,S,Descapotable,PARTICULARES,4,0,0,,,,29598.0,23237.0,2430.0,,,,0,7.0
82,A0071001,A007,10,S,Descapotable,PARTICULARES,3,0,0,,,,27843.0,21841.0,3432.0,,,,0,8.0
83,A0071101,A007,11,S,Descapotable,PARTICULARES,2,0,0,,,,28420.0,22300.0,2423.0,,,,0,9.0
84,A0071201,A007,12,S,Descapotable,PARTICULARES,4,0,1,,,,27987.0,21956.0,3024.0,,,,0,10.0
85,A0080101,A008,1,S,Descapotable,PARTICULARES,2,0,0,,,,28420.0,22300.0,2536.0,,,,0,11.0
86,A0080201,A008,2,S,Descapotable,PARTICULARES,1,1,0,,,,28420.0,22300.0,0.0,,,,0,12.0
87,A0080301,A008,3,S,Descapotable,PARTICULARES,8,5,0,,,,29304.0,23003.0,778.0,,,,0,13.0
88,A0080401,A008,4,S,Descapotable,PARTICULARES,4,1,0,,,,29009.0,22769.0,2516.0,,,,0,14.0
89,A0080501,A008,5,S,Descapotable,PARTICULARES,8,0,0,,,,29304.0,23003.0,3687.0,,,,0,15.0
90,A0080601,A008,6,S,Descapotable,PARTICULARES,2,0,0,,,,28420.0,22300.0,2947.0,,,,0,16.0
91,A0080701,A008,7,S,Descapotable,PARTICULARES,6,0,0,,,,28420.0,22300.0,3389.0,,,,0,17.0
92,A0080801,A008,8,S,Descapotable,PARTICULARES,20,6,0,,,,27424.0,21508.0,1085.0,,,,0,18.0
93,A0080901,A008,9,S,Descapotable,PARTICULARES,26,8,0,,,,29102.0,22843.0,1282.0,,,,0,19.0
94,A0081001,A008,10,S,Descapotable,PARTICULARES,29,10,0,,,,28161.0,22094.0,956.0,,,,0,20.0
95,A0081101,A008,11,S,Descapotable,PARTICULARES,20,0,0,,,,28680.0,22507.0,1321.0,,,,0,21.0
96,A0081201,A008,12,S,Descapotable,PARTICULARES,19,1,0,,,,28666.0,22496.0,1487.0,,,,0,22.0
97,A0090101,A009,1,S,Descapotable,PARTICULARES,17,1,0,,,,28208.0,22132.0,1473.0,,,,0,23.0
98,A0090201,A009,2,S,Descapotable,PARTICULARES,17,2,0,16.0,1.0,0.0,28435.0,22313.0,1369.0,22.0,176.0,,0,24.0
99,A0090301,A009,3,S,Descapotable,PARTICULARES,22,3,0,21.0,0.0,1.0,28665.0,22495.0,1401.0,19.0,,404.0,0,25.0
100,A0090401,A009,4,S,Descapotable,PARTICULARES,24,0,0,22.0,2.0,0.0,28650.0,22483.0,1350.0,20.0,125.0,,0,26.0
101,A0090501,A009,5,S,Descapotable,PARTICULARES,37,4,0,34.0,3.0,0.0,28647.0,22481.0,1370.0,29.0,123.0,,0,27.0
102,A0090601,A009,6,S,Descapotable,PARTICULARES,28,1,1,26.0,2.0,0.0,28848.0,22641.0,1453.0,37.0,118.0,,0,28.0
103,A0090701,A009,7,S,Descapotable,PARTICULARES,26,2,0,20.0,5.0,1.0,28923.0,22700.0,1399.0,40.0,109.0,316.0,0,29.0
104,A0090801,A009,8,S,Descapotable,PARTICULARES,18,0,0,8.0,9.0,1.0,27985.0,21954.0,1309.0,24.0,129.0,190.0,0,30.0
105,A0090901,A009,9,S,Descapotable,PARTICULARES,14,0,0,14.0,0.0,0.0,29171.0,22898.0,1475.0,33.0,,,0,31.0
106,A0091001,A009,10,S,Descapotable,PARTICULARES,17,4,2,12.0,3.0,2.0,28842.0,22636.0,1307.0,26.0,127.0,206.0,0,32.0
107,A0091101,A009,11,S,Descapotable,PARTICULARES,21,2,0,17.0,3.0,1.0,28593.0,22438.0,1260.0,23.0,142.0,214.0,0,33.0
108,A0091201,A009,12,S,Descapotable,PARTICULARES,17,1,0,14.0,2.0,1.0,28788.0,22593.0,1397.0,30.0,140.0,245.0,0,34.0
109,A0100101,A010,1,S,Descapotable,PARTICULARES,33,3,0,30.0,2.0,1.0,29845.0,23434.0,1299.0,24.0,124.0,188.0,0,35.0
110,A0100201,A010,2,S,Descapotable,PARTICULARES,53,4,0,45.0,7.0,1.0,30638.0,24064.0,1365.0,19.0,127.0,188.0,0,36.0
111,A0100301,A010,3,S,Descapotable,PARTICULARES,58,1,2,52.0,3.0,3.0,30955.0,24316.0,1394.0,24.0,112.0,277.0,1,0.0
112,A0100401,A010,4,S,Descapotable,PARTICULARES,26,0,1,19.0,5.0,2.0,30808.0,24199.0,1488.0,24.0,119.0,355.0,0,1.0
113,A0100501,A010,5,S,Descapotable,PARTICULARES,34,1,1,30.0,2.0,2.0,30888.0,24263.0,1543.0,28.0,98.0,404.0,0,2.0
114,A0100601,A010,6,S,Descapotable,PARTICULARES,29,4,0,22.0,6.0,1.0,30927.0,24294.0,1307.0,30.0,104.0,388.0,0,3.0
115,A0100701,A010,7,S,Descapotable,PARTICULARES,70,1,2,63.0,1.0,6.0,31422.0,24688.0,1421.0,23.0,118.0,236.0,0,4.0
116,A0100801,A010,8,S,Descapotable,PARTICULARES,51,0,0,48.0,1.0,2.0,30838.0,24223.0,1529.0,27.0,169.0,228.0,0,5.0
117,A0100901,A010,9,S,Descapotable,PARTICULARES,34,2,0,34.0,0.0,0.0,31236.0,24540.0,1451.0,25.0,,,0,6.0
118,A0101001,A010,10,S,Descapotable,PARTICULARES,23,2,1,20.0,3.0,0.0,31819.0,25004.0,1430.0,26.0,111.0,,0,7.0
119,A0101101,A010,11,S,Descapotable,PARTICULARES,26,1,0,21.0,2.0,3.0,31515.0,24762.0,1614.0,35.0,102.0,312.0,0,8.0
120,A0101201,A010,12,S,Descapotable,PARTICULARES,17,0,1,6.0,10.0,1.0,31294.0,24586.0,1593.0,37.0,130.0,412.0,0,9.0
121,A0110101,A011,1,S,Descapotable,PARTICULARES,37,6,0,29.0,5.0,3.0,30827.0,24214.0,1284.0,21.0,158.0,220.0,1,0.0
122,A0110201,A011,2,S,Descapotable,PARTICULARES,44,0,1,23.0,15.0,6.0,31111.0,24440.0,2166.0,29.0,137.0,222.0,0,1.0
123,A0110301,A011,3,S,Descapotable,PARTICULARES,33,6,0,23.0,4.0,6.0,31069.0,24407.0,1768.0,24.0,122.0,241.0,0,2.0
124,A0110401,A011,4,S,Descapotable,PARTICULARES,41,2,0,25.0,9.0,7.0,30665.0,24086.0,1873.0,26.0,140.0,266.0,0,3.0
125,A0110501,A011,5,S,Descapotable,PARTICULARES,26,3,0,17.0,2.0,7.0,31477.0,24731.0,2302.0,22.0,103.0,283.0,0,4.0
126,A0110601,A011,6,S,Descapotable,PARTICULARES,43,0,0,28.0,10.0,5.0,31086.0,24420.0,2281.0,29.0,136.0,341.0,0,5.0
127,A0110701,A011,7,S,Descapotable,PARTICULARES,34,0,0,25.0,3.0,6.0,31032.0,24378.0,2756.0,30.0,128.0,263.0,0,6.0
128,A0110801,A011,8,S,Descapotable,PARTICULARES,27,8,1,21.0,5.0,1.0,31553.0,24792.0,1705.0,20.0,120.0,223.0,0,7.0
129,A0110901,A011,9,S,Descapotable,PARTICULARES,33,3,0,25.0,6.0,2.0,32517.0,25558.0,2248.0,27.0,137.0,320.0,0,8.0
130,A0111001,A011,10,S,Descapotable,PARTICULARES,34,0,0,32.0,1.0,1.0,31988.0,25138.0,2115.0,33.0,175.0,306.0,0,9.0
131,A0111101,A011,11,S,Descapotable,PARTICULARES,24,5,0,22.0,0.0,2.0,31756.0,24953.0,1793.0,23.0,,256.0,0,10.0
132,A0111201,A011,12,S,Descapotable,PARTICULARES,26,0,0,20.0,5.0,1.0,32214.0,25317.0,1904.0,27.0,129.0,185.0,0,11.0
133,A0120101,A012,1,S,Descapotable,PARTICULARES,25,2,0,20.0,5.0,0.0,32803.0,25786.0,1849.0,20.0,134.0,,0,12.0
134,A0120201,A012,2,S,Descapotable,PARTICULARES,28,0,0,21.0,5.0,2.0,32480.0,25529.0,2094.0,26.0,124.0,370.0,0,13.0
135,A0120301,A012,3,S,Descapotable,PARTICULARES,25,1,0,15.0,4.0,6.0,32042.0,25180.0,2025.0,22.0,119.0,254.0,0,14.0
136,A0120401,A012,4,S,Descapotable,PARTICULARES,25,0,0,22.0,1.0,2.0,31352.0,24632.0,1974.0,25.0,146.0,248.0,1,0.0
137,A0120501,A012,5,S,Descapotable,PARTICULARES,36,3,1,31.0,2.0,3.0,32455.0,25509.0,1943.0,23.0,94.0,267.0,0,1.0
138,A0120601,A012,6,S,Descapotable,PARTICULARES,49,1,0,37.0,6.0,6.0,31696.0,24906.0,2157.0,20.0,132.0,279.0,0,2.0
139,A0120701,A012,7,S,Descapotable,PARTICULARES,40,1,0,30.0,6.0,4.0,32849.0,25822.0,2081.0,22.0,118.0,272.0,0,3.0
140,A0120801,A012,8,S,Descapotable,PARTICULARES,30,6,0,24.0,3.0,3.0,32145.0,25262.0,1725.0,18.0,120.0,290.0,0,4.0
141,A0120901,A012,9,S,Descapotable,PARTICULARES,29,1,0,23.0,4.0,2.0,32406.0,25470.0,2030.0,23.0,121.0,298.0,0,5.0
142,A0121001,A012,10,S,Descapotable,PARTICULARES,31,0,0,22.0,6.0,3.0,32634.0,25652.0,1922.0,26.0,125.0,298.0,0,6.0
143,A0121101,A012,11,S,Descapotable,PARTICULARES,23,0,0,19.0,4.0,0.0,31666.0,24882.0,2161.0,24.0,134.0,,0,7.0
144,A0121201,A012,12,S,Descapotable,PARTICULARES,37,4,0,31.0,3.0,3.0,32297.0,25384.0,1977.0,22.0,101.0,279.0,0,8.0
25,A0030101,A003,1,SSUV,SUV pequeño,ALQUILADORES,0,0,0,,,,,,,,,,0,
26,A0030201,A003,2,SSUV,SUV pequeño,ALQUILADORES,0,0,0,,,,,,,,,,0,
27,A0030301,A003,3,SSUV,SUV pequeño,ALQUILADORES,0,0,0,,,,,,,,,,0,
28,A0030401,A003,4,SSUV,SUV pequeño,ALQUILADORES,0,0,0,,,,,,,,,,0,
29,A0030501,A003,5,SSUV,SUV pequeño,ALQUILADORES,0,0,0,,,,,,,,,,0,
30,A0030601,A003,6,SSUV,SUV pequeño,ALQUILADORES,0,0,0,,,,,,,,,,0,
31,A0030701,A003,7,SSUV,SUV pequeño,ALQUILADORES,0,0,0,,,,,,,,,,0,
32,A0030801,A003,8,SSUV,SUV pequeño,ALQUILADORES,0,0,0,,,,,,,,,,0,
33,A0030901,A003,9,SSUV,SUV pequeño,ALQUILADORES,0,0,0,,,,,,,,,,0,
34,A0031001,A003,10,SSUV,SUV pequeño,ALQUILADORES,0,0,0,,,,,,,,,,0,
35,A0031101,A003,11,SSUV,SUV pequeño,ALQUILADORES,0,0,0,,,,,,,,,,0,
36,A0031201,A003,12,SSUV,SUV pequeño,ALQUILADORES,0,0,0,,,,,,,,,,0,
37,A0040101,A004,1,SSUV,SUV pequeño,ALQUILADORES,0,0,0,,,,,,,,,,0,
38,A0040201,A004,2,SSUV,SUV pequeño,ALQUILADORES,0,0,0,,,,,,,,,,0,
39,A0040301,A004,3,SSUV,SUV pequeño,ALQUILADORES,0,0,0,,,,,,,,,,0,
40,A0040401,A004,4,SSUV,SUV pequeño,ALQUILADORES,0,0,0,,,,,,,,,,0,
41,A0040501,A004,5,SSUV,SUV pequeño,ALQUILADORES,0,0,0,,,,,,,,,,0,
42,A0040601,A004,6,SSUV,SUV pequeño,ALQUILADORES,0,0,0,,,,,,,,,,0,
43,A0040701,A004,7,SSUV,SUV pequeño,ALQUILADORES,0,0,0,,,,,,,,,,0,
44,A0040801,A004,8,SSUV,SUV pequeño,ALQUILADORES,0,0,0,,,,,,,,,,0,
45,A0040901,A004,9,SSUV,SUV pequeño,ALQUILADORES,0,0,0,,,,,,,,,,0,
46,A0041001,A004,10,SSUV,SUV pequeño,ALQUILADORES,0,0,0,,,,,,,,,,0,
47,A0041101,A004,11,SSUV,SUV pequeño,ALQUILADORES,0,0,0,,,,,,,,,,0,
48,A0041201,A004,12,SSUV,SUV pequeño,ALQUILADORES,0,0,0,,,,,,,,,,0,
49,A0050101,A005,1,SSUV,SUV pequeño,ALQUILADORES,0,0,0,,,,,,,,,,0,
50,A0050201,A005,2,SSUV,SUV pequeño,ALQUILADORES,0,0,0,,,,,,,,,,0,
51,A0050301,A005,3,SSUV,SUV pequeño,ALQUILADORES,0,0,0,,,,,,,,,,0,
52,A0050401,A005,4,SSUV,SUV pequeño,ALQUILADORES,0,0,0,,,,,,,,,,0,
53,A0050501,A005,5,SSUV,SUV pequeño,ALQUILADORES,0,0,0,,,,,,,,,,0,
54,A0050601,A005,6,SSUV,SUV pequeño,ALQUILADORES,0,0,0,,,,,,,,,,0,
55,A0050701,A005,7,SSUV,SUV pequeño,ALQUILADORES,0,0,0,,,,,,,,,,0,
56,A0050801,A005,8,SSUV,SUV pequeño,ALQUILADORES,0,0,0,,,,,,,,,,0,
57,A0050901,A005,9,SSUV,SUV pequeño,ALQUILADORES,0,0,0,,,,,,,,,,0,
58,A0051001,A005,10,SSUV,SUV pequeño,ALQUILADORES,0,0,0,,,,,,,,,,0,
59,A0051101,A005,11,SSUV,SUV pequeño,ALQUILADORES,0,0,0,,,,,,,,,,0,
60,A0051201,A005,12,SSUV,SUV pequeño,ALQUILADORES,0,0,0,,,,,,,,,,0,
61,A0060101,A006,1,SSUV,SUV pequeño,ALQUILADORES,0,0,0,,,,,,,,,,0,
62,A0060201,A006,2,SSUV,SUV pequeño,ALQUILADORES,0,0,0,,,,,,,,,,0,
63,A0060301,A006,3,SSUV,SUV pequeño,ALQUILADORES,0,0,0,,,,,,,,,,0,
64,A0060401,A006,4,SSUV,SUV pequeño,ALQUILADORES,0,0,0,,,,,,,,,,0,
65,A0060501,A006,5,SSUV,SUV pequeño,ALQUILADORES,0,0,0,,,,,,,,,,0,
66,A0060601,A006,6,SSUV,SUV pequeño,ALQUILADORES,0,0,0,,,,,,,,,,0,
67,A0060701,A006,7,SSUV,SUV pequeño,ALQUILADORES,0,0,0,,,,,,,,,,0,
68,A0060801,A006,8,SSUV,SUV pequeño,ALQUILADORES,0,0,0,,,,,,,,,,0,
69,A0060901,A006,9,SSUV,SUV pequeño,ALQUILADORES,0,0,0,,,,,,,,,,0,
70,A0061001,A006,10,SSUV,SUV pequeño,ALQUILADORES,0,0,0,,,,,,,,,,0,
71,A0061101,A006,11,SSUV,SUV pequeño,ALQUILADORES,0,0,0,,,,,,,,,,0,
72,A0061201,A006,12,SSUV,SUV pequeño,ALQUILADORES,0,0,0,,,,,,,,,,0,
73,A0070101,A007,1,SSUV,SUV pequeño,ALQUILADORES,0,0,0,,,,,,,,,,0,
74,A0070201,A007,2,SSUV,SUV pequeño,ALQUILADORES,0,0,0,,,,,,,,,,0,
75,A0070301,A007,3,SSUV,SUV pequeño,ALQUILADORES,0,0,0,,,,,,,,,,0,
76,A0070401,A007,4,SSUV,SUV pequeño,ALQUILADORES,0,0,0,,,,,,,,,,0,
77,A0070501,A007,5,SSUV,SUV pequeño,ALQUILADORES,0,0,0,,,,,,,,,,0,
78,A0070601,A007,6,SSUV,SUV pequeño,ALQUILADORES,0,0,0,,,,,,,,,,0,
79,A0070701,A007,7,SSUV,SUV pequeño,ALQUILADORES,0,0,0,,,,,,,,,,0,
80,A0070801,A007,8,SSUV,SUV pequeño,ALQUILADORES,0,0,0,,,,,,,,,,0,
81,A0070901,A007,9,SSUV,SUV pequeño,ALQUILADORES,0,0,0,,,,,,,,,,0,
82,A0071001,A007,10,SSUV,SUV pequeño,ALQUILADORES,0,0,0,,,,,,,,,,0,
83,A0071101,A007,11,SSUV,SUV pequeño,ALQUILADORES,0,0,0,,,,,,,,,,0,
84,A0071201,A007,12,SSUV,SUV pequeño,ALQUILADORES,0,0,0,,,,,,,,,,0,
85,A0080101,A008,1,SSUV,SUV pequeño,ALQUILADORES,0,0,0,,,,,,,,,,0,
86,A0080201,A008,2,SSUV,SUV pequeño,ALQUILADORES,0,0,0,,,,,,,,,,0,
87,A0080301,A008,3,SSUV,SUV pequeño,ALQUILADORES,0,0,0,,,,,,,,,,0,
88,A0080401,A008,4,SSUV,SUV pequeño,ALQUILADORES,0,0,0,,,,,,,,,,1,0.0
89,A0080501,A008,5,SSUV,SUV pequeño,ALQUILADORES,0,0,0,,,,,,,,,,1,0.0
90,A0080601,A008,6,SSUV,SUV pequeño,ALQUILADORES,0,0,0,,,,,,,,,,0,1.0
91,A0080701,A008,7,SSUV,SUV pequeño,ALQUILADORES,0,0,0,,,,,,,,,,0,2.0
92,A0080801,A008,8,SSUV,SUV pequeño,ALQUILADORES,0,0,0,,,,,,,,,,0,3.0
93,A0080901,A008,9,SSUV,SUV pequeño,ALQUILADORES,0,0,0,,,,,,,,,,0,4.0
94,A0081001,A008,10,SSUV,SUV pequeño,ALQUILADORES,0,0,0,,,,,,,,,,0,5.0
95,A0081101,A008,11,SSUV,SUV pequeño,ALQUILADORES,0,0,0,,,,,,,,,,0,6.0
96,A0081201,A008,12,SSUV,SUV pequeño,ALQUILADORES,0,0,0,,,,,,,,,,0,7.0
97,A0090101,A009,1,SSUV,SUV pequeño,ALQUILADORES,0,0,0,,,,,,,,,,0,8.0
98,A0090201,A009,2,SSUV,SUV pequeño,ALQUILADORES,45,0,10,45.0,0.0,0.0,23187.0,18139.0,2207.0,21.0,,,0,9.0
99,A0090301,A009,3,SSUV,SUV pequeño,ALQUILADORES,42,0,7,42.0,0.0,0.0,23280.0,18213.0,2043.0,39.0,,,0,10.0
100,A0090401,A009,4,SSUV,SUV pequeño,ALQUILADORES,0,0,0,0.0,0.0,0.0,,,,,,,0,11.0
101,A0090501,A009,5,SSUV,SUV pequeño,ALQUILADORES,1,0,1,1.0,0.0,0.0,24780.0,19406.0,1164.0,26.0,,,0,12.0
102,A0090601,A009,6,SSUV,SUV pequeño,ALQUILADORES,51,0,1,51.0,0.0,0.0,21491.0,16790.0,1689.0,71.0,,,0,13.0
103,A0090701,A009,7,SSUV,SUV pequeño,ALQUILADORES,0,0,0,0.0,0.0,0.0,,,,,,,0,14.0
104,A0090801,A009,8,SSUV,SUV pequeño,ALQUILADORES,0,0,0,0.0,0.0,0.0,,,,,,,0,15.0
105,A0090901,A009,9,SSUV,SUV pequeño,ALQUILADORES,0,0,0,0.0,0.0,0.0,,,,,,,0,16.0
106,A0091001,A009,10,SSUV,SUV pequeño,ALQUILADORES,3,0,3,3.0,0.0,0.0,20345.0,15879.0,1612.0,15.0,,,0,17.0
107,A0091101,A009,11,SSUV,SUV pequeño,ALQUILADORES,47,0,0,47.0,0.0,0.0,21494.0,16793.0,1700.0,23.0,,,0,18.0
108,A0091201,A009,12,SSUV,SUV pequeño,ALQUILADORES,1,0,1,1.0,0.0,0.0,25580.0,20042.0,1203.0,28.0,,,0,19.0
109,A0100101,A010,1,SSUV,SUV pequeño,ALQUILADORES,12,0,12,9.0,3.0,0.0,22145.0,17310.0,1039.0,51.0,137.0,,0,20.0
110,A0100201,A010,2,SSUV,SUV pequeño,ALQUILADORES,2,0,0,2.0,0.0,0.0,22145.0,17310.0,1749.0,62.0,,,1,0.0
111,A0100301,A010,3,SSUV,SUV pequeño,ALQUILADORES,0,0,0,0.0,0.0,0.0,,,,,,,0,1.0
112,A0100401,A010,4,SSUV,SUV pequeño,ALQUILADORES,33,0,3,33.0,0.0,0.0,23748.0,18585.0,2655.0,40.0,,,0,2.0
113,A0100501,A010,5,SSUV,SUV pequeño,ALQUILADORES,8,0,8,8.0,0.0,0.0,22099.0,17274.0,2276.0,39.0,,,0,3.0
114,A0100601,A010,6,SSUV,SUV pequeño,ALQUILADORES,30,0,1,1.0,29.0,0.0,22265.0,17405.0,1733.0,15.0,160.0,,0,4.0
115,A0100701,A010,7,SSUV,SUV pequeño,ALQUILADORES,81,0,12,10.0,0.0,71.0,22443.0,17547.0,1803.0,24.0,,199.0,0,5.0
116,A0100801,A010,8,SSUV,SUV pequeño,ALQUILADORES,0,0,0,0.0,0.0,0.0,,,,,,,0,6.0
117,A0100901,A010,9,SSUV,SUV pequeño,ALQUILADORES,0,0,0,0.0,0.0,0.0,,,,,,,0,7.0
118,A0101001,A010,10,SSUV,SUV pequeño,ALQUILADORES,1,0,1,1.0,0.0,0.0,25730.0,20161.0,1210.0,15.0,,,0,8.0
119,A0101101,A010,11,SSUV,SUV pequeño,ALQUILADORES,101,0,1,0.0,100.0,1.0,23148.0,18108.0,1699.0,,170.0,205.0,0,9.0
120,A0101201,A010,12,SSUV,SUV pequeño,ALQUILADORES,36,0,6,36.0,0.0,0.0,23380.0,18292.0,2802.0,15.0,,,0,10.0
121,A0110101,A011,1,SSUV,SUV pequeño,ALQUILADORES,45,0,0,45.0,0.0,0.0,23935.0,18734.0,2805.0,15.0,,,0,11.0
122,A0110201,A011,2,SSUV,SUV pequeño,ALQUILADORES,50,0,20,50.0,0.0,0.0,24210.0,18952.0,2417.0,23.0,,,0,12.0
123,A0110301,A011,3,SSUV,SUV pequeño,ALQUILADORES,31,0,11,31.0,0.0,0.0,24067.0,18838.0,2590.0,19.0,,,0,13.0
124,A0110401,A011,4,SSUV,SUV pequeño,ALQUILADORES,0,0,0,0.0,0.0,0.0,,,,,,,0,14.0
125,A0110501,A011,5,SSUV,SUV pequeño,ALQUILADORES,50,0,0,50.0,0.0,0.0,24574.0,19242.0,2756.0,62.0,,,0,15.0
126,A0110601,A011,6,SSUV,SUV pequeño,ALQUILADORES,0,0,0,0.0,0.0,0.0,,,,,,,0,16.0
127,A0110701,A011,7,SSUV,SUV pequeño,ALQUILADORES,25,0,25,25.0,0.0,0.0,21367.0,16692.0,2255.0,39.0,,,0,17.0
128,A0110801,A011,8,SSUV,SUV pequeño,ALQUILADORES,1,0,1,1.0,0.0,0.0,27800.0,21807.0,1308.0,27.0,,,1,0.0
129,A0110901,A011,9,SSUV,SUV pequeño,ALQUILADORES,1,0,1,1.0,0.0,0.0,25250.0,19780.0,1712.0,40.0,,,1,0.0
130,A0111001,A011,10,SSUV,SUV pequeño,ALQUILADORES,0,0,0,0.0,0.0,0.0,,,,,,,0,1.0
131,A0111101,A011,11,SSUV,SUV pequeño,ALQUILADORES,0,0,0,0.0,0.0,0.0,,,,,,,0,2.0
132,A0111201,A011,12,SSUV,SUV pequeño,ALQUILADORES,0,0,0,0.0,0.0,0.0,,,,,,,0,3.0
133,A0120101,A012,1,SSUV,SUV pequeño,ALQUILADORES,0,0,0,0.0,0.0,0.0,,,,,,,0,4.0
134,A0120201,A012,2,SSUV,SUV pequeño,ALQUILADORES,0,0,0,0.0,0.0,0.0,,,,,,,0,5.0
135,A0120301,A012,3,SSUV,SUV pequeño,ALQUILADORES,25,0,0,25.0,0.0,0.0,23245.0,18185.0,2388.0,75.0,,,0,6.0
136,A0120401,A012,4,SSUV,SUV pequeño,ALQUILADORES,25,0,0,10.0,15.0,0.0,24047.0,18823.0,2499.0,15.0,92.0,,0,7.0
137,A0120501,A012,5,SSUV,SUV pequeño,ALQUILADORES,0,0,0,0.0,0.0,0.0,,,,,,,0,8.0
138,A0120601,A012,6,SSUV,SUV pequeño,ALQUILADORES,39,0,4,32.0,7.0,0.0,23739.0,18578.0,2336.0,45.0,119.0,,0,9.0
139,A0120701,A012,7,SSUV,SUV pequeño,ALQUILADORES,30,0,0,30.0,0.0,0.0,23450.0,18348.0,3383.0,15.0,,,0,10.0
140,A0120801,A012,8,SSUV,SUV pequeño,ALQUILADORES,0,0,0,0.0,0.0,0.0,,,,,,,0,11.0
141,A0120901,A012,9,SSUV,SUV pequeño,ALQUILADORES,1,0,1,1.0,0.0,0.0,23450.0,18348.0,1101.0,15.0,,,0,12.0
142,A0121001,A012,10,SSUV,SUV pequeño,ALQUILADORES,1,0,1,1.0,0.0,0.0,22245.0,17390.0,3195.0,15.0,,,0,13.0
143,A0121101,A012,11,SSUV,SUV pequeño,ALQUILADORES,7,0,0,3.0,4.0,0.0,23664.0,18519.0,3439.0,47.0,132.0,,0,14.0
144,A0121201,A012,12,SSUV,SUV pequeño,ALQUILADORES,8,0,0,6.0,2.0,0.0,22949.0,17950.0,3307.0,58.0,139.0,,0,15.0
25,A0030101,A003,1,SSUV,SUV pequeño,EMPRESAS_RENTING,0,0,0,,,,,,,,,,0,
26,A0030201,A003,2,SSUV,SUV pequeño,EMPRESAS_RENTING,0,0,0,,,,,,,,,,0,
27,A0030301,A003,3,SSUV,SUV pequeño,EMPRESAS_RENTING,0,0,0,,,,,,,,,,0,
28,A0030401,A003,4,SSUV,SUV pequeño,EMPRESAS_RENTING,0,0,0,,,,,,,,,,0,
29,A0030501,A003,5,SSUV,SUV pequeño,EMPRESAS_RENTING,0,0,0,,,,,,,,,,0,
30,A0030601,A003,6,SSUV,SUV pequeño,EMPRESAS_RENTING,0,0,0,,,,,,,,,,0,
31,A0030701,A003,7,SSUV,SUV pequeño,EMPRESAS_RENTING,0,0,0,,,,,,,,,,0,
32,A0030801,A003,8,SSUV,SUV pequeño,EMPRESAS_RENTING,0,0,0,,,,,,,,,,0,
33,A0030901,A003,9,SSUV,SUV pequeño,EMPRESAS_RENTING,0,0,0,,,,,,,,,,0,
34,A0031001,A003,10,SSUV,SUV pequeño,EMPRESAS_RENTING,0,0,0,,,,,,,,,,0,
35,A0031101,A003,11,SSUV,SUV pequeño,EMPRESAS_RENTING,0,0,0,,,,,,,,,,0,
36,A0031201,A003,12,SSUV,SUV pequeño,EMPRESAS_RENTING,0,0,0,,,,,,,,,,0,
37,A0040101,A004,1,SSUV,SUV pequeño,EMPRESAS_RENTING,0,0,0,,,,,,,,,,0,
38,A0040201,A004,2,SSUV,SUV pequeño,EMPRESAS_RENTING,0,0,0,,,,,,,,,,0,
39,A0040301,A004,3,SSUV,SUV pequeño,EMPRESAS_RENTING,0,0,0,,,,,,,,,,0,
40,A0040401,A004,4,SSUV,SUV pequeño,EMPRESAS_RENTING,0,0,0,,,,,,,,,,0,
41,A0040501,A004,5,SSUV,SUV pequeño,EMPRESAS_RENTING,0,0,0,,,,,,,,,,0,
42,A0040601,A004,6,SSUV,SUV pequeño,EMPRESAS_RENTING,0,0,0,,,,,,,,,,0,
43,A0040701,A004,7,SSUV,SUV pequeño,EMPRESAS_RENTING,0,0,0,,,,,,,,,,0,
44,A0040801,A004,8,SSUV,SUV pequeño,EMPRESAS_RENTING,0,0,0,,,,,,,,,,0,
45,A0040901,A004,9,SSUV,SUV pequeño,EMPRESAS_RENTING,0,0,0,,,,,,,,,,0,
46,A0041001,A004,10,SSUV,SUV pequeño,EMPRESAS_RENTING,0,0,0,,,,,,,,,,0,
47,A0041101,A004,11,SSUV,SUV pequeño,EMPRESAS_RENTING,0,0,0,,,,,,,,,,0,
48,A0041201,A004,12,SSUV,SUV pequeño,EMPRESAS_RENTING,0,0,0,,,,,,,,,,0,
49,A0050101,A005,1,SSUV,SUV pequeño,EMPRESAS_RENTING,0,0,0,,,,,,,,,,0,
50,A0050201,A005,2,SSUV,SUV pequeño,EMPRESAS_RENTING,0,0,0,,,,,,,,,,0,
51,A0050301,A005,3,SSUV,SUV pequeño,EMPRESAS_RENTING,0,0,0,,,,,,,,,,0,
52,A0050401,A005,4,SSUV,SUV pequeño,EMPRESAS_RENTING,0,0,0,,,,,,,,,,0,
53,A0050501,A005,5,SSUV,SUV pequeño,EMPRESAS_RENTING,0,0,0,,,,,,,,,,0,
54,A0050601,A005,6,SSUV,SUV pequeño,EMPRESAS_RENTING,0,0,0,,,,,,,,,,0,
55,A0050701,A005,7,SSUV,SUV pequeño,EMPRESAS_RENTING,0,0,0,,,,,,,,,,0,
56,A0050801,A005,8,SSUV,SUV pequeño,EMPRESAS_RENTING,0,0,0,,,,,,,,,,0,
57,A0050901,A005,9,SSUV,SUV pequeño,EMPRESAS_RENTING,0,0,0,,,,,,,,,,0,
58,A0051001,A005,10,SSUV,SUV pequeño,EMPRESAS_RENTING,0,0,0,,,,,,,,,,0,
59,A0051101,A005,11,SSUV,SUV pequeño,EMPRESAS_RENTING,0,0,0,,,,,,,,,,0,
60,A0051201,A005,12,SSUV,SUV pequeño,EMPRESAS_RENTING,0,0,0,,,,,,,,,,0,
61,A0060101,A006,1,SSUV,SUV pequeño,EMPRESAS_RENTING,0,0,0,,,,,,,,,,0,
62,A0060201,A006,2,SSUV,SUV pequeño,EMPRESAS_RENTING,0,0,0,,,,,,,,,,0,
63,A0060301,A006,3,SSUV,SUV pequeño,EMPRESAS_RENTING,0,0,0,,,,,,,,,,0,
64,A0060401,A006,4,SSUV,SUV pequeño,EMPRESAS_RENTING,0,0,0,,,,,,,,,,0,
65,A0060501,A006,5,SSUV,SUV pequeño,EMPRESAS_RENTING,0,0,0,,,,,,,,,,0,
66,A0060601,A006,6,SSUV,SUV pequeño,EMPRESAS_RENTING,0,0,0,,,,,,,,,,0,
67,A0060701,A006,7,SSUV,SUV pequeño,EMPRESAS_RENTING,0,0,0,,,,,,,,,,0,
68,A0060801,A006,8,SSUV,SUV pequeño,EMPRESAS_RENTING,0,0,0,,,,,,,,,,0,
69,A0060901,A006,9,SSUV,SUV pequeño,EMPRESAS_RENTING,0,0,0,,,,,,,,,,0,
70,A0061001,A006,10,SSUV,SUV pequeño,EMPRESAS_RENTING,0,0,0,,,,,,,,,,0,
71,A0061101,A006,11,SSUV,SUV pequeño,EMPRESAS_RENTING,0,0,0,,,,,,,,,,0,
72,A0061201,A006,12,SSUV,SUV pequeño,EMPRESAS_RENTING,0,0,0,,,,,,,,,,0,
73,A0070101,A007,1,SSUV,SUV pequeño,EMPRESAS_RENTING,0,0,0,,,,,,,,,,0,
74,A0070201,A007,2,SSUV,SUV pequeño,EMPRESAS_RENTING,0,0,0,,,,,,,,,,0,
75,A0070301,A007,3,SSUV,SUV pequeño,EMPRESAS_RENTING,0,0,0,,,,,,,,,,0,
76,A0070401,A007,4,SSUV,SUV pequeño,EMPRESAS_RENTING,0,0,0,,,,,,,,,,0,
77,A0070501,A007,5,SSUV,SUV pequeño,EMPRESAS_RENTING,0,0,0,,,,,,,,,,0,
78,A0070601,A007,6,SSUV,SUV pequeño,EMPRESAS_RENTING,0,0,0,,,,,,,,,,0,
79,A0070701,A007,7,SSUV,SUV pequeño,EMPRESAS_RENTING,0,0,0,,,,,,,,,,0,
80,A0070801,A007,8,SSUV,SUV pequeño,EMPRESAS_RENTING,0,0,0,,,,,,,,,,0,
81,A0070901,A007,9,SSUV,SUV pequeño,EMPRESAS_RENTING,0,0,0,,,,,,,,,,0,
82,A0071001,A007,10,SSUV,SUV pequeño,EMPRESAS_RENTING,0,0,0,,,,,,,,,,0,
83,A0071101,A007,11,SSUV,SUV pequeño,EMPRESAS_RENTING,0,0,0,,,,,,,,,,0,
84,A0071201,A007,12,SSUV,SUV pequeño,EMPRESAS_RENTING,0,0,0,,,,,,,,,,0,
85,A0080101,A008,1,SSUV,SUV pequeño,EMPRESAS_RENTING,0,0,0,,,,,,,,,,0,
86,A0080201,A008,2,SSUV,SUV pequeño,EMPRESAS_RENTING,0,0,0,,,,,,,,,,0,
87,A0080301,A008,3,SSUV,SUV pequeño,EMPRESAS_RENTING,0,0,0,,,,,,,,,,0,
88,A0080401,A008,4,SSUV,SUV pequeño,EMPRESAS_RENTING,0,0,0,,,,,,,,,,1,0.0
89,A0080501,A008,5,SSUV,SUV pequeño,EMPRESAS_RENTING,25,25,0,,,,25954.0,20340.0,1959.0,,,,1,0.0
90,A0080601,A008,6,SSUV,SUV pequeño,EMPRESAS_RENTING,43,42,1,,,,25923.0,20315.0,1952.0,,,,0,1.0
91,A0080701,A008,7,SSUV,SUV pequeño,EMPRESAS_RENTING,15,11,4,,,,26328.0,20637.0,1900.0,,,,0,2.0
92,A0080801,A008,8,SSUV,SUV pequeño,EMPRESAS_RENTING,4,1,3,,,,26172.0,20513.0,2111.0,,,,0,3.0
93,A0080901,A008,9,SSUV,SUV pequeño,EMPRESAS_RENTING,10,7,3,,,,24662.0,19312.0,1798.0,,,,0,4.0
94,A0081001,A008,10,SSUV,SUV pequeño,EMPRESAS_RENTING,21,14,7,,,,25206.0,19744.0,1837.0,,,,0,5.0
95,A0081101,A008,11,SSUV,SUV pequeño,EMPRESAS_RENTING,83,67,16,,,,23858.0,18673.0,1803.0,,,,0,6.0
96,A0081201,A008,12,SSUV,SUV pequeño,EMPRESAS_RENTING,45,21,24,,,,24731.0,19367.0,1664.0,,,,0,7.0
97,A0090101,A009,1,SSUV,SUV pequeño,EMPRESAS_RENTING,28,11,17,,,,24628.0,19285.0,1572.0,,,,0,8.0
98,A0090201,A009,2,SSUV,SUV pequeño,EMPRESAS_RENTING,56,19,33,43.0,10.0,3.0,24187.0,18934.0,1676.0,36.0,131.0,216.0,0,9.0
99,A0090301,A009,3,SSUV,SUV pequeño,EMPRESAS_RENTING,121,62,24,73.0,30.0,18.0,23927.0,18727.0,2031.0,35.0,126.0,228.0,0,10.0
100,A0090401,A009,4,SSUV,SUV pequeño,EMPRESAS_RENTING,62,28,29,39.0,14.0,9.0,24418.0,19118.0,1676.0,25.0,131.0,240.0,0,11.0
101,A0090501,A009,5,SSUV,SUV pequeño,EMPRESAS_RENTING,54,12,32,28.0,18.0,8.0,23938.0,18736.0,1501.0,27.0,145.0,238.0,0,12.0
102,A0090601,A009,6,SSUV,SUV pequeño,EMPRESAS_RENTING,110,35,53,70.0,23.0,17.0,24646.0,19299.0,1649.0,30.0,137.0,247.0,0,13.0
103,A0090701,A009,7,SSUV,SUV pequeño,EMPRESAS_RENTING,76,47,27,30.0,11.0,35.0,23733.0,18573.0,1727.0,35.0,121.0,285.0,0,14.0
104,A0090801,A009,8,SSUV,SUV pequeño,EMPRESAS_RENTING,48,24,23,24.0,11.0,13.0,24382.0,19089.0,1634.0,42.0,125.0,311.0,0,15.0
105,A0090901,A009,9,SSUV,SUV pequeño,EMPRESAS_RENTING,50,16,34,36.0,6.0,8.0,24233.0,18971.0,1564.0,31.0,116.0,305.0,0,16.0
106,A0091001,A009,10,SSUV,SUV pequeño,EMPRESAS_RENTING,71,36,35,47.0,8.0,16.0,24396.0,19100.0,1684.0,30.0,142.0,340.0,0,17.0
107,A0091101,A009,11,SSUV,SUV pequeño,EMPRESAS_RENTING,74,39,35,44.0,8.0,22.0,23830.0,18651.0,1699.0,39.0,121.0,321.0,0,18.0
108,A0091201,A009,12,SSUV,SUV pequeño,EMPRESAS_RENTING,59,33,26,39.0,13.0,7.0,24390.0,19095.0,1685.0,36.0,129.0,344.0,0,19.0
109,A0100101,A010,1,SSUV,SUV pequeño,EMPRESAS_RENTING,31,3,28,25.0,2.0,4.0,24826.0,19443.0,1501.0,41.0,132.0,299.0,0,20.0
110,A0100201,A010,2,SSUV,SUV pequeño,EMPRESAS_RENTING,19,8,10,13.0,4.0,2.0,24089.0,18856.0,1691.0,45.0,128.0,406.0,1,0.0
111,A0100301,A010,3,SSUV,SUV pequeño,EMPRESAS_RENTING,49,17,22,42.0,4.0,3.0,24619.0,19277.0,1745.0,24.0,133.0,238.0,0,1.0
112,A0100401,A010,4,SSUV,SUV pequeño,EMPRESAS_RENTING,88,45,33,85.0,1.0,2.0,25032.0,19606.0,1749.0,32.0,127.0,247.0,0,2.0
113,A0100501,A010,5,SSUV,SUV pequeño,EMPRESAS_RENTING,42,13,28,39.0,2.0,1.0,24833.0,19448.0,1610.0,36.0,128.0,251.0,0,3.0
114,A0100601,A010,6,SSUV,SUV pequeño,EMPRESAS_RENTING,72,38,34,41.0,16.0,15.0,24334.0,19051.0,2105.0,37.0,118.0,296.0,0,4.0
115,A0100701,A010,7,SSUV,SUV pequeño,EMPRESAS_RENTING,52,16,36,41.0,10.0,1.0,24443.0,19138.0,1601.0,38.0,128.0,321.0,0,5.0
116,A0100801,A010,8,SSUV,SUV pequeño,EMPRESAS_RENTING,49,28,21,26.0,14.0,9.0,24159.0,18912.0,1779.0,36.0,149.0,219.0,0,6.0
117,A0100901,A010,9,SSUV,SUV pequeño,EMPRESAS_RENTING,134,102,32,52.0,64.0,18.0,23968.0,18760.0,2690.0,41.0,138.0,260.0,0,7.0
118,A0101001,A010,10,SSUV,SUV pequeño,EMPRESAS_RENTING,42,25,17,26.0,10.0,6.0,24195.0,18941.0,1839.0,36.0,133.0,224.0,0,8.0
119,A0101101,A010,11,SSUV,SUV pequeño,EMPRESAS_RENTING,51,12,39,41.0,5.0,5.0,24760.0,19390.0,1609.0,36.0,145.0,218.0,0,9.0
120,A0101201,A010,12,SSUV,SUV pequeño,EMPRESAS_RENTING,56,23,33,28.0,10.0,18.0,24139.0,18896.0,1699.0,30.0,122.0,243.0,0,10.0
121,A0110101,A011,1,SSUV,SUV pequeño,EMPRESAS_RENTING,92,69,23,53.0,19.0,20.0,24775.0,19402.0,2172.0,33.0,127.0,242.0,0,11.0
122,A0110201,A011,2,SSUV,SUV pequeño,EMPRESAS_RENTING,49,24,25,29.0,11.0,9.0,24433.0,19130.0,1877.0,34.0,134.0,240.0,0,12.0
123,A0110301,A011,3,SSUV,SUV pequeño,EMPRESAS_RENTING,31,5,26,25.0,4.0,2.0,24627.0,19284.0,1752.0,30.0,140.0,346.0,0,13.0
124,A0110401,A011,4,SSUV,SUV pequeño,EMPRESAS_RENTING,78,63,15,51.0,15.0,12.0,24661.0,19311.0,3120.0,31.0,142.0,291.0,0,14.0
125,A0110501,A011,5,SSUV,SUV pequeño,EMPRESAS_RENTING,67,30,22,46.0,14.0,7.0,24102.0,18867.0,2385.0,25.0,120.0,252.0,0,15.0
126,A0110601,A011,6,SSUV,SUV pequeño,EMPRESAS_RENTING,127,86,41,86.0,11.0,30.0,24687.0,19332.0,3063.0,35.0,145.0,271.0,0,16.0
127,A0110701,A011,7,SSUV,SUV pequeño,EMPRESAS_RENTING,86,66,20,56.0,19.0,11.0,24017.0,18799.0,1970.0,39.0,120.0,271.0,0,17.0
128,A0110801,A011,8,SSUV,SUV pequeño,EMPRESAS_RENTING,57,16,15,47.0,6.0,4.0,23943.0,18740.0,2825.0,18.0,125.0,269.0,1,0.0
129,A0110901,A011,9,SSUV,SUV pequeño,EMPRESAS_RENTING,55,18,36,52.0,2.0,1.0,24441.0,19136.0,2019.0,25.0,148.0,395.0,1,0.0
130,A0111001,A011,10,SSUV,SUV pequeño,EMPRESAS_RENTING,61,15,46,61.0,0.0,0.0,24545.0,19219.0,2052.0,29.0,,,0,1.0
131,A0111101,A011,11,SSUV,SUV pequeño,EMPRESAS_RENTING,95,34,61,85.0,6.0,4.0,24355.0,19068.0,2219.0,35.0,105.0,269.0,0,2.0
132,A0111201,A011,12,SSUV,SUV pequeño,EMPRESAS_RENTING,95,23,72,83.0,10.0,2.0,24685.0,19330.0,2400.0,35.0,104.0,181.0,0,3.0
133,A0120101,A012,1,SSUV,SUV pequeño,EMPRESAS_RENTING,187,111,76,144.0,40.0,3.0,24156.0,18910.0,2950.0,37.0,123.0,285.0,0,4.0
134,A0120201,A012,2,SSUV,SUV pequeño,EMPRESAS_RENTING,81,14,67,63.0,16.0,2.0,24629.0,19286.0,2405.0,32.0,127.0,221.0,0,5.0
135,A0120301,A012,3,SSUV,SUV pequeño,EMPRESAS_RENTING,71,26,45,46.0,21.0,4.0,23917.0,18720.0,2283.0,39.0,125.0,213.0,0,6.0
136,A0120401,A012,4,SSUV,SUV pequeño,EMPRESAS_RENTING,201,129,72,126.0,63.0,12.0,23847.0,18664.0,2859.0,29.0,124.0,208.0,0,7.0
137,A0120501,A012,5,SSUV,SUV pequeño,EMPRESAS_RENTING,93,18,75,73.0,19.0,1.0,24326.0,19045.0,2402.0,29.0,134.0,212.0,0,8.0
138,A0120601,A012,6,SSUV,SUV pequeño,EMPRESAS_RENTING,85,17,68,73.0,6.0,6.0,24328.0,19047.0,2320.0,34.0,121.0,198.0,0,9.0
139,A0120701,A012,7,SSUV,SUV pequeño,EMPRESAS_RENTING,112,35,77,95.0,13.0,4.0,24387.0,19093.0,2331.0,29.0,127.0,228.0,0,10.0
140,A0120801,A012,8,SSUV,SUV pequeño,EMPRESAS_RENTING,77,20,57,68.0,7.0,2.0,24475.0,19163.0,2314.0,30.0,120.0,210.0,0,11.0
141,A0120901,A012,9,SSUV,SUV pequeño,EMPRESAS_RENTING,58,15,43,47.0,8.0,3.0,24215.0,18957.0,2398.0,32.0,126.0,212.0,0,12.0
142,A0121001,A012,10,SSUV,SUV pequeño,EMPRESAS_RENTING,72,12,60,59.0,13.0,0.0,24146.0,18902.0,2299.0,34.0,124.0,,0,13.0
143,A0121101,A012,11,SSUV,SUV pequeño,EMPRESAS_RENTING,56,20,36,41.0,12.0,3.0,24057.0,18831.0,2305.0,35.0,106.0,203.0,0,14.0
144,A0121201,A012,12,SSUV,SUV pequeño,EMPRESAS_RENTING,93,52,41,50.0,34.0,9.0,24103.0,18867.0,2255.0,50.0,118.0,250.0,0,15.0
25,A0030101,A003,1,SSUV,SUV pequeño,PARTICULARES,0,0,0,,,,,,,,,,0,
26,A0030201,A003,2,SSUV,SUV pequeño,PARTICULARES,0,0,0,,,,,,,,,,0,
27,A0030301,A003,3,SSUV,SUV pequeño,PARTICULARES,0,0,0,,,,,,,,,,0,
28,A0030401,A003,4,SSUV,SUV pequeño,PARTICULARES,0,0,0,,,,,,,,,,0,
29,A0030501,A003,5,SSUV,SUV pequeño,PARTICULARES,0,0,0,,,,,,,,,,0,
30,A0030601,A003,6,SSUV,SUV pequeño,PARTICULARES,0,0,0,,,,,,,,,,0,
31,A0030701,A003,7,SSUV,SUV pequeño,PARTICULARES,0,0,0,,,,,,,,,,0,
32,A0030801,A003,8,SSUV,SUV pequeño,PARTICULARES,0,0,0,,,,,,,,,,0,
33,A0030901,A003,9,SSUV,SUV pequeño,PARTICULARES,0,0,0,,,,,,,,,,0,
34,A0031001,A003,10,SSUV,SUV pequeño,PARTICULARES,0,0,0,,,,,,,,,,0,
35,A0031101,A003,11,SSUV,SUV pequeño,PARTICULARES,0,0,0,,,,,,,,,,0,
36,A0031201,A003,12,SSUV,SUV pequeño,PARTICULARES,0,0,0,,,,,,,,,,0,
37,A0040101,A004,1,SSUV,SUV pequeño,PARTICULARES,0,0,0,,,,,,,,,,0,
38,A0040201,A004,2,SSUV,SUV pequeño,PARTICULARES,0,0,0,,,,,,,,,,0,
39,A0040301,A004,3,SSUV,SUV pequeño,PARTICULARES,0,0,0,,,,,,,,,,0,
40,A0040401,A004,4,SSUV,SUV pequeño,PARTICULARES,0,0,0,,,,,,,,,,0,
41,A0040501,A004,5,SSUV,SUV pequeño,PARTICULARES,0,0,0,,,,,,,,,,0,
42,A0040601,A004,6,SSUV,SUV pequeño,PARTICULARES,0,0,0,,,,,,,,,,0,
43,A0040701,A004,7,SSUV,SUV pequeño,PARTICULARES,0,0,0,,,,,,,,,,0,
44,A0040801,A004,8,SSUV,SUV pequeño,PARTICULARES,0,0,0,,,,,,,,,,0,
45,A0040901,A004,9,SSUV,SUV pequeño,PARTICULARES,0,0,0,,,,,,,,,,0,
46,A0041001,A004,10,SSUV,SUV pequeño,PARTICULARES,0,0,0,,,,,,,,,,0,
47,A0041101,A004,11,SSUV,SUV pequeño,PARTICULARES,0,0,0,,,,,,,,,,0,
48,A0041201,A004,12,SSUV,SUV pequeño,PARTICULARES,0,0,0,,,,,,,,,,0,
49,A0050101,A005,1,SSUV,SUV pequeño,PARTICULARES,0,0,0,,,,,,,,,,0,
50,A0050201,A005,2,SSUV,SUV pequeño,PARTICULARES,0,0,0,,,,,,,,,,0,
51,A0050301,A005,3,SSUV,SUV pequeño,PARTICULARES,0,0,0,,,,,,,,,,0,
52,A0050401,A005,4,SSUV,SUV pequeño,PARTICULARES,0,0,0,,,,,,,,,,0,
53,A0050501,A005,5,SSUV,SUV pequeño,PARTICULARES,0,0,0,,,,,,,,,,0,
54,A0050601,A005,6,SSUV,SUV pequeño,PARTICULARES,0,0,0,,,,,,,,,,0,
55,A0050701,A005,7,SSUV,SUV pequeño,PARTICULARES,0,0,0,,,,,,,,,,0,
56,A0050801,A005,8,SSUV,SUV pequeño,PARTICULARES,0,0,0,,,,,,,,,,0,
57,A0050901,A005,9,SSUV,SUV pequeño,PARTICULARES,0,0,0,,,,,,,,,,0,
58,A0051001,A005,10,SSUV,SUV pequeño,PARTICULARES,0,0,0,,,,,,,,,,0,
59,A0051101,A005,11,SSUV,SUV pequeño,PARTICULARES,0,0,0,,,,,,,,,,0,
60,A0051201,A005,12,SSUV,SUV pequeño,PARTICULARES,0,0,0,,,,,,,,,,0,
61,A0060101,A006,1,SSUV,SUV pequeño,PARTICULARES,0,0,0,,,,,,,,,,0,
62,A0060201,A006,2,SSUV,SUV pequeño,PARTICULARES,0,0,0,,,,,,,,,,0,
63,A0060301,A006,3,SSUV,SUV pequeño,PARTICULARES,0,0,0,,,,,,,,,,0,
64,A0060401,A006,4,SSUV,SUV pequeño,PARTICULARES,0,0,0,,,,,,,,,,0,
65,A0060501,A006,5,SSUV,SUV pequeño,PARTICULARES,0,0,0,,,,,,,,,,0,
66,A0060601,A006,6,SSUV,SUV pequeño,PARTICULARES,0,0,0,,,,,,,,,,0,
67,A0060701,A006,7,SSUV,SUV pequeño,PARTICULARES,0,0,0,,,,,,,,,,0,
68,A0060801,A006,8,SSUV,SUV pequeño,PARTICULARES,0,0,0,,,,,,,,,,0,
69,A0060901,A006,9,SSUV,SUV pequeño,PARTICULARES,0,0,0,,,,,,,,,,0,
70,A0061001,A006,10,SSUV,SUV pequeño,PARTICULARES,0,0,0,,,,,,,,,,0,
71,A0061101,A006,11,SSUV,SUV pequeño,PARTICULARES,0,0,0,,,,,,,,,,0,
72,A0061201,A006,12,SSUV,SUV pequeño,PARTICULARES,0,0,0,,,,,,,,,,0,
73,A0070101,A007,1,SSUV,SUV pequeño,PARTICULARES,0,0,0,,,,,,,,,,0,
74,A0070201,A007,2,SSUV,SUV pequeño,PARTICULARES,0,0,0,,,,,,,,,,0,
75,A0070301,A007,3,SSUV,SUV pequeño,PARTICULARES,0,0,0,,,,,,,,,,0,
76,A0070401,A007,4,SSUV,SUV pequeño,PARTICULARES,0,0,0,,,,,,,,,,0,
77,A0070501,A007,5,SSUV,SUV pequeño,PARTICULARES,0,0,0,,,,,,,,,,0,
78,A0070601,A007,6,SSUV,SUV pequeño,PARTICULARES,0,0,0,,,,,,,,,,0,
79,A0070701,A007,7,SSUV,SUV pequeño,PARTICULARES,0,0,0,,,,,,,,,,0,
80,A0070801,A007,8,SSUV,SUV pequeño,PARTICULARES,0,0,0,,,,,,,,,,0,
81,A0070901,A007,9,SSUV,SUV pequeño,PARTICULARES,0,0,0,,,,,,,,,,0,
82,A0071001,A007,10,SSUV,SUV pequeño,PARTICULARES,0,0,0,,,,,,,,,,0,
83,A0071101,A007,11,SSUV,SUV pequeño,PARTICULARES,0,0,0,,,,,,,,,,0,
84,A0071201,A007,12,SSUV,SUV pequeño,PARTICULARES,0,0,0,,,,,,,,,,0,
85,A0080101,A008,1,SSUV,SUV pequeño,PARTICULARES,0,0,0,,,,,,,,,,0,
86,A0080201,A008,2,SSUV,SUV pequeño,PARTICULARES,0,0,0,,,,,,,,,,0,
87,A0080301,A008,3,SSUV,SUV pequeño,PARTICULARES,0,0,0,,,,,,,,,,0,
88,A0080401,A008,4,SSUV,SUV pequeño,PARTICULARES,9,9,0,,,,24852.0,19463.0,0.0,,,,1,0.0
89,A0080501,A008,5,SSUV,SUV pequeño,PARTICULARES,12,4,0,,,,25120.0,19676.0,934.0,,,,1,0.0
90,A0080601,A008,6,SSUV,SUV pequeño,PARTICULARES,92,1,4,,,,24708.0,19349.0,1342.0,,,,0,1.0
91,A0080701,A008,7,SSUV,SUV pequeño,PARTICULARES,120,0,2,,,,24123.0,18884.0,1466.0,,,,0,2.0
92,A0080801,A008,8,SSUV,SUV pequeño,PARTICULARES,153,0,1,,,,24119.0,18880.0,1430.0,,,,0,3.0
93,A0080901,A008,9,SSUV,SUV pequeño,PARTICULARES,235,2,4,,,,24340.0,19056.0,1428.0,,,,0,4.0
94,A0081001,A008,10,SSUV,SUV pequeño,PARTICULARES,286,1,2,,,,24308.0,19030.0,1447.0,,,,0,5.0
95,A0081101,A008,11,SSUV,SUV pequeño,PARTICULARES,294,0,2,,,,24095.0,18861.0,1462.0,,,,0,6.0
96,A0081201,A008,12,SSUV,SUV pequeño,PARTICULARES,337,0,5,,,,24306.0,19029.0,1446.0,,,,0,7.0
97,A0090101,A009,1,SSUV,SUV pequeño,PARTICULARES,260,6,1,,,,23952.0,18747.0,1306.0,,,,0,8.0
98,A0090201,A009,2,SSUV,SUV pequeño,PARTICULARES,289,3,1,250.0,32.0,7.0,23669.0,18522.0,1339.0,32.0,116.0,230.0,0,9.0
99,A0090301,A009,3,SSUV,SUV pequeño,PARTICULARES,272,5,2,208.0,53.0,11.0,24158.0,18911.0,1319.0,30.0,120.0,229.0,0,10.0
100,A0090401,A009,4,SSUV,SUV pequeño,PARTICULARES,278,1,3,210.0,59.0,9.0,23994.0,18781.0,1326.0,25.0,128.0,211.0,0,11.0
101,A0090501,A009,5,SSUV,SUV pequeño,PARTICULARES,282,7,1,214.0,54.0,14.0,23722.0,18565.0,1333.0,34.0,136.0,232.0,0,12.0
102,A0090601,A009,6,SSUV,SUV pequeño,PARTICULARES,332,0,0,247.0,53.0,32.0,23769.0,18601.0,1365.0,31.0,128.0,248.0,0,13.0
103,A0090701,A009,7,SSUV,SUV pequeño,PARTICULARES,278,1,0,195.0,50.0,33.0,23782.0,18612.0,1325.0,29.0,129.0,232.0,0,14.0
104,A0090801,A009,8,SSUV,SUV pequeño,PARTICULARES,193,0,1,161.0,16.0,16.0,23744.0,18582.0,1392.0,25.0,134.0,247.0,0,15.0
105,A0090901,A009,9,SSUV,SUV pequeño,PARTICULARES,335,5,1,286.0,25.0,24.0,23638.0,18498.0,1538.0,27.0,127.0,273.0,0,16.0
106,A0091001,A009,10,SSUV,SUV pequeño,PARTICULARES,319,2,1,278.0,21.0,20.0,23807.0,18632.0,1523.0,30.0,122.0,292.0,0,17.0
107,A0091101,A009,11,SSUV,SUV pequeño,PARTICULARES,290,2,1,249.0,18.0,23.0,23701.0,18547.0,1525.0,29.0,121.0,282.0,0,18.0
108,A0091201,A009,12,SSUV,SUV pequeño,PARTICULARES,350,5,2,292.0,44.0,14.0,23586.0,18456.0,1507.0,31.0,116.0,273.0,0,19.0
109,A0100101,A010,1,SSUV,SUV pequeño,PARTICULARES,256,1,1,202.0,38.0,16.0,23621.0,18484.0,1504.0,34.0,124.0,252.0,0,20.0
110,A0100201,A010,2,SSUV,SUV pequeño,PARTICULARES,204,6,0,128.0,57.0,19.0,23331.0,18254.0,1583.0,44.0,131.0,248.0,1,0.0
111,A0100301,A010,3,SSUV,SUV pequeño,PARTICULARES,311,6,3,254.0,38.0,19.0,23874.0,18686.0,1525.0,21.0,130.0,294.0,0,1.0
112,A0100401,A010,4,SSUV,SUV pequeño,PARTICULARES,351,1,5,320.0,18.0,13.0,23994.0,18781.0,1560.0,24.0,128.0,300.0,0,2.0
113,A0100501,A010,5,SSUV,SUV pequeño,PARTICULARES,318,2,1,302.0,7.0,9.0,23786.0,18615.0,1595.0,30.0,137.0,241.0,0,3.0
114,A0100601,A010,6,SSUV,SUV pequeño,PARTICULARES,307,10,1,260.0,36.0,11.0,23979.0,18769.0,1564.0,35.0,112.0,263.0,0,4.0
115,A0100701,A010,7,SSUV,SUV pequeño,PARTICULARES,315,5,1,250.0,56.0,9.0,23942.0,18739.0,1686.0,33.0,116.0,316.0,0,5.0
116,A0100801,A010,8,SSUV,SUV pequeño,PARTICULARES,291,2,0,238.0,50.0,3.0,23974.0,18765.0,1696.0,30.0,124.0,279.0,0,6.0
117,A0100901,A010,9,SSUV,SUV pequeño,PARTICULARES,299,9,0,243.0,46.0,10.0,24105.0,18869.0,1726.0,33.0,133.0,228.0,0,7.0
118,A0101001,A010,10,SSUV,SUV pequeño,PARTICULARES,262,3,2,212.0,43.0,7.0,24177.0,18927.0,1696.0,29.0,128.0,225.0,0,8.0
119,A0101101,A010,11,SSUV,SUV pequeño,PARTICULARES,303,5,1,229.0,44.0,30.0,24217.0,18958.0,1806.0,31.0,126.0,231.0,0,9.0
120,A0101201,A010,12,SSUV,SUV pequeño,PARTICULARES,372,14,1,289.0,56.0,27.0,24077.0,18847.0,1744.0,32.0,134.0,234.0,0,10.0
121,A0110101,A011,1,SSUV,SUV pequeño,PARTICULARES,309,4,2,255.0,28.0,26.0,24082.0,18851.0,1842.0,27.0,131.0,246.0,0,11.0
122,A0110201,A011,2,SSUV,SUV pequeño,PARTICULARES,356,4,2,282.0,43.0,31.0,23873.0,18685.0,2037.0,33.0,129.0,243.0,0,12.0
123,A0110301,A011,3,SSUV,SUV pequeño,PARTICULARES,398,2,0,332.0,44.0,22.0,23961.0,18754.0,2201.0,31.0,126.0,259.0,0,13.0
124,A0110401,A011,4,SSUV,SUV pequeño,PARTICULARES,325,2,1,266.0,41.0,18.0,23929.0,18729.0,2127.0,26.0,124.0,248.0,0,14.0
125,A0110501,A011,5,SSUV,SUV pequeño,PARTICULARES,321,3,1,260.0,42.0,19.0,23779.0,18610.0,2047.0,27.0,125.0,268.0,0,15.0
126,A0110601,A011,6,SSUV,SUV pequeño,PARTICULARES,374,14,1,325.0,28.0,21.0,24018.0,18800.0,2059.0,28.0,134.0,263.0,0,16.0
127,A0110701,A011,7,SSUV,SUV pequeño,PARTICULARES,318,2,0,240.0,46.0,32.0,23592.0,18461.0,1981.0,32.0,121.0,242.0,0,17.0
128,A0110801,A011,8,SSUV,SUV pequeño,PARTICULARES,427,9,1,344.0,46.0,37.0,23777.0,18608.0,2455.0,28.0,124.0,261.0,1,0.0
129,A0110901,A011,9,SSUV,SUV pequeño,PARTICULARES,265,4,1,259.0,5.0,1.0,23964.0,18757.0,1890.0,26.0,117.0,311.0,1,0.0
130,A0111001,A011,10,SSUV,SUV pequeño,PARTICULARES,364,3,2,361.0,3.0,0.0,24055.0,18829.0,1811.0,26.0,115.0,,0,1.0
131,A0111101,A011,11,SSUV,SUV pequeño,PARTICULARES,449,14,0,433.0,15.0,1.0,24187.0,18934.0,2170.0,31.0,115.0,274.0,0,2.0
132,A0111201,A011,12,SSUV,SUV pequeño,PARTICULARES,524,1,0,495.0,28.0,1.0,24123.0,18883.0,2221.0,29.0,108.0,213.0,0,3.0
133,A0120101,A012,1,SSUV,SUV pequeño,PARTICULARES,434,3,1,393.0,38.0,3.0,24287.0,19014.0,2239.0,31.0,115.0,240.0,0,4.0
134,A0120201,A012,2,SSUV,SUV pequeño,PARTICULARES,395,1,2,350.0,41.0,4.0,24058.0,18831.0,2326.0,42.0,123.0,209.0,0,5.0
135,A0120301,A012,3,SSUV,SUV pequeño,PARTICULARES,411,0,0,308.0,93.0,10.0,23902.0,18708.0,2447.0,37.0,118.0,194.0,0,6.0
136,A0120401,A012,4,SSUV,SUV pequeño,PARTICULARES,416,5,1,356.0,58.0,2.0,24029.0,18808.0,2349.0,25.0,118.0,194.0,0,7.0
137,A0120501,A012,5,SSUV,SUV pequeño,PARTICULARES,476,2,2,420.0,46.0,10.0,24007.0,18791.0,2365.0,27.0,131.0,198.0,0,8.0
138,A0120601,A012,6,SSUV,SUV pequeño,PARTICULARES,391,5,0,348.0,34.0,9.0,24144.0,18900.0,2284.0,32.0,135.0,203.0,0,9.0
139,A0120701,A012,7,SSUV,SUV pequeño,PARTICULARES,374,2,0,331.0,38.0,5.0,24010.0,18793.0,2266.0,33.0,119.0,207.0,0,10.0
140,A0120801,A012,8,SSUV,SUV pequeño,PARTICULARES,322,1,0,294.0,27.0,1.0,23887.0,18696.0,2265.0,26.0,116.0,255.0,0,11.0
141,A0120901,A012,9,SSUV,SUV pequeño,PARTICULARES,382,7,1,332.0,43.0,7.0,23988.0,18776.0,2221.0,34.0,127.0,213.0,0,12.0
142,A0121001,A012,10,SSUV,SUV pequeño,PARTICULARES,379,0,0,318.0,54.0,7.0,24125.0,18885.0,2225.0,34.0,119.0,215.0,0,13.0
143,A0121101,A012,11,SSUV,SUV pequeño,PARTICULARES,489,0,1,387.0,94.0,8.0,23898.0,18705.0,2537.0,38.0,111.0,216.0,0,14.0
144,A0121201,A012,12,SSUV,SUV pequeño,PARTICULARES,439,100,1,295.0,130.0,14.0,23979.0,18769.0,2146.0,48.0,121.0,214.0,0,15.0
